/*
 Navicat Premium Dump SQL

 Source Server         : 127.0.0.1
 Source Server Type    : MySQL
 Source Server Version : 80031 (8.0.31)
 Source Host           : 127.0.0.1:3306
 Source Schema         : mdp

 Target Server Type    : MySQL
 Target Server Version : 80031 (8.0.31)
 File Encoding         : 65001

 Date: 03/02/2026 09:46:20
*/

SET NAMES utf8mb4;
SET FOREIGN_KEY_CHECKS = 0;

-- ----------------------------
-- Table structure for mdc_config
-- ----------------------------
DROP TABLE IF EXISTS `mdc_config`;
CREATE TABLE `mdc_config` (
  `id` bigint NOT NULL COMMENT '参数ID',
  `config_group` varchar(100) CHARACTER SET utf8mb4 COLLATE utf8mb4_general_ci DEFAULT NULL COMMENT '参数分组',
  `uniq_key` varchar(255) CHARACTER SET utf8mb4 COLLATE utf8mb4_general_ci NOT NULL COMMENT '参数标识',
  `name` varchar(255) CHARACTER SET utf8mb4 COLLATE utf8mb4_general_ci NOT NULL COMMENT '参数名称',
  `value` varchar(5120) CHARACTER SET utf8mb4 COLLATE utf8mb4_general_ci NOT NULL COMMENT '参数值',
  `data_type` char(1) CHARACTER SET utf8mb4 COLLATE utf8mb4_general_ci NOT NULL DEFAULT '1' COMMENT '数据类型\n[1-字符串 2-整型 3-布尔]',
  `state` bit(1) DEFAULT b'1' COMMENT '状态\n[1-启用 0-禁用]',
  `remark` varchar(255) CHARACTER SET utf8mb4 COLLATE utf8mb4_general_ci DEFAULT NULL COMMENT '备注',
  `org_id` bigint DEFAULT NULL COMMENT '当前机构id',
  `created_at` datetime(3) DEFAULT NULL COMMENT '创建时间',
  `created_by` bigint DEFAULT NULL COMMENT '创建用户',
  `updated_at` datetime(3) DEFAULT NULL COMMENT '更新时间',
  `updated_by` bigint DEFAULT NULL COMMENT '更新用户',
  `deleted_at` bigint NOT NULL DEFAULT '0' COMMENT '删除标识',
  `deleted_by` bigint DEFAULT NULL COMMENT '删除用户',
  PRIMARY KEY (`id`) USING BTREE,
  UNIQUE KEY `uk_org_key` ((ifnull(`org_id`,0)),`uniq_key`,`deleted_at`) USING BTREE
) ENGINE=InnoDB DEFAULT CHARSET=utf8mb4 COLLATE=utf8mb4_general_ci COMMENT='系统配置';

-- ----------------------------
-- Records of mdc_config
-- ----------------------------
BEGIN;
INSERT INTO `mdc_config` (`id`, `config_group`, `uniq_key`, `name`, `value`, `data_type`, `state`, `remark`, `org_id`, `created_at`, `created_by`, `updated_at`, `updated_by`, `deleted_at`, `deleted_by`) VALUES (26733401164308480, 'other', '1221', '1', '1', '3', b'1', '11', 1451532727697276927, '2025-11-26 00:59:35.830', 680083598598475778, '2025-11-26 00:59:35.830', 680083598598475778, 0, NULL);
INSERT INTO `mdc_config` (`id`, `config_group`, `uniq_key`, `name`, `value`, `data_type`, `state`, `remark`, `org_id`, `created_at`, `created_by`, `updated_at`, `updated_by`, `deleted_at`, `deleted_by`) VALUES (36729387790033921, 'message', 'NOTICE', '站内信消息模板标识', 'NOTICE', '1', b'1', '系统内置，请勿删除。\n配置值为【mdc_msg_template】表中msgType为【站内信】的【key】值', NULL, '2025-12-22 23:36:31.582', 680083598598475778, '2025-12-22 23:38:54.997', 680083598598475778, 0, NULL);
INSERT INTO `mdc_config` (`id`, `config_group`, `uniq_key`, `name`, `value`, `data_type`, `state`, `remark`, `org_id`, `created_at`, `created_by`, `updated_at`, `updated_by`, `deleted_at`, `deleted_by`) VALUES (38389564448642060, 'system', 'LOGIN_CAPTCHA_ENABLED', '账号密码登录时验证码是否启用', 'true', '3', b'1', '内置参数，请勿删除', NULL, '2025-12-27 13:54:50.728', 680083598598475778, '2025-12-27 13:55:32.668', 680083598598475778, 0, NULL);
INSERT INTO `mdc_config` (`id`, `config_group`, `uniq_key`, `name`, `value`, `data_type`, `state`, `remark`, `org_id`, `created_at`, `created_by`, `updated_at`, `updated_by`, `deleted_at`, `deleted_by`) VALUES (687032774079060992, 'system', 'PASSWORD_ERROR_LOCK_ACCOUNT', '密码错误几次后锁定账号', '5', '2', b'1', '示例： 1m: 1分钟后1h: 1小时后  4d: 4天后     2w: 2周后 3M: 3个月后  5y: 5年后\n支持的单位： \nm: 分钟\nh: 小时\nd: 天\nw: 周\nM: 月\ny: 年', NULL, '2025-10-10 12:11:35.867', 11, '2025-10-24 20:07:41.739', 11, 0, NULL);
INSERT INTO `mdc_config` (`id`, `config_group`, `uniq_key`, `name`, `value`, `data_type`, `state`, `remark`, `org_id`, `created_at`, `created_by`, `updated_at`, `updated_by`, `deleted_at`, `deleted_by`) VALUES (690953263176493056, 'system', 'PASSWORD_ERROR_LOCK_USER_TIME', '密码错误锁定用户时间', '0', '1', b'1', '示例： 0: 今天结束  1m: 1分钟后1h: 1小时后  4d: 4天后     2w: 2周后 3M: 3个月后  5y: 5年后\n支持的单位： \nm: 分钟\nh: 小时\nd: 天\nw: 周\nM: 月\ny: 年', NULL, '2025-10-20 23:37:19.606', 11, '2025-10-20 23:37:19.606', 11, 0, NULL);
INSERT INTO `mdc_config` (`id`, `config_group`, `uniq_key`, `name`, `value`, `data_type`, `state`, `remark`, `org_id`, `created_at`, `created_by`, `updated_at`, `updated_by`, `deleted_at`, `deleted_by`) VALUES (690953263176493057, 'system', 'NOT_ALLOW_WRITE', '是否禁止新增修改数据', 'false', '3', b'1', '是否禁止写入，演示环境专用', NULL, '2025-10-20 23:43:45.764', 11, '2025-10-20 23:45:52.481', 11, 0, NULL);
INSERT INTO `mdc_config` (`id`, `config_group`, `uniq_key`, `name`, `value`, `data_type`, `state`, `remark`, `org_id`, `created_at`, `created_by`, `updated_at`, `updated_by`, `deleted_at`, `deleted_by`) VALUES (692076706362047488, 'system', 'PASSWORD_EXPIRE_TIME', '密码有效期', '3M', '1', b'1', '内置参数，请勿删除', NULL, '2025-10-24 20:07:24.517', 11, '2025-12-27 13:55:39.037', 680083598598475778, 0, NULL);
INSERT INTO `mdc_config` (`id`, `config_group`, `uniq_key`, `name`, `value`, `data_type`, `state`, `remark`, `org_id`, `created_at`, `created_by`, `updated_at`, `updated_by`, `deleted_at`, `deleted_by`) VALUES (692076706362047489, 'system', 'PASSWORD_EXPIRE_NOT_ALLOW_LOGIN', '是否密码过期后不允许登录', 'false', '3', b'1', 'true：用户的登录密码过期后，无法登录\nfalse：用户的登录密码过期后，仍然可以登录', NULL, '2025-10-24 20:08:39.738', 11, '2025-10-24 20:08:39.738', 11, 0, NULL);
INSERT INTO `mdc_config` (`id`, `config_group`, `uniq_key`, `name`, `value`, `data_type`, `state`, `remark`, `org_id`, `created_at`, `created_by`, `updated_at`, `updated_by`, `deleted_at`, `deleted_by`) VALUES (693756029984868365, 'open', 'ApplicationNewRefresh', 'Refresh-Token 刷新策略', 'false', '3', b'1', 'Refresh-Token 刷新策略，true=每次构建新 RefreshToken，false=每次延用旧RefreshToken ', NULL, '2025-10-28 16:35:27.435', 680083598598475778, '2025-10-28 16:35:27.435', 680083598598475778, 0, NULL);
INSERT INTO `mdc_config` (`id`, `config_group`, `uniq_key`, `name`, `value`, `data_type`, `state`, `remark`, `org_id`, `created_at`, `created_by`, `updated_at`, `updated_by`, `deleted_at`, `deleted_by`) VALUES (693756029984868366, 'open', 'AppAccessTokenTimeout', 'Access-Token有效期', '7200', '2', b'1', '默认 Access-Token 有效期，单位（秒）', NULL, '2025-10-28 16:37:19.073', 680083598598475778, '2025-10-28 16:40:29.292', 680083598598475778, 0, NULL);
INSERT INTO `mdc_config` (`id`, `config_group`, `uniq_key`, `name`, `value`, `data_type`, `state`, `remark`, `org_id`, `created_at`, `created_by`, `updated_at`, `updated_by`, `deleted_at`, `deleted_by`) VALUES (693756029984868367, 'open', 'AppRefreshTokenTimeout', 'Refresh-Token有效期', '2592000', '2', b'1', '默认Refresh-Token有效期，单位（秒）', NULL, '2025-10-28 16:40:17.666', 680083598598475778, '2025-10-28 16:42:21.013', 680083598598475778, 0, NULL);
INSERT INTO `mdc_config` (`id`, `config_group`, `uniq_key`, `name`, `value`, `data_type`, `state`, `remark`, `org_id`, `created_at`, `created_by`, `updated_at`, `updated_by`, `deleted_at`, `deleted_by`) VALUES (693756029984868368, 'open', 'AppClientTokenTimeout', 'Client-Token有效期', '7200', '2', b'1', '默认 Client-Token 有效期（秒）', NULL, '2025-10-28 16:41:09.523', 680083598598475778, '2025-10-28 16:42:07.720', 680083598598475778, 0, NULL);
INSERT INTO `mdc_config` (`id`, `config_group`, `uniq_key`, `name`, `value`, `data_type`, `state`, `remark`, `org_id`, `created_at`, `created_by`, `updated_at`, `updated_by`, `deleted_at`, `deleted_by`) VALUES (693756029984868369, 'open', 'AppLowerClientTokenTimeout', 'Lower-Client-Token有效期', '7200', '2', b'1', '默认 Lower-Client-Token有效期（秒）', NULL, '2025-10-28 16:41:52.637', 680083598598475778, '2025-10-28 16:42:59.812', 680083598598475778, 0, NULL);
INSERT INTO `mdc_config` (`id`, `config_group`, `uniq_key`, `name`, `value`, `data_type`, `state`, `remark`, `org_id`, `created_at`, `created_by`, `updated_at`, `updated_by`, `deleted_at`, `deleted_by`) VALUES (694656293784814592, 'open', 'TornaServerAddr', 'Torna服务器地址', 'http://localhost:27700/api', '1', b'1', '用于【文档管理】界面，同步第三方文档\n注意，请以/api结尾', NULL, '2025-10-30 23:27:21.412', 680083598598475778, '2026-01-14 10:06:17.145', 680083598598475778, 0, NULL);
COMMIT;

-- ----------------------------
-- Table structure for mdc_dict
-- ----------------------------
DROP TABLE IF EXISTS `mdc_dict`;
CREATE TABLE `mdc_dict` (
  `id` bigint NOT NULL COMMENT 'ID',
  `item_type` char(2) CHARACTER SET utf8mb4 COLLATE utf8mb4_general_ci NOT NULL DEFAULT '01' COMMENT '字典项结构\n[01-列表 02-树结构]',
  `dict_group` varchar(100) CHARACTER SET utf8mb4 COLLATE utf8mb4_general_ci DEFAULT NULL COMMENT '字典分组',
  `dict_type` char(2) CHARACTER SET utf8mb4 COLLATE utf8mb4_general_ci NOT NULL DEFAULT '30' COMMENT '字典类型\n[10-系统字典 20-枚举字典 30-业务字典]',
  `data_type` char(1) CHARACTER SET utf8mb4 COLLATE utf8mb4_general_ci NOT NULL DEFAULT '1' COMMENT '数据类型\n[1-字符串 2-整型 3-布尔]',
  `uniq_key` varchar(255) CHARACTER SET utf8mb4 COLLATE utf8mb4_general_ci NOT NULL DEFAULT '' COMMENT '标识',
  `name` varchar(255) CHARACTER SET utf8mb4 COLLATE utf8mb4_general_ci NOT NULL DEFAULT '' COMMENT '名称',
  `state` bit(1) NOT NULL DEFAULT b'1' COMMENT '状态',
  `remark` varchar(255) CHARACTER SET utf8mb4 COLLATE utf8mb4_general_ci DEFAULT '' COMMENT '备注',
  `created_by` bigint DEFAULT NULL COMMENT '创建人',
  `created_at` datetime(3) DEFAULT NULL COMMENT '创建时间',
  `updated_by` bigint DEFAULT NULL COMMENT '更新人',
  `updated_at` datetime(3) DEFAULT NULL COMMENT '更新时间',
  PRIMARY KEY (`id`) USING BTREE,
  UNIQUE KEY `uk_uniq` (`uniq_key`) USING BTREE,
  KEY `IDX_GROUP_KEY` (`dict_group`,`uniq_key`) COMMENT '分组和标识'
) ENGINE=InnoDB DEFAULT CHARSET=utf8mb4 COLLATE=utf8mb4_general_ci COMMENT='字典';

-- ----------------------------
-- Records of mdc_dict
-- ----------------------------
BEGIN;
INSERT INTO `mdc_dict` (`id`, `item_type`, `dict_group`, `dict_type`, `data_type`, `uniq_key`, `name`, `state`, `remark`, `created_by`, `created_at`, `updated_by`, `updated_at`) VALUES (27094573554165766, '01', 'open', '20', '2', 'ScopeLevelEnum', '应用权限等级-枚举', b'1', '枚举导入', 680083598598475778, '2025-11-27 00:44:40.020', 680083598598475778, '2025-11-27 00:44:40.020');
INSERT INTO `mdc_dict` (`id`, `item_type`, `dict_group`, `dict_type`, `data_type`, `uniq_key`, `name`, `state`, `remark`, `created_by`, `created_at`, `updated_by`, `updated_at`) VALUES (28857597499663360, '01', 'authority', '20', '1', 'RoleTypeEnum', '角色类型枚举', b'1', '枚举导入', 680083598598475778, '2025-12-01 18:22:58.580', 680083598598475778, '2025-12-01 18:22:58.580');
INSERT INTO `mdc_dict` (`id`, `item_type`, `dict_group`, `dict_type`, `data_type`, `uniq_key`, `name`, `state`, `remark`, `created_by`, `created_at`, `updated_by`, `updated_at`) VALUES (28857597499663364, '01', 'authority', '20', '1', 'RoleCategoryEnum', '角色分类枚举', b'1', '枚举导入', 680083598598475778, '2025-12-01 18:22:58.590', 680083598598475778, '2025-12-01 18:22:58.590');
INSERT INTO `mdc_dict` (`id`, `item_type`, `dict_group`, `dict_type`, `data_type`, `uniq_key`, `name`, `state`, `remark`, `created_by`, `created_at`, `updated_by`, `updated_at`) VALUES (28857597499663368, '01', 'org', '20', '2', 'OrgNatureEnum', '组织性质-枚举', b'1', '枚举导入', 680083598598475778, '2025-12-01 18:23:13.024', 680083598598475778, '2025-12-01 18:23:13.024');
INSERT INTO `mdc_dict` (`id`, `item_type`, `dict_group`, `dict_type`, `data_type`, `uniq_key`, `name`, `state`, `remark`, `created_by`, `created_at`, `updated_by`, `updated_at`) VALUES (33653650040210456, '01', 'workbench', '20', '1', 'LoginEventTypeEnum', '事件类型-枚举', b'1', '枚举导入', 680083598598475778, '2025-12-14 17:02:17.230', 680083598598475778, '2025-12-14 17:02:17.230');
INSERT INTO `mdc_dict` (`id`, `item_type`, `dict_group`, `dict_type`, `data_type`, `uniq_key`, `name`, `state`, `remark`, `created_by`, `created_at`, `updated_by`, `updated_at`) VALUES (33653650040210462, '01', 'workbench', '20', '1', 'LoginStatusEnum', '登录状态-枚举', b'1', '枚举导入', 680083598598475778, '2025-12-14 17:02:17.236', 680083598598475778, '2025-12-14 17:02:17.236');
INSERT INTO `mdc_dict` (`id`, `item_type`, `dict_group`, `dict_type`, `data_type`, `uniq_key`, `name`, `state`, `remark`, `created_by`, `created_at`, `updated_by`, `updated_at`) VALUES (33653650040210465, '01', 'workbench', '20', '1', 'AuthTypeEnum', '认证方式-枚举', b'1', '枚举导入', 680083598598475778, '2025-12-14 17:02:17.237', 680083598598475778, '2025-12-14 17:02:17.237');
INSERT INTO `mdc_dict` (`id`, `item_type`, `dict_group`, `dict_type`, `data_type`, `uniq_key`, `name`, `state`, `remark`, `created_by`, `created_at`, `updated_by`, `updated_at`) VALUES (33653650040210470, '01', 'workbench', '20', '1', 'LoginChannelEnum', '登录渠道-枚举', b'1', '枚举导入', 680083598598475778, '2025-12-14 17:02:17.238', 680083598598475778, '2025-12-14 17:02:17.238');
INSERT INTO `mdc_dict` (`id`, `item_type`, `dict_group`, `dict_type`, `data_type`, `uniq_key`, `name`, `state`, `remark`, `created_by`, `created_at`, `updated_by`, `updated_at`) VALUES (36547152327661612, '01', 'message', '20', '2', 'InterfaceExecModeEnum', '接口执行模式-枚举', b'1', '枚举导入', 680083598598475778, '2025-12-22 14:27:32.041', 680083598598475778, '2025-12-22 14:27:32.041');
INSERT INTO `mdc_dict` (`id`, `item_type`, `dict_group`, `dict_type`, `data_type`, `uniq_key`, `name`, `state`, `remark`, `created_by`, `created_at`, `updated_by`, `updated_at`) VALUES (36547152327661616, '01', 'message', '20', '2', 'MsgTypeEnum', '消息类型-枚举', b'1', '枚举导入', 680083598598475778, '2025-12-22 14:27:32.045', 680083598598475778, '2025-12-22 14:27:32.045');
INSERT INTO `mdc_dict` (`id`, `item_type`, `dict_group`, `dict_type`, `data_type`, `uniq_key`, `name`, `state`, `remark`, `created_by`, `created_at`, `updated_by`, `updated_at`) VALUES (36547152327661620, '01', 'message', '20', '2', 'MsgInterfaceLogStatusEnum', '接口执行日志状态-枚举', b'1', '枚举导入', 680083598598475778, '2025-12-22 14:27:32.045', 680083598598475778, '2025-12-22 14:27:32.045');
INSERT INTO `mdc_dict` (`id`, `item_type`, `dict_group`, `dict_type`, `data_type`, `uniq_key`, `name`, `state`, `remark`, `created_by`, `created_at`, `updated_by`, `updated_at`) VALUES (36547152327661624, '01', 'message', '20', '2', 'MsgTaskStatusEnum', '消息执行状态-枚举', b'1', '枚举导入', 680083598598475778, '2025-12-22 14:27:32.047', 680083598598475778, '2025-12-22 14:27:32.047');
INSERT INTO `mdc_dict` (`id`, `item_type`, `dict_group`, `dict_type`, `data_type`, `uniq_key`, `name`, `state`, `remark`, `created_by`, `created_at`, `updated_by`, `updated_at`) VALUES (36547152327661629, '01', 'message', '20', '2', 'MsgCategoryEnum', '消息分类-枚举', b'1', '枚举导入', 680083598598475778, '2025-12-22 14:27:32.047', 680083598598475778, '2025-12-22 14:27:32.047');
INSERT INTO `mdc_dict` (`id`, `item_type`, `dict_group`, `dict_type`, `data_type`, `uniq_key`, `name`, `state`, `remark`, `created_by`, `created_at`, `updated_by`, `updated_at`) VALUES (36547152327661633, '01', 'message', '20', '2', 'MsgRecipientScopeEnum', '消息接收范围-枚举', b'1', '枚举导入', 680083598598475778, '2025-12-22 14:27:32.048', 680083598598475778, '2025-12-22 14:27:32.048');
INSERT INTO `mdc_dict` (`id`, `item_type`, `dict_group`, `dict_type`, `data_type`, `uniq_key`, `name`, `state`, `remark`, `created_by`, `created_at`, `updated_by`, `updated_at`) VALUES (36547152327661638, '01', 'message', '20', '2', 'MsgChannelEnum', '发送渠道-枚举', b'1', '枚举导入', 680083598598475778, '2025-12-22 14:27:32.048', 680083598598475778, '2025-12-22 14:27:32.048');
INSERT INTO `mdc_dict` (`id`, `item_type`, `dict_group`, `dict_type`, `data_type`, `uniq_key`, `name`, `state`, `remark`, `created_by`, `created_at`, `updated_by`, `updated_at`) VALUES (41382868891172864, '01', 'open', '20', '2', 'NotifyEncryptionTypeEnum', '加密类型-枚举', b'1', '枚举导入', 680083598598475778, '2026-01-04 12:28:51.324', 680083598598475778, '2026-01-04 12:28:51.324');
INSERT INTO `mdc_dict` (`id`, `item_type`, `dict_group`, `dict_type`, `data_type`, `uniq_key`, `name`, `state`, `remark`, `created_by`, `created_at`, `updated_by`, `updated_at`) VALUES (44703565805825076, '01', 'open', '20', '1', 'ExecStatusEnum', '执行状态-枚举', b'1', '枚举导入', 680083598598475778, '2026-01-13 12:26:32.152', 680083598598475778, '2026-01-13 12:26:32.152');
INSERT INTO `mdc_dict` (`id`, `item_type`, `dict_group`, `dict_type`, `data_type`, `uniq_key`, `name`, `state`, `remark`, `created_by`, `created_at`, `updated_by`, `updated_at`) VALUES (281139711563530588, '01', NULL, '10', '1', 'LOGIN_STATUS', '登录状态', b'1', '[01-登录成功 02-验证码错误 03-密码错误 04-账号锁定 05-切换租户 06-短信验证码错误]', 1452186486253289472, '2022-10-12 17:50:44.000', 11, '2025-09-15 00:16:37.189');
INSERT INTO `mdc_dict` (`id`, `item_type`, `dict_group`, `dict_type`, `data_type`, `uniq_key`, `name`, `state`, `remark`, `created_by`, `created_at`, `updated_by`, `updated_at`) VALUES (630624567694850048, '01', NULL, '10', '1', 'APP_CREATION_METHOD', '创建方式', b'1', '[0-后台创建 1-用户申请]', 2, '2025-05-11 11:03:22.000', 11, '2025-09-15 00:16:47.462');
INSERT INTO `mdc_dict` (`id`, `item_type`, `dict_group`, `dict_type`, `data_type`, `uniq_key`, `name`, `state`, `remark`, `created_by`, `created_at`, `updated_by`, `updated_at`) VALUES (663498187247899648, '01', 'system', '20', '1', 'ItemTypeEnum', '字典项类型', b'1', '[01-列表 02-树结构]', NULL, '2025-08-08 00:09:50.000', 11, '2025-09-24 16:39:03.653');
INSERT INTO `mdc_dict` (`id`, `item_type`, `dict_group`, `dict_type`, `data_type`, `uniq_key`, `name`, `state`, `remark`, `created_by`, `created_at`, `updated_by`, `updated_at`) VALUES (665590033889586176, '01', 'authority', '20', '1', 'MenuTypeEnum', '菜单类型-枚举', b'1', '[10-目录  20-菜单 30-内链 40-外链]', 11, '2025-08-13 16:10:05.000', 11, '2025-09-24 16:38:22.745');
INSERT INTO `mdc_dict` (`id`, `item_type`, `dict_group`, `dict_type`, `data_type`, `uniq_key`, `name`, `state`, `remark`, `created_by`, `created_at`, `updated_by`, `updated_at`) VALUES (676984616485625856, '01', 'org', '20', '1', 'OrgTypeEnum', '组织类型', b'1', '[10-公司 20-部门]', 11, '2025-09-13 08:31:53.301', 11, '2025-09-24 15:18:30.926');
INSERT INTO `mdc_dict` (`id`, `item_type`, `dict_group`, `dict_type`, `data_type`, `uniq_key`, `name`, `state`, `remark`, `created_by`, `created_at`, `updated_by`, `updated_at`) VALUES (678169434753842176, '01', 'global', '20', '1', 'Sex', '性别', b'1', '[0-男 1-女]', 11, '2025-09-16 15:15:19.723', 11, '2025-09-24 15:14:05.031');
INSERT INTO `mdc_dict` (`id`, `item_type`, `dict_group`, `dict_type`, `data_type`, `uniq_key`, `name`, `state`, `remark`, `created_by`, `created_at`, `updated_by`, `updated_at`) VALUES (679279005195031552, '01', 'system', '10', '1', 'DICT_I18N', '国际化选项', b'1', '[zh-CN 简体中文 en-US English]', 11, '2025-09-19 12:34:42.472', 11, '2025-09-23 16:21:02.029');
INSERT INTO `mdc_dict` (`id`, `item_type`, `dict_group`, `dict_type`, `data_type`, `uniq_key`, `name`, `state`, `remark`, `created_by`, `created_at`, `updated_by`, `updated_at`) VALUES (679279005195031555, '02', 'global', '10', '1', 'TEST_TREE', '树结构', b'1', '', 11, '2025-09-19 16:54:25.364', 11, '2025-09-23 16:20:51.758');
INSERT INTO `mdc_dict` (`id`, `item_type`, `dict_group`, `dict_type`, `data_type`, `uniq_key`, `name`, `state`, `remark`, `created_by`, `created_at`, `updated_by`, `updated_at`) VALUES (679591528490326016, '01', 'global', '20', '3', 'StateEnum', '状态', b'1', '[false-禁用 true-启用]', 11, '2025-09-20 09:23:36.724', 11, '2025-09-27 00:04:03.839');
INSERT INTO `mdc_dict` (`id`, `item_type`, `dict_group`, `dict_type`, `data_type`, `uniq_key`, `name`, `state`, `remark`, `created_by`, `created_at`, `updated_by`, `updated_at`) VALUES (680576540584979456, '01', 'system', '20', '1', 'DataTypeEnum', '数据类型', b'1', '', 11, '2025-09-23 00:30:05.278', 11, '2025-10-10 07:05:37.889');
INSERT INTO `mdc_dict` (`id`, `item_type`, `dict_group`, `dict_type`, `data_type`, `uniq_key`, `name`, `state`, `remark`, `created_by`, `created_at`, `updated_by`, `updated_at`) VALUES (680576540584979460, '01', 'system', '20', '1', 'DictTypeEnum', '字典类型-枚举', b'1', '[10-系统字典 20-枚举字典 30-业务字典]', 11, '2025-09-23 00:33:00.169', 11, '2025-09-27 00:05:57.483');
INSERT INTO `mdc_dict` (`id`, `item_type`, `dict_group`, `dict_type`, `data_type`, `uniq_key`, `name`, `state`, `remark`, `created_by`, `created_at`, `updated_by`, `updated_at`) VALUES (680576540584979463, '01', 'system', '10', '1', 'DICT_DICT_GROUP', '字典分组', b'1', '', 11, '2025-09-23 00:36:48.933', 11, '2025-09-23 16:19:01.109');
INSERT INTO `mdc_dict` (`id`, `item_type`, `dict_group`, `dict_type`, `data_type`, `uniq_key`, `name`, `state`, `remark`, `created_by`, `created_at`, `updated_by`, `updated_at`) VALUES (681196746747438080, '01', 'global', '20', '3', 'BooleanEnum', '是否-枚举', b'1', '11', 11, '2025-09-24 16:34:39.063', 11, '2025-10-13 00:28:57.662');
INSERT INTO `mdc_dict` (`id`, `item_type`, `dict_group`, `dict_type`, `data_type`, `uniq_key`, `name`, `state`, `remark`, `created_by`, `created_at`, `updated_by`, `updated_at`) VALUES (682034862370618371, '01', 'global', '10', '2', '测试数据类型', '1测试数据类型', b'1', '', 11, '2025-09-27 00:30:34.663', 11, '2025-09-27 01:17:18.839');
INSERT INTO `mdc_dict` (`id`, `item_type`, `dict_group`, `dict_type`, `data_type`, `uniq_key`, `name`, `state`, `remark`, `created_by`, `created_at`, `updated_by`, `updated_at`) VALUES (686986968252847104, '01', 'system', '10', '1', 'CONFIG_GROUP', '参数分组', b'1', '', 11, '2025-10-10 07:10:14.108', 11, '2025-10-10 07:10:14.108');
INSERT INTO `mdc_dict` (`id`, `item_type`, `dict_group`, `dict_type`, `data_type`, `uniq_key`, `name`, `state`, `remark`, `created_by`, `created_at`, `updated_by`, `updated_at`) VALUES (688313894103983104, '01', 'system', '10', '1', 'DICT_PROP_TYPE', '字典组件属性', b'1', '', 11, '2025-10-14 00:35:53.994', 11, '2025-10-14 00:35:53.994');
INSERT INTO `mdc_dict` (`id`, `item_type`, `dict_group`, `dict_type`, `data_type`, `uniq_key`, `name`, `state`, `remark`, `created_by`, `created_at`, `updated_by`, `updated_at`) VALUES (688980301229631500, '01', 'global', '10', '2', 'int', 'int', b'1', '', 11, '2025-10-15 22:55:04.301', 11, '2025-10-15 23:25:16.010');
INSERT INTO `mdc_dict` (`id`, `item_type`, `dict_group`, `dict_type`, `data_type`, `uniq_key`, `name`, `state`, `remark`, `created_by`, `created_at`, `updated_by`, `updated_at`) VALUES (693088965729212417, '01', 'open', '20', '1', 'AppTypeEnum', '应用类型-枚举', b'1', '枚举导入', 680083598598475778, '2025-10-26 18:27:01.820', 680083598598475778, '2025-10-26 18:27:01.820');
INSERT INTO `mdc_dict` (`id`, `item_type`, `dict_group`, `dict_type`, `data_type`, `uniq_key`, `name`, `state`, `remark`, `created_by`, `created_at`, `updated_by`, `updated_at`) VALUES (693101472673979392, '01', 'open', '20', '1', 'AppLoginTypeEnum', '应用登录方式-枚举', b'1', '枚举导入', 680083598598475778, '2025-10-26 18:31:24.079', 680083598598475778, '2025-10-26 18:31:24.079');
INSERT INTO `mdc_dict` (`id`, `item_type`, `dict_group`, `dict_type`, `data_type`, `uniq_key`, `name`, `state`, `remark`, `created_by`, `created_at`, `updated_by`, `updated_at`) VALUES (693756029984868354, '01', 'open', '10', '2', 'AppNewRefresh', 'RefreshToken刷新策略', b'1', '[0-否 1-是 -1-全局配置]', 680083598598475778, '2025-10-28 15:23:33.969', 680083598598475778, '2025-10-28 15:23:33.969');
INSERT INTO `mdc_dict` (`id`, `item_type`, `dict_group`, `dict_type`, `data_type`, `uniq_key`, `name`, `state`, `remark`, `created_by`, `created_at`, `updated_by`, `updated_at`) VALUES (693756029984868358, '01', 'open', '10', '1', 'AppAllowGrantTypes', '允许的授权类型', b'1', 'authorization_code,implicit,refresh_token,password,client_credentials', 680083598598475778, '2025-10-28 15:28:36.381', 680083598598475778, '2025-10-28 15:28:36.381');
INSERT INTO `mdc_dict` (`id`, `item_type`, `dict_group`, `dict_type`, `data_type`, `uniq_key`, `name`, `state`, `remark`, `created_by`, `created_at`, `updated_by`, `updated_at`) VALUES (694171744164417536, '01', 'open', '20', '2', 'KeyFormat', '秘钥格式', b'1', '枚举导入', 680083598598475778, '2025-10-29 15:41:21.091', 680083598598475778, '2025-10-29 15:43:43.397');
INSERT INTO `mdc_dict` (`id`, `item_type`, `dict_group`, `dict_type`, `data_type`, `uniq_key`, `name`, `state`, `remark`, `created_by`, `created_at`, `updated_by`, `updated_at`) VALUES (694522015927279616, '01', 'open', '20', '2', 'RegSourceEnum', 'RegSourceEnum', b'1', '枚举导入', 680083598598475778, '2025-10-30 14:20:32.560', 680083598598475778, '2025-10-30 14:24:51.467');
INSERT INTO `mdc_dict` (`id`, `item_type`, `dict_group`, `dict_type`, `data_type`, `uniq_key`, `name`, `state`, `remark`, `created_by`, `created_at`, `updated_by`, `updated_at`) VALUES (694522015927279619, '01', 'open', '20', '2', 'ApiModeEnum', 'ApiModeEnum', b'1', '枚举导入', 680083598598475778, '2025-10-30 14:20:32.580', 680083598598475778, '2025-10-30 14:24:48.377');
INSERT INTO `mdc_dict` (`id`, `item_type`, `dict_group`, `dict_type`, `data_type`, `uniq_key`, `name`, `state`, `remark`, `created_by`, `created_at`, `updated_by`, `updated_at`) VALUES (697244479732118536, '01', 'open', '20', '2', 'AuditStatusEnum', '审核状态-枚举', b'1', '枚举导入', 680083598598475778, '2025-11-07 00:05:50.405', 680083598598475778, '2026-01-14 16:07:46.345');
COMMIT;

-- ----------------------------
-- Table structure for mdc_dict_item
-- ----------------------------
DROP TABLE IF EXISTS `mdc_dict_item`;
CREATE TABLE `mdc_dict_item` (
  `id` bigint NOT NULL COMMENT 'ID',
  `dict_id` bigint NOT NULL COMMENT '所属字典',
  `parent_id` bigint DEFAULT NULL COMMENT '父节点',
  `uniq_key` varchar(255) CHARACTER SET utf8mb4 COLLATE utf8mb4_general_ci NOT NULL DEFAULT '' COMMENT '标识',
  `name` varchar(255) CHARACTER SET utf8mb4 COLLATE utf8mb4_general_ci NOT NULL DEFAULT '' COMMENT '名称',
  `data_type` char(1) CHARACTER SET utf8mb4 COLLATE utf8mb4_general_ci NOT NULL DEFAULT '1' COMMENT '数据类型\n[1-字符串 2-整型 3-布尔]',
  `dict_type` char(2) CHARACTER SET utf8mb4 COLLATE utf8mb4_general_ci NOT NULL DEFAULT '30' COMMENT '字典类型\n[10-系统字典 20-枚举字典 30-业务字典]',
  `tree_path` varchar(1024) CHARACTER SET utf8mb4 COLLATE utf8mb4_general_ci NOT NULL COMMENT '树路径',
  `state` bit(1) NOT NULL DEFAULT b'1' COMMENT '状态',
  `remark` varchar(255) CHARACTER SET utf8mb4 COLLATE utf8mb4_general_ci DEFAULT '' COMMENT '备注',
  `weight` int NOT NULL DEFAULT '1' COMMENT '排序',
  `icon` varchar(255) CHARACTER SET utf8mb4 COLLATE utf8mb4_general_ci DEFAULT '' COMMENT '图标',
  `css_style` varchar(255) CHARACTER SET utf8mb4 COLLATE utf8mb4_general_ci DEFAULT '' COMMENT '组件样式',
  `css_class` varchar(255) CHARACTER SET utf8mb4 COLLATE utf8mb4_general_ci DEFAULT '' COMMENT '组件类名',
  `prop_type` varchar(255) CHARACTER SET utf8mb4 COLLATE utf8mb4_general_ci DEFAULT '' COMMENT '组件属性\n用于Tag时，用于配置color属性\n用于Button时，用于配置type属性',
  `i18n_json` varchar(5120) CHARACTER SET utf8mb4 COLLATE utf8mb4_general_ci DEFAULT NULL COMMENT '国际化配置',
  `created_by` bigint DEFAULT NULL COMMENT '创建人',
  `created_at` datetime(3) DEFAULT NULL COMMENT '创建时间',
  `updated_by` bigint DEFAULT NULL COMMENT '更新人',
  `updated_at` datetime(3) DEFAULT NULL COMMENT '更新时间',
  PRIMARY KEY (`id`) USING BTREE,
  UNIQUE KEY `uk_dict_uniq` (`dict_id`,`uniq_key`) USING BTREE,
  KEY `IDX_DICT_KEY` (`dict_id`,`uniq_key`) COMMENT '字典和标识'
) ENGINE=InnoDB DEFAULT CHARSET=utf8mb4 COLLATE=utf8mb4_general_ci COMMENT='字典项';

-- ----------------------------
-- Records of mdc_dict_item
-- ----------------------------
BEGIN;
INSERT INTO `mdc_dict_item` (`id`, `dict_id`, `parent_id`, `uniq_key`, `name`, `data_type`, `dict_type`, `tree_path`, `state`, `remark`, `weight`, `icon`, `css_style`, `css_class`, `prop_type`, `i18n_json`, `created_by`, `created_at`, `updated_by`, `updated_at`) VALUES (27094573554165767, 27094573554165766, NULL, '1', '公开', '2', '20', '/27094573554165767/', b'1', '', 0, '', '', '', '', NULL, 680083598598475778, '2025-11-27 00:44:40.028', 680083598598475778, '2025-11-27 00:44:40.028');
INSERT INTO `mdc_dict_item` (`id`, `dict_id`, `parent_id`, `uniq_key`, `name`, `data_type`, `dict_type`, `tree_path`, `state`, `remark`, `weight`, `icon`, `css_style`, `css_class`, `prop_type`, `i18n_json`, `created_by`, `created_at`, `updated_by`, `updated_at`) VALUES (27094573554165768, 27094573554165766, NULL, '2', '特殊', '2', '20', '/27094573554165768/', b'1', '', 1, '', '', '', '', NULL, 680083598598475778, '2025-11-27 00:44:40.033', 680083598598475778, '2025-11-27 00:44:40.033');
INSERT INTO `mdc_dict_item` (`id`, `dict_id`, `parent_id`, `uniq_key`, `name`, `data_type`, `dict_type`, `tree_path`, `state`, `remark`, `weight`, `icon`, `css_style`, `css_class`, `prop_type`, `i18n_json`, `created_by`, `created_at`, `updated_by`, `updated_at`) VALUES (28857597499663361, 28857597499663360, NULL, '10', '功能角色', '1', '20', '/28857597499663361/', b'1', '', 0, '', '', '', '', NULL, 680083598598475778, '2025-12-01 18:22:58.599', 680083598598475778, '2025-12-01 18:22:58.599');
INSERT INTO `mdc_dict_item` (`id`, `dict_id`, `parent_id`, `uniq_key`, `name`, `data_type`, `dict_type`, `tree_path`, `state`, `remark`, `weight`, `icon`, `css_style`, `css_class`, `prop_type`, `i18n_json`, `created_by`, `created_at`, `updated_by`, `updated_at`) VALUES (28857597499663362, 28857597499663360, NULL, '20', '桌面角色', '1', '20', '/28857597499663362/', b'1', '', 1, '', '', '', '', NULL, 680083598598475778, '2025-12-01 18:22:58.605', 680083598598475778, '2025-12-01 18:22:58.604');
INSERT INTO `mdc_dict_item` (`id`, `dict_id`, `parent_id`, `uniq_key`, `name`, `data_type`, `dict_type`, `tree_path`, `state`, `remark`, `weight`, `icon`, `css_style`, `css_class`, `prop_type`, `i18n_json`, `created_by`, `created_at`, `updated_by`, `updated_at`) VALUES (28857597499663363, 28857597499663360, NULL, '30', '数据角色', '1', '20', '/28857597499663363/', b'1', '', 2, '', '', '', '', NULL, 680083598598475778, '2025-12-01 18:22:58.606', 680083598598475778, '2025-12-01 18:22:58.606');
INSERT INTO `mdc_dict_item` (`id`, `dict_id`, `parent_id`, `uniq_key`, `name`, `data_type`, `dict_type`, `tree_path`, `state`, `remark`, `weight`, `icon`, `css_style`, `css_class`, `prop_type`, `i18n_json`, `created_by`, `created_at`, `updated_by`, `updated_at`) VALUES (28857597499663365, 28857597499663364, NULL, '10', '普通角色', '1', '20', '/28857597499663365/', b'1', '', 0, '', '', '', 'success', NULL, 680083598598475778, '2025-12-01 18:22:58.607', 680083598598475778, '2025-12-06 17:32:28.618');
INSERT INTO `mdc_dict_item` (`id`, `dict_id`, `parent_id`, `uniq_key`, `name`, `data_type`, `dict_type`, `tree_path`, `state`, `remark`, `weight`, `icon`, `css_style`, `css_class`, `prop_type`, `i18n_json`, `created_by`, `created_at`, `updated_by`, `updated_at`) VALUES (28857597499663366, 28857597499663364, NULL, '20', '管理员角色', '1', '20', '/28857597499663366/', b'1', '', 1, '', '', '', 'error', NULL, 680083598598475778, '2025-12-01 18:22:58.607', 680083598598475778, '2025-12-06 17:32:01.796');
INSERT INTO `mdc_dict_item` (`id`, `dict_id`, `parent_id`, `uniq_key`, `name`, `data_type`, `dict_type`, `tree_path`, `state`, `remark`, `weight`, `icon`, `css_style`, `css_class`, `prop_type`, `i18n_json`, `created_by`, `created_at`, `updated_by`, `updated_at`) VALUES (28857597499663367, 28857597499663364, NULL, '30', '权限集合', '1', '20', '/28857597499663367/', b'1', '', 2, '', '', '', 'processing', NULL, 680083598598475778, '2025-12-01 18:22:58.608', 680083598598475778, '2025-12-06 17:32:20.320');
INSERT INTO `mdc_dict_item` (`id`, `dict_id`, `parent_id`, `uniq_key`, `name`, `data_type`, `dict_type`, `tree_path`, `state`, `remark`, `weight`, `icon`, `css_style`, `css_class`, `prop_type`, `i18n_json`, `created_by`, `created_at`, `updated_by`, `updated_at`) VALUES (28857597499663369, 28857597499663368, NULL, '1', '默认', '2', '20', '/28857597499663369/', b'1', '', 0, '', '', '', '', NULL, 680083598598475778, '2025-12-01 18:23:13.034', 680083598598475778, '2025-12-01 18:23:13.034');
INSERT INTO `mdc_dict_item` (`id`, `dict_id`, `parent_id`, `uniq_key`, `name`, `data_type`, `dict_type`, `tree_path`, `state`, `remark`, `weight`, `icon`, `css_style`, `css_class`, `prop_type`, `i18n_json`, `created_by`, `created_at`, `updated_by`, `updated_at`) VALUES (28857597499663370, 28857597499663368, NULL, '90', '开发者', '2', '20', '/28857597499663370/', b'1', '', 1, '', '', '', '', NULL, 680083598598475778, '2025-12-01 18:23:13.035', 680083598598475778, '2025-12-01 18:23:13.035');
INSERT INTO `mdc_dict_item` (`id`, `dict_id`, `parent_id`, `uniq_key`, `name`, `data_type`, `dict_type`, `tree_path`, `state`, `remark`, `weight`, `icon`, `css_style`, `css_class`, `prop_type`, `i18n_json`, `created_by`, `created_at`, `updated_by`, `updated_at`) VALUES (28857597499663371, 28857597499663368, NULL, '99', '运维', '2', '20', '/28857597499663371/', b'1', '', 2, '', '', '', '', NULL, 680083598598475778, '2025-12-01 18:23:13.036', 680083598598475778, '2025-12-01 18:23:13.036');
INSERT INTO `mdc_dict_item` (`id`, `dict_id`, `parent_id`, `uniq_key`, `name`, `data_type`, `dict_type`, `tree_path`, `state`, `remark`, `weight`, `icon`, `css_style`, `css_class`, `prop_type`, `i18n_json`, `created_by`, `created_at`, `updated_by`, `updated_at`) VALUES (29142469795506176, 665590033889586176, NULL, '50', '按钮', '1', '20', '/29142469795506176/', b'1', '', 50, '', '', '', 'purple', '{\"zh-CN\":\"按钮\",\"en-US\":\"Button\"}', 680083598598475778, '2025-12-02 12:48:59.275', 680083598598475778, '2025-12-02 12:50:37.009');
INSERT INTO `mdc_dict_item` (`id`, `dict_id`, `parent_id`, `uniq_key`, `name`, `data_type`, `dict_type`, `tree_path`, `state`, `remark`, `weight`, `icon`, `css_style`, `css_class`, `prop_type`, `i18n_json`, `created_by`, `created_at`, `updated_by`, `updated_at`) VALUES (33653650040210455, 680576540584979463, NULL, 'workbench', '工作台', '1', '30', '/33653650040210455/', b'1', '', 2, '', '', '', '', '{\"zh-CN\":\"工作台\",\"en-US\":\"workbench\"}', 680083598598475778, '2025-12-14 17:01:04.999', 680083598598475778, '2025-12-14 17:01:04.999');
INSERT INTO `mdc_dict_item` (`id`, `dict_id`, `parent_id`, `uniq_key`, `name`, `data_type`, `dict_type`, `tree_path`, `state`, `remark`, `weight`, `icon`, `css_style`, `css_class`, `prop_type`, `i18n_json`, `created_by`, `created_at`, `updated_by`, `updated_at`) VALUES (33653650040210457, 33653650040210456, NULL, '01', '登录', '1', '20', '/33653650040210457/', b'1', '', 0, '', '', '', 'success', NULL, 680083598598475778, '2025-12-14 17:02:17.254', 680083598598475778, '2025-12-14 17:04:01.798');
INSERT INTO `mdc_dict_item` (`id`, `dict_id`, `parent_id`, `uniq_key`, `name`, `data_type`, `dict_type`, `tree_path`, `state`, `remark`, `weight`, `icon`, `css_style`, `css_class`, `prop_type`, `i18n_json`, `created_by`, `created_at`, `updated_by`, `updated_at`) VALUES (33653650040210458, 33653650040210456, NULL, '02', '退出', '1', '20', '/33653650040210458/', b'1', '', 1, '', '', '', 'error', NULL, 680083598598475778, '2025-12-14 17:02:17.259', 680083598598475778, '2025-12-14 17:04:05.598');
INSERT INTO `mdc_dict_item` (`id`, `dict_id`, `parent_id`, `uniq_key`, `name`, `data_type`, `dict_type`, `tree_path`, `state`, `remark`, `weight`, `icon`, `css_style`, `css_class`, `prop_type`, `i18n_json`, `created_by`, `created_at`, `updated_by`, `updated_at`) VALUES (33653650040210459, 33653650040210456, NULL, '03', '注销', '1', '20', '/33653650040210459/', b'1', '', 2, '', '', '', 'warning', NULL, 680083598598475778, '2025-12-14 17:02:17.259', 680083598598475778, '2025-12-14 17:04:09.200');
INSERT INTO `mdc_dict_item` (`id`, `dict_id`, `parent_id`, `uniq_key`, `name`, `data_type`, `dict_type`, `tree_path`, `state`, `remark`, `weight`, `icon`, `css_style`, `css_class`, `prop_type`, `i18n_json`, `created_by`, `created_at`, `updated_by`, `updated_at`) VALUES (33653650040210460, 33653650040210456, NULL, '04', '切换', '1', '20', '/33653650040210460/', b'1', '', 3, '', '', '', 'processing', NULL, 680083598598475778, '2025-12-14 17:02:17.259', 680083598598475778, '2025-12-14 17:04:13.070');
INSERT INTO `mdc_dict_item` (`id`, `dict_id`, `parent_id`, `uniq_key`, `name`, `data_type`, `dict_type`, `tree_path`, `state`, `remark`, `weight`, `icon`, `css_style`, `css_class`, `prop_type`, `i18n_json`, `created_by`, `created_at`, `updated_by`, `updated_at`) VALUES (33653650040210461, 33653650040210456, NULL, '05', '扮演', '1', '20', '/33653650040210461/', b'1', '', 4, '', '', '', 'cyan', NULL, 680083598598475778, '2025-12-14 17:02:17.260', 680083598598475778, '2025-12-14 17:04:21.172');
INSERT INTO `mdc_dict_item` (`id`, `dict_id`, `parent_id`, `uniq_key`, `name`, `data_type`, `dict_type`, `tree_path`, `state`, `remark`, `weight`, `icon`, `css_style`, `css_class`, `prop_type`, `i18n_json`, `created_by`, `created_at`, `updated_by`, `updated_at`) VALUES (33653650040210463, 33653650040210462, NULL, '01', '成功', '1', '20', '/33653650040210463/', b'1', '', 0, '', '', '', 'success', NULL, 680083598598475778, '2025-12-14 17:02:17.260', 680083598598475778, '2025-12-14 17:03:20.898');
INSERT INTO `mdc_dict_item` (`id`, `dict_id`, `parent_id`, `uniq_key`, `name`, `data_type`, `dict_type`, `tree_path`, `state`, `remark`, `weight`, `icon`, `css_style`, `css_class`, `prop_type`, `i18n_json`, `created_by`, `created_at`, `updated_by`, `updated_at`) VALUES (33653650040210464, 33653650040210462, NULL, '02', '失败', '1', '20', '/33653650040210464/', b'1', '', 1, '', '', '', 'error', NULL, 680083598598475778, '2025-12-14 17:02:17.260', 680083598598475778, '2025-12-14 17:03:26.314');
INSERT INTO `mdc_dict_item` (`id`, `dict_id`, `parent_id`, `uniq_key`, `name`, `data_type`, `dict_type`, `tree_path`, `state`, `remark`, `weight`, `icon`, `css_style`, `css_class`, `prop_type`, `i18n_json`, `created_by`, `created_at`, `updated_by`, `updated_at`) VALUES (33653650040210466, 33653650040210465, NULL, '01', '用户名密码验证码登录', '1', '20', '/33653650040210466/', b'1', '', 0, '', '', '', 'success', NULL, 680083598598475778, '2025-12-14 17:02:17.261', 680083598598475778, '2025-12-14 17:04:35.242');
INSERT INTO `mdc_dict_item` (`id`, `dict_id`, `parent_id`, `uniq_key`, `name`, `data_type`, `dict_type`, `tree_path`, `state`, `remark`, `weight`, `icon`, `css_style`, `css_class`, `prop_type`, `i18n_json`, `created_by`, `created_at`, `updated_by`, `updated_at`) VALUES (33653650040210467, 33653650040210465, NULL, '02', '用户名密码登录', '1', '20', '/33653650040210467/', b'1', '', 1, '', '', '', 'purple', NULL, 680083598598475778, '2025-12-14 17:02:17.261', 680083598598475778, '2025-12-14 17:04:58.735');
INSERT INTO `mdc_dict_item` (`id`, `dict_id`, `parent_id`, `uniq_key`, `name`, `data_type`, `dict_type`, `tree_path`, `state`, `remark`, `weight`, `icon`, `css_style`, `css_class`, `prop_type`, `i18n_json`, `created_by`, `created_at`, `updated_by`, `updated_at`) VALUES (33653650040210468, 33653650040210465, NULL, '03', '手机短信验证码登录', '1', '20', '/33653650040210468/', b'1', '', 2, '', '', '', 'processing', NULL, 680083598598475778, '2025-12-14 17:02:17.261', 680083598598475778, '2025-12-14 17:04:42.242');
INSERT INTO `mdc_dict_item` (`id`, `dict_id`, `parent_id`, `uniq_key`, `name`, `data_type`, `dict_type`, `tree_path`, `state`, `remark`, `weight`, `icon`, `css_style`, `css_class`, `prop_type`, `i18n_json`, `created_by`, `created_at`, `updated_by`, `updated_at`) VALUES (33653650040210469, 33653650040210465, NULL, '04', '邮箱密码登录', '1', '20', '/33653650040210469/', b'1', '', 3, '', '', '', 'cyan', NULL, 680083598598475778, '2025-12-14 17:02:17.261', 680083598598475778, '2025-12-14 17:04:54.279');
INSERT INTO `mdc_dict_item` (`id`, `dict_id`, `parent_id`, `uniq_key`, `name`, `data_type`, `dict_type`, `tree_path`, `state`, `remark`, `weight`, `icon`, `css_style`, `css_class`, `prop_type`, `i18n_json`, `created_by`, `created_at`, `updated_by`, `updated_at`) VALUES (33653650040210471, 33653650040210470, NULL, '01', '系统登录页', '1', '20', '/33653650040210471/', b'1', '', 0, '', '', '', 'success', NULL, 680083598598475778, '2025-12-14 17:02:17.261', 680083598598475778, '2025-12-14 17:05:05.170');
INSERT INTO `mdc_dict_item` (`id`, `dict_id`, `parent_id`, `uniq_key`, `name`, `data_type`, `dict_type`, `tree_path`, `state`, `remark`, `weight`, `icon`, `css_style`, `css_class`, `prop_type`, `i18n_json`, `created_by`, `created_at`, `updated_by`, `updated_at`) VALUES (33653650040210472, 33653650040210470, NULL, '02', '移动端登录', '1', '20', '/33653650040210472/', b'1', '', 1, '', '', '', 'processing', NULL, 680083598598475778, '2025-12-14 17:02:17.262', 680083598598475778, '2025-12-14 17:05:08.803');
INSERT INTO `mdc_dict_item` (`id`, `dict_id`, `parent_id`, `uniq_key`, `name`, `data_type`, `dict_type`, `tree_path`, `state`, `remark`, `weight`, `icon`, `css_style`, `css_class`, `prop_type`, `i18n_json`, `created_by`, `created_at`, `updated_by`, `updated_at`) VALUES (36547152327661611, 680576540584979463, NULL, 'message', '消息中心', '1', '30', '/36547152327661611/', b'1', '', 6, '', '', '', '', NULL, 680083598598475778, '2025-12-22 14:25:47.915', 680083598598475778, '2025-12-22 14:25:47.915');
INSERT INTO `mdc_dict_item` (`id`, `dict_id`, `parent_id`, `uniq_key`, `name`, `data_type`, `dict_type`, `tree_path`, `state`, `remark`, `weight`, `icon`, `css_style`, `css_class`, `prop_type`, `i18n_json`, `created_by`, `created_at`, `updated_by`, `updated_at`) VALUES (36547152327661613, 36547152327661612, NULL, '1', '实现类', '2', '20', '/36547152327661613/', b'1', '', 0, '', '', '', 'success', NULL, 680083598598475778, '2025-12-22 14:27:32.092', 680083598598475778, '2025-12-22 15:32:21.964');
INSERT INTO `mdc_dict_item` (`id`, `dict_id`, `parent_id`, `uniq_key`, `name`, `data_type`, `dict_type`, `tree_path`, `state`, `remark`, `weight`, `icon`, `css_style`, `css_class`, `prop_type`, `i18n_json`, `created_by`, `created_at`, `updated_by`, `updated_at`) VALUES (36547152327661614, 36547152327661612, NULL, '2', 'Magic API', '2', '20', '/36547152327661614/', b'1', '', 1, '', '', '', 'processing', NULL, 680083598598475778, '2025-12-22 14:27:32.093', 680083598598475778, '2025-12-22 15:32:32.540');
INSERT INTO `mdc_dict_item` (`id`, `dict_id`, `parent_id`, `uniq_key`, `name`, `data_type`, `dict_type`, `tree_path`, `state`, `remark`, `weight`, `icon`, `css_style`, `css_class`, `prop_type`, `i18n_json`, `created_by`, `created_at`, `updated_by`, `updated_at`) VALUES (36547152327661615, 36547152327661612, NULL, '3', '脚本', '2', '20', '/36547152327661615/', b'1', '', 2, '', '', '', 'error', NULL, 680083598598475778, '2025-12-22 14:27:32.097', 680083598598475778, '2025-12-22 15:32:28.726');
INSERT INTO `mdc_dict_item` (`id`, `dict_id`, `parent_id`, `uniq_key`, `name`, `data_type`, `dict_type`, `tree_path`, `state`, `remark`, `weight`, `icon`, `css_style`, `css_class`, `prop_type`, `i18n_json`, `created_by`, `created_at`, `updated_by`, `updated_at`) VALUES (36547152327661617, 36547152327661616, NULL, '1', '站内信', '2', '20', '/36547152327661617/', b'1', '', 0, '', '', '', 'success', NULL, 680083598598475778, '2025-12-22 14:27:32.098', 680083598598475778, '2025-12-22 15:32:51.494');
INSERT INTO `mdc_dict_item` (`id`, `dict_id`, `parent_id`, `uniq_key`, `name`, `data_type`, `dict_type`, `tree_path`, `state`, `remark`, `weight`, `icon`, `css_style`, `css_class`, `prop_type`, `i18n_json`, `created_by`, `created_at`, `updated_by`, `updated_at`) VALUES (36547152327661618, 36547152327661616, NULL, '2', '短信', '2', '20', '/36547152327661618/', b'1', '', 1, '', '', '', 'error', NULL, 680083598598475778, '2025-12-22 14:27:32.099', 680083598598475778, '2025-12-22 15:32:55.344');
INSERT INTO `mdc_dict_item` (`id`, `dict_id`, `parent_id`, `uniq_key`, `name`, `data_type`, `dict_type`, `tree_path`, `state`, `remark`, `weight`, `icon`, `css_style`, `css_class`, `prop_type`, `i18n_json`, `created_by`, `created_at`, `updated_by`, `updated_at`) VALUES (36547152327661619, 36547152327661616, NULL, '3', '邮件', '2', '20', '/36547152327661619/', b'1', '', 2, '', '', '', 'processing', NULL, 680083598598475778, '2025-12-22 14:27:32.099', 680083598598475778, '2025-12-22 15:32:58.393');
INSERT INTO `mdc_dict_item` (`id`, `dict_id`, `parent_id`, `uniq_key`, `name`, `data_type`, `dict_type`, `tree_path`, `state`, `remark`, `weight`, `icon`, `css_style`, `css_class`, `prop_type`, `i18n_json`, `created_by`, `created_at`, `updated_by`, `updated_at`) VALUES (36547152327661621, 36547152327661620, NULL, '1', '初始化', '2', '20', '/36547152327661621/', b'1', '', 0, '', '', '', 'processing', NULL, 680083598598475778, '2025-12-22 14:27:32.099', 680083598598475778, '2025-12-22 15:32:44.760');
INSERT INTO `mdc_dict_item` (`id`, `dict_id`, `parent_id`, `uniq_key`, `name`, `data_type`, `dict_type`, `tree_path`, `state`, `remark`, `weight`, `icon`, `css_style`, `css_class`, `prop_type`, `i18n_json`, `created_by`, `created_at`, `updated_by`, `updated_at`) VALUES (36547152327661622, 36547152327661620, NULL, '2', '成功', '2', '20', '/36547152327661622/', b'1', '', 1, '', '', '', 'success', NULL, 680083598598475778, '2025-12-22 14:27:32.099', 680083598598475778, '2025-12-22 15:32:42.056');
INSERT INTO `mdc_dict_item` (`id`, `dict_id`, `parent_id`, `uniq_key`, `name`, `data_type`, `dict_type`, `tree_path`, `state`, `remark`, `weight`, `icon`, `css_style`, `css_class`, `prop_type`, `i18n_json`, `created_by`, `created_at`, `updated_by`, `updated_at`) VALUES (36547152327661623, 36547152327661620, NULL, '3', '失败', '2', '20', '/36547152327661623/', b'1', '', 2, '', '', '', 'error', NULL, 680083598598475778, '2025-12-22 14:27:32.100', 680083598598475778, '2025-12-22 15:32:38.647');
INSERT INTO `mdc_dict_item` (`id`, `dict_id`, `parent_id`, `uniq_key`, `name`, `data_type`, `dict_type`, `tree_path`, `state`, `remark`, `weight`, `icon`, `css_style`, `css_class`, `prop_type`, `i18n_json`, `created_by`, `created_at`, `updated_by`, `updated_at`) VALUES (36547152327661625, 36547152327661624, NULL, '0', '草稿', '2', '20', '/36547152327661625/', b'1', '', 0, '', '', '', 'default', NULL, 680083598598475778, '2025-12-22 14:27:32.100', 680083598598475778, '2025-12-22 15:33:40.059');
INSERT INTO `mdc_dict_item` (`id`, `dict_id`, `parent_id`, `uniq_key`, `name`, `data_type`, `dict_type`, `tree_path`, `state`, `remark`, `weight`, `icon`, `css_style`, `css_class`, `prop_type`, `i18n_json`, `created_by`, `created_at`, `updated_by`, `updated_at`) VALUES (36547152327661626, 36547152327661624, NULL, '1', '等待执行', '2', '20', '/36547152327661626/', b'1', '', 1, '', '', '', 'processing', NULL, 680083598598475778, '2025-12-22 14:27:32.100', 680083598598475778, '2025-12-22 15:33:30.789');
INSERT INTO `mdc_dict_item` (`id`, `dict_id`, `parent_id`, `uniq_key`, `name`, `data_type`, `dict_type`, `tree_path`, `state`, `remark`, `weight`, `icon`, `css_style`, `css_class`, `prop_type`, `i18n_json`, `created_by`, `created_at`, `updated_by`, `updated_at`) VALUES (36547152327661627, 36547152327661624, NULL, '2', '执行成功', '2', '20', '/36547152327661627/', b'1', '', 2, '', '', '', 'success', NULL, 680083598598475778, '2025-12-22 14:27:32.100', 680083598598475778, '2025-12-22 15:33:25.395');
INSERT INTO `mdc_dict_item` (`id`, `dict_id`, `parent_id`, `uniq_key`, `name`, `data_type`, `dict_type`, `tree_path`, `state`, `remark`, `weight`, `icon`, `css_style`, `css_class`, `prop_type`, `i18n_json`, `created_by`, `created_at`, `updated_by`, `updated_at`) VALUES (36547152327661628, 36547152327661624, NULL, '3', '执行失败', '2', '20', '/36547152327661628/', b'1', '', 3, '', '', '', 'error', NULL, 680083598598475778, '2025-12-22 14:27:32.101', 680083598598475778, '2025-12-22 15:33:22.135');
INSERT INTO `mdc_dict_item` (`id`, `dict_id`, `parent_id`, `uniq_key`, `name`, `data_type`, `dict_type`, `tree_path`, `state`, `remark`, `weight`, `icon`, `css_style`, `css_class`, `prop_type`, `i18n_json`, `created_by`, `created_at`, `updated_by`, `updated_at`) VALUES (36547152327661630, 36547152327661629, NULL, '1', '待办', '2', '20', '/36547152327661630/', b'1', '', 0, '', '', '', 'success', NULL, 680083598598475778, '2025-12-22 14:27:32.101', 680083598598475778, '2025-12-22 15:33:13.078');
INSERT INTO `mdc_dict_item` (`id`, `dict_id`, `parent_id`, `uniq_key`, `name`, `data_type`, `dict_type`, `tree_path`, `state`, `remark`, `weight`, `icon`, `css_style`, `css_class`, `prop_type`, `i18n_json`, `created_by`, `created_at`, `updated_by`, `updated_at`) VALUES (36547152327661631, 36547152327661629, NULL, '2', '预警', '2', '20', '/36547152327661631/', b'1', '', 1, '', '', '', 'error', NULL, 680083598598475778, '2025-12-22 14:27:32.102', 680083598598475778, '2025-12-22 15:33:16.230');
INSERT INTO `mdc_dict_item` (`id`, `dict_id`, `parent_id`, `uniq_key`, `name`, `data_type`, `dict_type`, `tree_path`, `state`, `remark`, `weight`, `icon`, `css_style`, `css_class`, `prop_type`, `i18n_json`, `created_by`, `created_at`, `updated_by`, `updated_at`) VALUES (36547152327661632, 36547152327661629, NULL, '3', '提醒', '2', '20', '/36547152327661632/', b'1', '', 2, '', '', '', 'processing', NULL, 680083598598475778, '2025-12-22 14:27:32.102', 680083598598475778, '2025-12-22 15:33:07.463');
INSERT INTO `mdc_dict_item` (`id`, `dict_id`, `parent_id`, `uniq_key`, `name`, `data_type`, `dict_type`, `tree_path`, `state`, `remark`, `weight`, `icon`, `css_style`, `css_class`, `prop_type`, `i18n_json`, `created_by`, `created_at`, `updated_by`, `updated_at`) VALUES (36547152327661634, 36547152327661633, NULL, '0', '所有人', '2', '20', '/36547152327661634/', b'1', '', 0, '', '', '', '', NULL, 680083598598475778, '2025-12-22 14:27:32.102', 680083598598475778, '2025-12-22 14:27:32.102');
INSERT INTO `mdc_dict_item` (`id`, `dict_id`, `parent_id`, `uniq_key`, `name`, `data_type`, `dict_type`, `tree_path`, `state`, `remark`, `weight`, `icon`, `css_style`, `css_class`, `prop_type`, `i18n_json`, `created_by`, `created_at`, `updated_by`, `updated_at`) VALUES (36547152327661635, 36547152327661633, NULL, '1', '指定用户', '2', '20', '/36547152327661635/', b'1', '', 1, '', '', '', '', NULL, 680083598598475778, '2025-12-22 14:27:32.103', 680083598598475778, '2025-12-22 14:27:32.103');
INSERT INTO `mdc_dict_item` (`id`, `dict_id`, `parent_id`, `uniq_key`, `name`, `data_type`, `dict_type`, `tree_path`, `state`, `remark`, `weight`, `icon`, `css_style`, `css_class`, `prop_type`, `i18n_json`, `created_by`, `created_at`, `updated_by`, `updated_at`) VALUES (36547152327661636, 36547152327661633, NULL, '2', '指定角色', '2', '20', '/36547152327661636/', b'1', '', 2, '', '', '', '', NULL, 680083598598475778, '2025-12-22 14:27:32.103', 680083598598475778, '2025-12-22 14:27:32.103');
INSERT INTO `mdc_dict_item` (`id`, `dict_id`, `parent_id`, `uniq_key`, `name`, `data_type`, `dict_type`, `tree_path`, `state`, `remark`, `weight`, `icon`, `css_style`, `css_class`, `prop_type`, `i18n_json`, `created_by`, `created_at`, `updated_by`, `updated_at`) VALUES (36547152327661637, 36547152327661633, NULL, '3', '指定部门', '2', '20', '/36547152327661637/', b'1', '', 3, '', '', '', '', NULL, 680083598598475778, '2025-12-22 14:27:32.104', 680083598598475778, '2025-12-22 14:27:32.104');
INSERT INTO `mdc_dict_item` (`id`, `dict_id`, `parent_id`, `uniq_key`, `name`, `data_type`, `dict_type`, `tree_path`, `state`, `remark`, `weight`, `icon`, `css_style`, `css_class`, `prop_type`, `i18n_json`, `created_by`, `created_at`, `updated_by`, `updated_at`) VALUES (36547152327661639, 36547152327661638, NULL, '1', '后台发送', '2', '20', '/36547152327661639/', b'1', '', 0, '', '', '', 'success', NULL, 680083598598475778, '2025-12-22 14:27:32.104', 680083598598475778, '2025-12-22 15:33:49.731');
INSERT INTO `mdc_dict_item` (`id`, `dict_id`, `parent_id`, `uniq_key`, `name`, `data_type`, `dict_type`, `tree_path`, `state`, `remark`, `weight`, `icon`, `css_style`, `css_class`, `prop_type`, `i18n_json`, `created_by`, `created_at`, `updated_by`, `updated_at`) VALUES (36547152327661640, 36547152327661638, NULL, '2', 'API发送', '2', '20', '/36547152327661640/', b'1', '', 1, '', '', '', 'processing', NULL, 680083598598475778, '2025-12-22 14:27:32.104', 680083598598475778, '2025-12-22 15:33:55.143');
INSERT INTO `mdc_dict_item` (`id`, `dict_id`, `parent_id`, `uniq_key`, `name`, `data_type`, `dict_type`, `tree_path`, `state`, `remark`, `weight`, `icon`, `css_style`, `css_class`, `prop_type`, `i18n_json`, `created_by`, `created_at`, `updated_by`, `updated_at`) VALUES (36547152327661641, 36547152327661638, NULL, '3', 'JOB发送', '2', '20', '/36547152327661641/', b'1', '', 2, '', '', '', 'purple', NULL, 680083598598475778, '2025-12-22 14:27:32.104', 680083598598475778, '2025-12-22 15:34:09.320');
INSERT INTO `mdc_dict_item` (`id`, `dict_id`, `parent_id`, `uniq_key`, `name`, `data_type`, `dict_type`, `tree_path`, `state`, `remark`, `weight`, `icon`, `css_style`, `css_class`, `prop_type`, `i18n_json`, `created_by`, `created_at`, `updated_by`, `updated_at`) VALUES (36729387790033920, 686986968252847104, NULL, 'message', '消息中心', '1', '30', '/36729387790033920/', b'1', '', 3, '', '', '', '', NULL, 680083598598475778, '2025-12-22 23:31:20.154', 680083598598475778, '2025-12-22 23:31:20.154');
INSERT INTO `mdc_dict_item` (`id`, `dict_id`, `parent_id`, `uniq_key`, `name`, `data_type`, `dict_type`, `tree_path`, `state`, `remark`, `weight`, `icon`, `css_style`, `css_class`, `prop_type`, `i18n_json`, `created_by`, `created_at`, `updated_by`, `updated_at`) VALUES (41382868891172865, 41382868891172864, NULL, '0', '不加密', '2', '20', '/41382868891172865/', b'1', '', 0, '', '', '', '', NULL, 680083598598475778, '2026-01-04 12:28:51.348', 680083598598475778, '2026-01-04 12:28:51.348');
INSERT INTO `mdc_dict_item` (`id`, `dict_id`, `parent_id`, `uniq_key`, `name`, `data_type`, `dict_type`, `tree_path`, `state`, `remark`, `weight`, `icon`, `css_style`, `css_class`, `prop_type`, `i18n_json`, `created_by`, `created_at`, `updated_by`, `updated_at`) VALUES (41382868891172866, 41382868891172864, NULL, '1', 'aes加密', '2', '20', '/41382868891172866/', b'1', '', 1, '', '', '', '', NULL, 680083598598475778, '2026-01-04 12:28:51.354', 680083598598475778, '2026-01-04 12:28:51.354');
INSERT INTO `mdc_dict_item` (`id`, `dict_id`, `parent_id`, `uniq_key`, `name`, `data_type`, `dict_type`, `tree_path`, `state`, `remark`, `weight`, `icon`, `css_style`, `css_class`, `prop_type`, `i18n_json`, `created_by`, `created_at`, `updated_by`, `updated_at`) VALUES (41382868891172867, 41382868891172864, NULL, '2', 'sm4加密', '2', '20', '/41382868891172867/', b'1', '', 2, '', '', '', '', NULL, 680083598598475778, '2026-01-04 12:28:51.355', 680083598598475778, '2026-01-04 12:28:51.354');
INSERT INTO `mdc_dict_item` (`id`, `dict_id`, `parent_id`, `uniq_key`, `name`, `data_type`, `dict_type`, `tree_path`, `state`, `remark`, `weight`, `icon`, `css_style`, `css_class`, `prop_type`, `i18n_json`, `created_by`, `created_at`, `updated_by`, `updated_at`) VALUES (44703565805825077, 44703565805825076, NULL, '0', '待执行', '1', '20', '/44703565805825077/', b'1', '', 0, '', '', '', 'default', NULL, 680083598598475778, '2026-01-13 12:26:32.165', 680083598598475778, '2026-01-13 12:39:13.031');
INSERT INTO `mdc_dict_item` (`id`, `dict_id`, `parent_id`, `uniq_key`, `name`, `data_type`, `dict_type`, `tree_path`, `state`, `remark`, `weight`, `icon`, `css_style`, `css_class`, `prop_type`, `i18n_json`, `created_by`, `created_at`, `updated_by`, `updated_at`) VALUES (44703565805825078, 44703565805825076, NULL, '1', '执行成功', '1', '20', '/44703565805825078/', b'1', '', 1, '', '', '', 'success', NULL, 680083598598475778, '2026-01-13 12:26:32.169', 680083598598475778, '2026-01-13 12:39:02.795');
INSERT INTO `mdc_dict_item` (`id`, `dict_id`, `parent_id`, `uniq_key`, `name`, `data_type`, `dict_type`, `tree_path`, `state`, `remark`, `weight`, `icon`, `css_style`, `css_class`, `prop_type`, `i18n_json`, `created_by`, `created_at`, `updated_by`, `updated_at`) VALUES (44703565805825079, 44703565805825076, NULL, '2', '执行失败', '1', '20', '/44703565805825079/', b'1', '', 2, '', '', '', 'error', NULL, 680083598598475778, '2026-01-13 12:26:32.169', 680083598598475778, '2026-01-13 12:39:08.824');
INSERT INTO `mdc_dict_item` (`id`, `dict_id`, `parent_id`, `uniq_key`, `name`, `data_type`, `dict_type`, `tree_path`, `state`, `remark`, `weight`, `icon`, `css_style`, `css_class`, `prop_type`, `i18n_json`, `created_by`, `created_at`, `updated_by`, `updated_at`) VALUES (44703565805825080, 44703565805825076, NULL, '3', '重试结束', '1', '20', '/44703565805825080/', b'1', '', 3, '', '', '', 'magenta', NULL, 680083598598475778, '2026-01-13 12:26:32.169', 680083598598475778, '2026-01-13 12:39:52.575');
INSERT INTO `mdc_dict_item` (`id`, `dict_id`, `parent_id`, `uniq_key`, `name`, `data_type`, `dict_type`, `tree_path`, `state`, `remark`, `weight`, `icon`, `css_style`, `css_class`, `prop_type`, `i18n_json`, `created_by`, `created_at`, `updated_by`, `updated_at`) VALUES (44703565805825081, 44703565805825076, NULL, '4', '手动结束', '1', '20', '/44703565805825081/', b'1', '', 4, '', '', '', 'warning', NULL, 680083598598475778, '2026-01-13 12:26:32.169', 680083598598475778, '2026-01-13 12:39:40.644');
INSERT INTO `mdc_dict_item` (`id`, `dict_id`, `parent_id`, `uniq_key`, `name`, `data_type`, `dict_type`, `tree_path`, `state`, `remark`, `weight`, `icon`, `css_style`, `css_class`, `prop_type`, `i18n_json`, `created_by`, `created_at`, `updated_by`, `updated_at`) VALUES (281139711563530601, 281139711563530588, NULL, '01', '登录成功', '1', '10', '/281139711563530601/', b'1', '', 1, '', '', '', '', '{\"zh-CN\":\"登录成功\",\"en-US\":\"Login Success\"}', 1452186486253289472, '2022-10-12 17:52:06.000', 2, '2024-04-16 10:25:44.000');
INSERT INTO `mdc_dict_item` (`id`, `dict_id`, `parent_id`, `uniq_key`, `name`, `data_type`, `dict_type`, `tree_path`, `state`, `remark`, `weight`, `icon`, `css_style`, `css_class`, `prop_type`, `i18n_json`, `created_by`, `created_at`, `updated_by`, `updated_at`) VALUES (281139711563530602, 281139711563530588, NULL, '02', '验证码错误', '1', '10', '/281139711563530602/', b'1', '', 1, '', '', '', '', '{\"zh-CN\":\"验证码错误\",\"en-US\":\"Verification Code Error\"}', 1452186486253289472, '2022-10-12 17:52:06.000', 2, '2024-04-16 10:26:46.000');
INSERT INTO `mdc_dict_item` (`id`, `dict_id`, `parent_id`, `uniq_key`, `name`, `data_type`, `dict_type`, `tree_path`, `state`, `remark`, `weight`, `icon`, `css_style`, `css_class`, `prop_type`, `i18n_json`, `created_by`, `created_at`, `updated_by`, `updated_at`) VALUES (281139711563530603, 281139711563530588, NULL, '03', '密码错误', '1', '10', '/281139711563530603/', b'1', '', 1, '', '', '', '', '{\"zh-CN\":\"密码错误\",\"en-US\":\"Password Error\"}', 1452186486253289472, '2022-10-12 17:52:06.000', 2, '2024-04-16 10:26:52.000');
INSERT INTO `mdc_dict_item` (`id`, `dict_id`, `parent_id`, `uniq_key`, `name`, `data_type`, `dict_type`, `tree_path`, `state`, `remark`, `weight`, `icon`, `css_style`, `css_class`, `prop_type`, `i18n_json`, `created_by`, `created_at`, `updated_by`, `updated_at`) VALUES (281139711563530604, 281139711563530588, NULL, '04', '账号锁定', '1', '10', '/281139711563530604/', b'1', '', 1, '', '', '', '', '{\"zh-CN\":\"账号锁定\",\"en-US\":\"Account Locked\"}', 1452186486253289472, '2022-10-12 17:52:06.000', 2, '2024-04-16 10:27:28.000');
INSERT INTO `mdc_dict_item` (`id`, `dict_id`, `parent_id`, `uniq_key`, `name`, `data_type`, `dict_type`, `tree_path`, `state`, `remark`, `weight`, `icon`, `css_style`, `css_class`, `prop_type`, `i18n_json`, `created_by`, `created_at`, `updated_by`, `updated_at`) VALUES (281139711563530605, 281139711563530588, NULL, '05', '切换租户', '1', '10', '/281139711563530605/', b'1', '', 1, '', '', '', '', '{\"zh-CN\":\"切换租户\",\"en-US\":\"Switch Tenant\"}', 1452186486253289472, '2022-10-12 17:52:06.000', 2, '2024-04-16 10:27:07.000');
INSERT INTO `mdc_dict_item` (`id`, `dict_id`, `parent_id`, `uniq_key`, `name`, `data_type`, `dict_type`, `tree_path`, `state`, `remark`, `weight`, `icon`, `css_style`, `css_class`, `prop_type`, `i18n_json`, `created_by`, `created_at`, `updated_by`, `updated_at`) VALUES (281139711563530606, 281139711563530588, NULL, '06', '短信验证码错误', '1', '10', '/281139711563530606/', b'1', '', 1, '', '', '', '', '{\"zh-CN\":\"短信验证码错误\",\"en-US\":\"SMS Verification Code Error\"}', 1452186486253289472, '2022-10-12 17:52:06.000', 2, '2024-04-16 10:27:00.000');
INSERT INTO `mdc_dict_item` (`id`, `dict_id`, `parent_id`, `uniq_key`, `name`, `data_type`, `dict_type`, `tree_path`, `state`, `remark`, `weight`, `icon`, `css_style`, `css_class`, `prop_type`, `i18n_json`, `created_by`, `created_at`, `updated_by`, `updated_at`) VALUES (630624567694850011, 663498187247899648, NULL, '01', '列表', '1', '20', '/630624567694850011/', b'1', '[01-列表 02-树结构]', 1, '', '', '', '', '{\"zh-CN\":\"列表\",\"en-US\":\"List\"}', 2, '2025-05-11 11:03:50.000', 11, '2025-09-24 16:39:03.664');
INSERT INTO `mdc_dict_item` (`id`, `dict_id`, `parent_id`, `uniq_key`, `name`, `data_type`, `dict_type`, `tree_path`, `state`, `remark`, `weight`, `icon`, `css_style`, `css_class`, `prop_type`, `i18n_json`, `created_by`, `created_at`, `updated_by`, `updated_at`) VALUES (630624567694850012, 663498187247899648, NULL, '02', '树结构', '1', '20', '/630624567694850012/', b'1', '[01-列表 02-树结构]', 1, '', '', '', '', '{\"zh-CN\":\"树结构\",\"en-US\":\"Tree Structure\"}', 2, '2025-05-11 11:03:50.000', 11, '2025-09-24 16:39:03.664');
INSERT INTO `mdc_dict_item` (`id`, `dict_id`, `parent_id`, `uniq_key`, `name`, `data_type`, `dict_type`, `tree_path`, `state`, `remark`, `weight`, `icon`, `css_style`, `css_class`, `prop_type`, `i18n_json`, `created_by`, `created_at`, `updated_by`, `updated_at`) VALUES (630624567694850049, 630624567694850048, NULL, '0', '后台创建', '1', '10', '/630624567694850049/', b'1', '[0-后台创建 1-用户申请]', 1, '', '', '', '', '{\"zh-CN\":\"后台创建\",\"en-US\":\"Backend Creation\"}', 2, '2025-05-11 11:03:38.000', 2, '2025-05-11 11:03:38.000');
INSERT INTO `mdc_dict_item` (`id`, `dict_id`, `parent_id`, `uniq_key`, `name`, `data_type`, `dict_type`, `tree_path`, `state`, `remark`, `weight`, `icon`, `css_style`, `css_class`, `prop_type`, `i18n_json`, `created_by`, `created_at`, `updated_by`, `updated_at`) VALUES (630624567694850050, 630624567694850048, NULL, '1', '用户申请', '1', '10', '/630624567694850050/', b'1', '[0-后台创建 1-用户申请]', 1, '', '', '', '', '{\"zh-CN\":\"用户申请\",\"en-US\":\"User Application\"}', 2, '2025-05-11 11:03:50.000', 2, '2025-05-11 11:03:50.000');
INSERT INTO `mdc_dict_item` (`id`, `dict_id`, `parent_id`, `uniq_key`, `name`, `data_type`, `dict_type`, `tree_path`, `state`, `remark`, `weight`, `icon`, `css_style`, `css_class`, `prop_type`, `i18n_json`, `created_by`, `created_at`, `updated_by`, `updated_at`) VALUES (665590033889586177, 665590033889586176, NULL, '10', '目录', '1', '20', '/665590033889586177/', b'1', '[10-目录  20-菜单 30-内链 40-外链]', 10, '', '', '', 'processing', '{\"zh-CN\":\"目录\",\"en-US\":\"Directory\"}', 11, '2025-08-13 16:18:07.000', 11, '2025-09-24 16:38:22.751');
INSERT INTO `mdc_dict_item` (`id`, `dict_id`, `parent_id`, `uniq_key`, `name`, `data_type`, `dict_type`, `tree_path`, `state`, `remark`, `weight`, `icon`, `css_style`, `css_class`, `prop_type`, `i18n_json`, `created_by`, `created_at`, `updated_by`, `updated_at`) VALUES (665590033889586178, 665590033889586176, NULL, '20', '菜单', '1', '20', '/665590033889586178/', b'1', '[10-目录  20-菜单 30-内链 40-外链]', 20, '', '', '', 'success', '{\"zh-CN\":\"菜单\",\"en-US\":\"Menu\"}', 11, '2025-08-13 16:18:16.000', 11, '2025-09-24 16:38:22.751');
INSERT INTO `mdc_dict_item` (`id`, `dict_id`, `parent_id`, `uniq_key`, `name`, `data_type`, `dict_type`, `tree_path`, `state`, `remark`, `weight`, `icon`, `css_style`, `css_class`, `prop_type`, `i18n_json`, `created_by`, `created_at`, `updated_by`, `updated_at`) VALUES (665590033889586179, 665590033889586176, NULL, '30', '内链', '1', '20', '/665590033889586179/', b'1', '[10-目录  20-菜单 30-内链 40-外链]', 30, '', '', '', 'cyan', '{\"zh-CN\":\"内链\",\"en-US\":\"Internal Link\"}', 11, '2025-08-13 16:18:23.000', 11, '2025-09-24 16:38:22.751');
INSERT INTO `mdc_dict_item` (`id`, `dict_id`, `parent_id`, `uniq_key`, `name`, `data_type`, `dict_type`, `tree_path`, `state`, `remark`, `weight`, `icon`, `css_style`, `css_class`, `prop_type`, `i18n_json`, `created_by`, `created_at`, `updated_by`, `updated_at`) VALUES (665590033889586181, 665590033889586176, NULL, '40', '外链', '1', '20', '/665590033889586181/', b'1', '[10-目录  20-菜单 30-内链 40-外链]', 40, '', '', '', 'blue', '{\"zh-CN\":\"外链\",\"en-US\":\"External Link\"}', 11, '2025-08-13 16:18:38.000', 11, '2025-09-24 16:38:22.751');
INSERT INTO `mdc_dict_item` (`id`, `dict_id`, `parent_id`, `uniq_key`, `name`, `data_type`, `dict_type`, `tree_path`, `state`, `remark`, `weight`, `icon`, `css_style`, `css_class`, `prop_type`, `i18n_json`, `created_by`, `created_at`, `updated_by`, `updated_at`) VALUES (676984616485625857, 676984616485625856, NULL, '10', '公司', '1', '20', '/676984616485625857/', b'1', '[10-公司 20-部门]', 1, '', '', '', 'success', '{\"zh-CN\":\"公司\",\"en-US\":\"Company\"}', 11, '2025-09-13 08:34:04.778', 11, '2025-09-24 15:18:30.934');
INSERT INTO `mdc_dict_item` (`id`, `dict_id`, `parent_id`, `uniq_key`, `name`, `data_type`, `dict_type`, `tree_path`, `state`, `remark`, `weight`, `icon`, `css_style`, `css_class`, `prop_type`, `i18n_json`, `created_by`, `created_at`, `updated_by`, `updated_at`) VALUES (676984616485625858, 676984616485625856, NULL, '20', '部门', '1', '20', '/676984616485625858/', b'1', '[10-公司 20-部门]', 2, '', '', '', 'processing', '{\"zh-CN\":\"部门\",\"en-US\":\"Department\"}', 11, '2025-09-13 08:34:20.454', 11, '2025-09-24 15:18:30.934');
INSERT INTO `mdc_dict_item` (`id`, `dict_id`, `parent_id`, `uniq_key`, `name`, `data_type`, `dict_type`, `tree_path`, `state`, `remark`, `weight`, `icon`, `css_style`, `css_class`, `prop_type`, `i18n_json`, `created_by`, `created_at`, `updated_by`, `updated_at`) VALUES (678169434753842177, 678169434753842176, NULL, '0', '男', '1', '20', '/678169434753842177/', b'1', '[0-男 1-女]', 1, '', '', '', 'success', '{\"zh-CN\":\"男\",\"en-US\":\"male\"}', 11, '2025-09-16 15:15:30.448', 11, '2025-09-24 15:14:05.038');
INSERT INTO `mdc_dict_item` (`id`, `dict_id`, `parent_id`, `uniq_key`, `name`, `data_type`, `dict_type`, `tree_path`, `state`, `remark`, `weight`, `icon`, `css_style`, `css_class`, `prop_type`, `i18n_json`, `created_by`, `created_at`, `updated_by`, `updated_at`) VALUES (678169434753842178, 678169434753842176, NULL, '1', '女', '1', '20', '/678169434753842178/', b'1', '[0-男 1-女]', 2, '', '', '', 'processing', '{\"zh-CN\":\"女\",\"en-US\":\"female\"}', 11, '2025-09-16 15:15:39.497', 11, '2025-09-24 15:14:05.038');
INSERT INTO `mdc_dict_item` (`id`, `dict_id`, `parent_id`, `uniq_key`, `name`, `data_type`, `dict_type`, `tree_path`, `state`, `remark`, `weight`, `icon`, `css_style`, `css_class`, `prop_type`, `i18n_json`, `created_by`, `created_at`, `updated_by`, `updated_at`) VALUES (679279005195031553, 679279005195031552, NULL, 'zh-CN', '简体中文', '1', '10', '/679279005195031553/', b'1', '[zh-CN 简体中文 en-US English]', 1, '', '', '', '', '{\"zh-CN\":\"简体中文\",\"en-US\":\"Simplified Chinese\"}', 11, '2025-09-19 12:35:01.949', 11, '2025-09-19 12:35:01.949');
INSERT INTO `mdc_dict_item` (`id`, `dict_id`, `parent_id`, `uniq_key`, `name`, `data_type`, `dict_type`, `tree_path`, `state`, `remark`, `weight`, `icon`, `css_style`, `css_class`, `prop_type`, `i18n_json`, `created_by`, `created_at`, `updated_by`, `updated_at`) VALUES (679279005195031554, 679279005195031552, NULL, 'en-US', 'English', '1', '10', '/679279005195031554/', b'1', '', 2, '', '', '', '', '{\"zh-CN\":\"English\",\"en-US\":\"English\"}', 11, '2025-09-19 16:01:52.050', 11, '2025-09-20 08:44:02.736');
INSERT INTO `mdc_dict_item` (`id`, `dict_id`, `parent_id`, `uniq_key`, `name`, `data_type`, `dict_type`, `tree_path`, `state`, `remark`, `weight`, `icon`, `css_style`, `css_class`, `prop_type`, `i18n_json`, `created_by`, `created_at`, `updated_by`, `updated_at`) VALUES (679279005195031556, 679279005195031555, NULL, '100', '100', '1', '10', '/679279005195031556/', b'1', '', 1, '', '', '', '', '{\"zh-CN\":\"100\",\"en-US\":\"100\"}', 11, '2025-09-19 16:54:38.888', 11, '2025-09-19 16:54:38.888');
INSERT INTO `mdc_dict_item` (`id`, `dict_id`, `parent_id`, `uniq_key`, `name`, `data_type`, `dict_type`, `tree_path`, `state`, `remark`, `weight`, `icon`, `css_style`, `css_class`, `prop_type`, `i18n_json`, `created_by`, `created_at`, `updated_by`, `updated_at`) VALUES (679279005195031557, 679279005195031555, NULL, '200', '200', '1', '10', '/679279005195031557/', b'1', '', 2, '', '', '', '', '{\"zh-CN\":\"200\",\"en-US\":\"200\"}', 11, '2025-09-19 16:54:47.642', 11, '2025-09-19 16:54:47.642');
INSERT INTO `mdc_dict_item` (`id`, `dict_id`, `parent_id`, `uniq_key`, `name`, `data_type`, `dict_type`, `tree_path`, `state`, `remark`, `weight`, `icon`, `css_style`, `css_class`, `prop_type`, `i18n_json`, `created_by`, `created_at`, `updated_by`, `updated_at`) VALUES (679279005195031558, 679279005195031555, NULL, '300', '300', '1', '10', '/679279005195031558/', b'1', 'bbb', 3, 'carbon:add-alt', 'color: red', 'mr-2', 'error', '{\"zh-CN\":\"300\",\"en-US\":\"300\"}', 11, '2025-09-19 16:54:58.660', 11, '2025-09-26 22:46:16.289');
INSERT INTO `mdc_dict_item` (`id`, `dict_id`, `parent_id`, `uniq_key`, `name`, `data_type`, `dict_type`, `tree_path`, `state`, `remark`, `weight`, `icon`, `css_style`, `css_class`, `prop_type`, `i18n_json`, `created_by`, `created_at`, `updated_by`, `updated_at`) VALUES (679279005195031559, 679279005195031555, 679279005195031556, '100-1', '100-1', '1', '10', '/679279005195031556/679279005195031559/', b'1', '', 1, '', '', '', '', '{\"zh-CN\":\"100-1\",\"en-US\":\"100-1\"}', 11, '2025-09-19 16:55:13.627', 11, '2025-09-19 16:55:13.627');
INSERT INTO `mdc_dict_item` (`id`, `dict_id`, `parent_id`, `uniq_key`, `name`, `data_type`, `dict_type`, `tree_path`, `state`, `remark`, `weight`, `icon`, `css_style`, `css_class`, `prop_type`, `i18n_json`, `created_by`, `created_at`, `updated_by`, `updated_at`) VALUES (679279005195031560, 679279005195031555, 679279005195031556, '100-2', '100-2', '1', '10', '/679279005195031556/679279005195031560/', b'1', '', 2, '', '', '', '', '{\"zh-CN\":\"100-2\",\"en-US\":\"100-2\"}', 11, '2025-09-19 16:55:26.801', 11, '2025-09-19 16:55:33.194');
INSERT INTO `mdc_dict_item` (`id`, `dict_id`, `parent_id`, `uniq_key`, `name`, `data_type`, `dict_type`, `tree_path`, `state`, `remark`, `weight`, `icon`, `css_style`, `css_class`, `prop_type`, `i18n_json`, `created_by`, `created_at`, `updated_by`, `updated_at`) VALUES (679279005195031561, 679279005195031555, 679279005195031557, '200-1', '200-1', '1', '10', '/679279005195031557/679279005195031561/', b'1', '', 1, '', '', '', '', '{\"zh-CN\":\"200-1\",\"en-US\":\"200-1\"}', 11, '2025-09-19 16:55:47.922', 11, '2025-09-19 16:55:47.922');
INSERT INTO `mdc_dict_item` (`id`, `dict_id`, `parent_id`, `uniq_key`, `name`, `data_type`, `dict_type`, `tree_path`, `state`, `remark`, `weight`, `icon`, `css_style`, `css_class`, `prop_type`, `i18n_json`, `created_by`, `created_at`, `updated_by`, `updated_at`) VALUES (679591528490326017, 679591528490326016, NULL, 'true', '启用', '3', '20', '/679591528490326017/', b'1', '[false-禁用 true-启用]', 1, '', '', '', 'success', '{\"zh-CN\":\"启用\",\"en-US\":\"enabled\"}', 11, '2025-09-20 09:24:01.850', 11, '2025-09-27 00:04:03.848');
INSERT INTO `mdc_dict_item` (`id`, `dict_id`, `parent_id`, `uniq_key`, `name`, `data_type`, `dict_type`, `tree_path`, `state`, `remark`, `weight`, `icon`, `css_style`, `css_class`, `prop_type`, `i18n_json`, `created_by`, `created_at`, `updated_by`, `updated_at`) VALUES (679591528490326018, 679591528490326016, NULL, 'false', '禁用', '3', '20', '/679591528490326018/', b'1', '[false-禁用 true-启用]', 2, '', '', '', 'error', '{\"zh-CN\":\"禁用\",\"en-US\":\"disabled\"}', 11, '2025-09-20 09:24:10.707', 11, '2025-09-27 00:04:03.848');
INSERT INTO `mdc_dict_item` (`id`, `dict_id`, `parent_id`, `uniq_key`, `name`, `data_type`, `dict_type`, `tree_path`, `state`, `remark`, `weight`, `icon`, `css_style`, `css_class`, `prop_type`, `i18n_json`, `created_by`, `created_at`, `updated_by`, `updated_at`) VALUES (680576540584979457, 680576540584979456, NULL, '1', '字符串', '1', '20', '/680576540584979457/', b'1', '', 1, '', '', '', 'success', '{\"zh-CN\":\"字符串\",\"en-US\":\"string\"}', 11, '2025-09-23 00:31:08.446', 11, '2025-10-10 07:06:20.838');
INSERT INTO `mdc_dict_item` (`id`, `dict_id`, `parent_id`, `uniq_key`, `name`, `data_type`, `dict_type`, `tree_path`, `state`, `remark`, `weight`, `icon`, `css_style`, `css_class`, `prop_type`, `i18n_json`, `created_by`, `created_at`, `updated_by`, `updated_at`) VALUES (680576540584979458, 680576540584979456, NULL, '2', '整型', '1', '20', '/680576540584979458/', b'1', '', 2, '', '', '', 'processing', '{\"zh-CN\":\"整型\",\"en-US\":\"int\"}', 11, '2025-09-23 00:31:38.037', 11, '2025-10-10 07:06:26.722');
INSERT INTO `mdc_dict_item` (`id`, `dict_id`, `parent_id`, `uniq_key`, `name`, `data_type`, `dict_type`, `tree_path`, `state`, `remark`, `weight`, `icon`, `css_style`, `css_class`, `prop_type`, `i18n_json`, `created_by`, `created_at`, `updated_by`, `updated_at`) VALUES (680576540584979459, 680576540584979456, NULL, '3', '布尔', '1', '20', '/680576540584979459/', b'1', '', 3, '', '', 'warning', 'processing', '{\"zh-CN\":\"布尔\",\"en-US\":\"boolean\"}', 11, '2025-09-23 00:31:53.074', 11, '2025-10-10 07:06:31.244');
INSERT INTO `mdc_dict_item` (`id`, `dict_id`, `parent_id`, `uniq_key`, `name`, `data_type`, `dict_type`, `tree_path`, `state`, `remark`, `weight`, `icon`, `css_style`, `css_class`, `prop_type`, `i18n_json`, `created_by`, `created_at`, `updated_by`, `updated_at`) VALUES (680576540584979461, 680576540584979460, NULL, '10', '系统字典', '1', '20', '/680576540584979461/', b'1', '[10-系统字典 20-枚举字典 30-业务字典]', 10, '', '', '', 'success', '{\"zh-CN\":\"系统字典\",\"en-US\":\"System Dictionary\"}', 11, '2025-09-23 00:33:35.790', 11, '2025-10-13 22:05:00.546');
INSERT INTO `mdc_dict_item` (`id`, `dict_id`, `parent_id`, `uniq_key`, `name`, `data_type`, `dict_type`, `tree_path`, `state`, `remark`, `weight`, `icon`, `css_style`, `css_class`, `prop_type`, `i18n_json`, `created_by`, `created_at`, `updated_by`, `updated_at`) VALUES (680576540584979462, 680576540584979460, NULL, '20', '枚举字典', '1', '20', '/680576540584979462/', b'0', '[10-系统字典 20-枚举字典 30-业务字典]', 20, '', '', '', 'processing', '{\"zh-CN\":\"枚举字典\",\"en-US\":\"Enum Dictionary\"}', 11, '2025-09-23 00:34:08.925', 11, '2025-10-16 14:40:57.218');
INSERT INTO `mdc_dict_item` (`id`, `dict_id`, `parent_id`, `uniq_key`, `name`, `data_type`, `dict_type`, `tree_path`, `state`, `remark`, `weight`, `icon`, `css_style`, `css_class`, `prop_type`, `i18n_json`, `created_by`, `created_at`, `updated_by`, `updated_at`) VALUES (680576540584979464, 680576540584979463, NULL, 'system', '系统管理', '1', '10', '/680576540584979464/', b'1', '', 1, '', '', '', '', '{\"zh-CN\":\"系统管理\",\"en-US\":\"System Management\"}', 11, '2025-09-23 00:38:15.087', 11, '2025-09-23 00:38:15.087');
INSERT INTO `mdc_dict_item` (`id`, `dict_id`, `parent_id`, `uniq_key`, `name`, `data_type`, `dict_type`, `tree_path`, `state`, `remark`, `weight`, `icon`, `css_style`, `css_class`, `prop_type`, `i18n_json`, `created_by`, `created_at`, `updated_by`, `updated_at`) VALUES (680576540584979465, 680576540584979463, NULL, 'authority', '权限管理', '1', '10', '/680576540584979465/', b'1', '', 2, '', '', '', '', '{\"zh-CN\":\"权限管理\",\"en-US\":\"Authority Management\"}', 11, '2025-09-23 00:38:36.999', 11, '2025-09-23 00:38:36.998');
INSERT INTO `mdc_dict_item` (`id`, `dict_id`, `parent_id`, `uniq_key`, `name`, `data_type`, `dict_type`, `tree_path`, `state`, `remark`, `weight`, `icon`, `css_style`, `css_class`, `prop_type`, `i18n_json`, `created_by`, `created_at`, `updated_by`, `updated_at`) VALUES (680576540584979466, 680576540584979463, NULL, 'org', '组织架构', '1', '10', '/680576540584979466/', b'1', '', 3, '', '', '', '', '{\"zh-CN\":\"组织架构\",\"en-US\":\"Organization Structure\"}', 11, '2025-09-23 00:39:01.079', 11, '2025-09-23 00:39:01.079');
INSERT INTO `mdc_dict_item` (`id`, `dict_id`, `parent_id`, `uniq_key`, `name`, `data_type`, `dict_type`, `tree_path`, `state`, `remark`, `weight`, `icon`, `css_style`, `css_class`, `prop_type`, `i18n_json`, `created_by`, `created_at`, `updated_by`, `updated_at`) VALUES (680576540584979467, 680576540584979463, NULL, 'global', '全局字典', '1', '10', '/680576540584979467/', b'1', '', 0, '', '', '', '', '{\"zh-CN\":\"全局字典\",\"en-US\":\"Global Dictionary\"}', 11, '2025-09-23 16:20:08.021', 11, '2025-09-23 16:20:08.021');
INSERT INTO `mdc_dict_item` (`id`, `dict_id`, `parent_id`, `uniq_key`, `name`, `data_type`, `dict_type`, `tree_path`, `state`, `remark`, `weight`, `icon`, `css_style`, `css_class`, `prop_type`, `i18n_json`, `created_by`, `created_at`, `updated_by`, `updated_at`) VALUES (681196746747438081, 681196746747438080, NULL, 'true', '是', '3', '20', '/681196746747438081/', b'1', '', 0, '', '', '', 'success', '{\"zh-CN\":\"是\",\"en-US\":\"yes\"}', 11, '2025-09-24 16:34:39.072', 11, '2025-10-13 00:28:57.673');
INSERT INTO `mdc_dict_item` (`id`, `dict_id`, `parent_id`, `uniq_key`, `name`, `data_type`, `dict_type`, `tree_path`, `state`, `remark`, `weight`, `icon`, `css_style`, `css_class`, `prop_type`, `i18n_json`, `created_by`, `created_at`, `updated_by`, `updated_at`) VALUES (681196746747438082, 681196746747438080, NULL, 'false', '否', '3', '20', '/681196746747438082/', b'1', '', 1, '', '', '', 'error', '{\"zh-CN\":\"否\",\"en-US\":\"no\"}', 11, '2025-09-24 16:34:39.073', 11, '2025-10-13 00:28:57.673');
INSERT INTO `mdc_dict_item` (`id`, `dict_id`, `parent_id`, `uniq_key`, `name`, `data_type`, `dict_type`, `tree_path`, `state`, `remark`, `weight`, `icon`, `css_style`, `css_class`, `prop_type`, `i18n_json`, `created_by`, `created_at`, `updated_by`, `updated_at`) VALUES (681306375787671552, 680576540584979460, NULL, '30', '业务字典', '1', '20', '/681306375787671552/', b'1', '[10-系统字典 20-枚举字典 30-业务字典]', 30, '', '', '', 'success', '{\"zh-CN\":\"业务字典\",\"en-US\":\"Business Dictionary\"}', 11, '2025-09-24 23:40:46.995', 11, '2025-10-13 21:19:45.661');
INSERT INTO `mdc_dict_item` (`id`, `dict_id`, `parent_id`, `uniq_key`, `name`, `data_type`, `dict_type`, `tree_path`, `state`, `remark`, `weight`, `icon`, `css_style`, `css_class`, `prop_type`, `i18n_json`, `created_by`, `created_at`, `updated_by`, `updated_at`) VALUES (686678744219817984, 679279005195031555, 679279005195031561, '200-1-1', '200-1-1', '1', '30', '/679279005195031557/679279005195031561/686678744219817984/', b'1', '', 1, '', '', '', '', '{\"zh-CN\":\"200-1-1\",\"en-US\":\"200-1-1\"}', 11, '2025-10-09 13:00:23.520', 11, '2025-10-13 16:53:04.341');
INSERT INTO `mdc_dict_item` (`id`, `dict_id`, `parent_id`, `uniq_key`, `name`, `data_type`, `dict_type`, `tree_path`, `state`, `remark`, `weight`, `icon`, `css_style`, `css_class`, `prop_type`, `i18n_json`, `created_by`, `created_at`, `updated_by`, `updated_at`) VALUES (686678744219817985, 679279005195031555, 679279005195031558, '300-1', '300-1', '1', '30', '/679279005195031558/686678744219817985/', b'1', '', 1, '', '', '', '', '{\"zh-CN\":\"300-1\",\"en-US\":\"300-1\"}', 11, '2025-10-09 14:19:13.223', 11, '2025-10-13 16:53:04.341');
INSERT INTO `mdc_dict_item` (`id`, `dict_id`, `parent_id`, `uniq_key`, `name`, `data_type`, `dict_type`, `tree_path`, `state`, `remark`, `weight`, `icon`, `css_style`, `css_class`, `prop_type`, `i18n_json`, `created_by`, `created_at`, `updated_by`, `updated_at`) VALUES (686986968252847105, 686986968252847104, NULL, 'system', '系统参数', '1', '30', '/686986968252847105/', b'1', '', 0, '', '', '', '', '{\"zh-CN\":\"系统参数\",\"en-US\":\"System Parameter\"}', 11, '2025-10-10 07:11:51.567', 11, '2025-10-10 07:11:51.567');
INSERT INTO `mdc_dict_item` (`id`, `dict_id`, `parent_id`, `uniq_key`, `name`, `data_type`, `dict_type`, `tree_path`, `state`, `remark`, `weight`, `icon`, `css_style`, `css_class`, `prop_type`, `i18n_json`, `created_by`, `created_at`, `updated_by`, `updated_at`) VALUES (687032774079060993, 686986968252847104, NULL, 'other', '其他', '1', '30', '/687032774079060993/', b'1', '', 999, '', '', '', '', '{\"zh-CN\":\"其他\",\"en-US\":\"Other\"}', 11, '2025-10-10 12:19:36.378', 11, '2025-10-10 12:19:43.695');
INSERT INTO `mdc_dict_item` (`id`, `dict_id`, `parent_id`, `uniq_key`, `name`, `data_type`, `dict_type`, `tree_path`, `state`, `remark`, `weight`, `icon`, `css_style`, `css_class`, `prop_type`, `i18n_json`, `created_by`, `created_at`, `updated_by`, `updated_at`) VALUES (688313894103983105, 688313894103983104, NULL, 'success', '成功(success)', '1', '30', '/688313894103983105/', b'1', '', 1, '', '', '', 'success', '{\"zh-CN\":\"成功(success)\",\"en-US\":\"success\"}', 11, '2025-10-14 00:37:02.717', 11, '2025-10-15 16:06:53.825');
INSERT INTO `mdc_dict_item` (`id`, `dict_id`, `parent_id`, `uniq_key`, `name`, `data_type`, `dict_type`, `tree_path`, `state`, `remark`, `weight`, `icon`, `css_style`, `css_class`, `prop_type`, `i18n_json`, `created_by`, `created_at`, `updated_by`, `updated_at`) VALUES (688313894103983106, 688313894103983104, NULL, 'processing', '主要(processing)', '1', '30', '/688313894103983106/', b'1', '', 2, '', '', '', 'processing', '{\"zh-CN\":\"主要(processing)\",\"en-US\":\"processing\"}', 11, '2025-10-14 00:37:22.599', 11, '2025-10-15 16:07:00.737');
INSERT INTO `mdc_dict_item` (`id`, `dict_id`, `parent_id`, `uniq_key`, `name`, `data_type`, `dict_type`, `tree_path`, `state`, `remark`, `weight`, `icon`, `css_style`, `css_class`, `prop_type`, `i18n_json`, `created_by`, `created_at`, `updated_by`, `updated_at`) VALUES (688313894103983107, 688313894103983104, NULL, 'error', '危险(error)', '1', '30', '/688313894103983107/', b'1', '', 3, '', '', '', 'error', '{\"zh-CN\":\"危险(error)\",\"en-US\":\"error\"}', 11, '2025-10-14 00:37:51.030', 11, '2025-10-15 16:06:48.656');
INSERT INTO `mdc_dict_item` (`id`, `dict_id`, `parent_id`, `uniq_key`, `name`, `data_type`, `dict_type`, `tree_path`, `state`, `remark`, `weight`, `icon`, `css_style`, `css_class`, `prop_type`, `i18n_json`, `created_by`, `created_at`, `updated_by`, `updated_at`) VALUES (688313894103983108, 688313894103983104, NULL, 'warning', '警告(warning)', '1', '30', '/688313894103983108/', b'1', '', 4, '', '', '', 'warning', '{\"zh-CN\":\"警告(warning)\",\"en-US\":\"warning\"}', 11, '2025-10-14 00:38:18.895', 11, '2025-10-15 16:07:07.810');
INSERT INTO `mdc_dict_item` (`id`, `dict_id`, `parent_id`, `uniq_key`, `name`, `data_type`, `dict_type`, `tree_path`, `state`, `remark`, `weight`, `icon`, `css_style`, `css_class`, `prop_type`, `i18n_json`, `created_by`, `created_at`, `updated_by`, `updated_at`) VALUES (688313894103983109, 688313894103983104, NULL, 'default', '默认(default)', '1', '30', '/688313894103983109/', b'1', '', 5, '', '', '', 'default', '{\"zh-CN\":\"默认(default)\",\"en-US\":\"default\"}', 11, '2025-10-14 00:38:38.308', 11, '2025-10-15 16:07:13.892');
INSERT INTO `mdc_dict_item` (`id`, `dict_id`, `parent_id`, `uniq_key`, `name`, `data_type`, `dict_type`, `tree_path`, `state`, `remark`, `weight`, `icon`, `css_style`, `css_class`, `prop_type`, `i18n_json`, `created_by`, `created_at`, `updated_by`, `updated_at`) VALUES (688313894103983110, 688313894103983104, NULL, 'magenta', '品红(magenta)', '1', '30', '/688313894103983110/', b'1', '', 6, '', '', '', 'magenta', '{\"zh-CN\":\"品红(magenta)\",\"en-US\":\"magenta\"}', 11, '2025-10-14 00:40:12.379', 11, '2025-10-15 16:07:23.052');
INSERT INTO `mdc_dict_item` (`id`, `dict_id`, `parent_id`, `uniq_key`, `name`, `data_type`, `dict_type`, `tree_path`, `state`, `remark`, `weight`, `icon`, `css_style`, `css_class`, `prop_type`, `i18n_json`, `created_by`, `created_at`, `updated_by`, `updated_at`) VALUES (688980301229631488, 688313894103983104, NULL, 'red', 'red(红色)', '1', '30', '/688980301229631488/', b'1', '', 7, '', '', '', '', '{\"zh-CN\":\"red(红色)\",\"en-US\":\"red\"}', 11, '2025-10-15 16:04:19.310', 11, '2025-10-15 16:07:27.894');
INSERT INTO `mdc_dict_item` (`id`, `dict_id`, `parent_id`, `uniq_key`, `name`, `data_type`, `dict_type`, `tree_path`, `state`, `remark`, `weight`, `icon`, `css_style`, `css_class`, `prop_type`, `i18n_json`, `created_by`, `created_at`, `updated_by`, `updated_at`) VALUES (688980301229631489, 688313894103983104, NULL, 'volcano', 'volcano(火山)', '1', '30', '/688980301229631489/', b'1', '', 8, '', '', '', '', '{\"zh-CN\":\"volcano(火山)\",\"en-US\":\"volcano\"}', 11, '2025-10-15 16:04:58.493', 11, '2025-10-15 16:07:32.100');
INSERT INTO `mdc_dict_item` (`id`, `dict_id`, `parent_id`, `uniq_key`, `name`, `data_type`, `dict_type`, `tree_path`, `state`, `remark`, `weight`, `icon`, `css_style`, `css_class`, `prop_type`, `i18n_json`, `created_by`, `created_at`, `updated_by`, `updated_at`) VALUES (688980301229631490, 688313894103983104, NULL, 'gold', '金色(gold)', '1', '30', '/688980301229631490/', b'1', '', 9, '', '', '', '', '{\"zh-CN\":\"金色(gold)\",\"en-US\":\"gold\"}', 11, '2025-10-15 16:07:49.899', 11, '2025-10-15 16:07:49.899');
INSERT INTO `mdc_dict_item` (`id`, `dict_id`, `parent_id`, `uniq_key`, `name`, `data_type`, `dict_type`, `tree_path`, `state`, `remark`, `weight`, `icon`, `css_style`, `css_class`, `prop_type`, `i18n_json`, `created_by`, `created_at`, `updated_by`, `updated_at`) VALUES (688980301229631491, 688313894103983104, NULL, 'lime', '酸橙绿(lime)', '1', '30', '/688980301229631491/', b'1', '', 10, '', '', '', '', '{\"zh-CN\":\"酸橙绿(lime)\",\"en-US\":\"lime\"}', 11, '2025-10-15 16:08:18.418', 11, '2025-10-15 16:08:18.418');
INSERT INTO `mdc_dict_item` (`id`, `dict_id`, `parent_id`, `uniq_key`, `name`, `data_type`, `dict_type`, `tree_path`, `state`, `remark`, `weight`, `icon`, `css_style`, `css_class`, `prop_type`, `i18n_json`, `created_by`, `created_at`, `updated_by`, `updated_at`) VALUES (688980301229631492, 688313894103983104, NULL, 'green', '绿色(green)', '1', '30', '/688980301229631492/', b'1', '', 11, '', '', '', '', '{\"zh-CN\":\"绿色(green)\",\"en-US\":\"green\"}', 11, '2025-10-15 20:32:38.561', 11, '2025-10-15 20:32:38.561');
INSERT INTO `mdc_dict_item` (`id`, `dict_id`, `parent_id`, `uniq_key`, `name`, `data_type`, `dict_type`, `tree_path`, `state`, `remark`, `weight`, `icon`, `css_style`, `css_class`, `prop_type`, `i18n_json`, `created_by`, `created_at`, `updated_by`, `updated_at`) VALUES (688980301229631493, 688313894103983104, NULL, 'cyan', '青色 (cyan)', '1', '30', '/688980301229631493/', b'1', '', 12, '', '', '', '', '{\"zh-CN\":\"青色 (cyan)\",\"en-US\":\"cyan\"}', 11, '2025-10-15 20:33:02.235', 11, '2025-10-15 20:33:02.235');
INSERT INTO `mdc_dict_item` (`id`, `dict_id`, `parent_id`, `uniq_key`, `name`, `data_type`, `dict_type`, `tree_path`, `state`, `remark`, `weight`, `icon`, `css_style`, `css_class`, `prop_type`, `i18n_json`, `created_by`, `created_at`, `updated_by`, `updated_at`) VALUES (688980301229631494, 688313894103983104, NULL, 'blue', '蓝色(blue)', '1', '30', '/688980301229631494/', b'1', '', 13, '', '', '', '', '{\"zh-CN\":\"蓝色(blue)\",\"en-US\":\"blue\"}', 11, '2025-10-15 20:33:24.060', 11, '2025-10-15 20:33:24.060');
INSERT INTO `mdc_dict_item` (`id`, `dict_id`, `parent_id`, `uniq_key`, `name`, `data_type`, `dict_type`, `tree_path`, `state`, `remark`, `weight`, `icon`, `css_style`, `css_class`, `prop_type`, `i18n_json`, `created_by`, `created_at`, `updated_by`, `updated_at`) VALUES (688980301229631495, 688313894103983104, NULL, 'geekblue', '极客蓝(geekblue)', '1', '30', '/688980301229631495/', b'1', '', 14, '', '', '', '', '{\"zh-CN\":\"极客蓝(geekblue)\",\"en-US\":\"geekblue\"}', 11, '2025-10-15 20:33:49.467', 11, '2025-10-15 20:33:49.467');
INSERT INTO `mdc_dict_item` (`id`, `dict_id`, `parent_id`, `uniq_key`, `name`, `data_type`, `dict_type`, `tree_path`, `state`, `remark`, `weight`, `icon`, `css_style`, `css_class`, `prop_type`, `i18n_json`, `created_by`, `created_at`, `updated_by`, `updated_at`) VALUES (688980301229631496, 688313894103983104, NULL, 'purple', '紫色(purple)', '1', '30', '/688980301229631496/', b'1', '', 15, '', '', '', '', '{\"zh-CN\":\"紫色(purple)\",\"en-US\":\"purple\"}', 11, '2025-10-15 20:34:08.972', 11, '2025-10-15 20:34:08.972');
INSERT INTO `mdc_dict_item` (`id`, `dict_id`, `parent_id`, `uniq_key`, `name`, `data_type`, `dict_type`, `tree_path`, `state`, `remark`, `weight`, `icon`, `css_style`, `css_class`, `prop_type`, `i18n_json`, `created_by`, `created_at`, `updated_by`, `updated_at`) VALUES (688980301229631497, 679279005195031555, NULL, '11', '11', '1', '30', '/688980301229631497/', b'1', '', 1, '', '', '', NULL, '{\"zh-CN\":\"11\",\"en-US\":\"11\"}', 11, '2025-10-15 20:47:37.914', 11, '2025-10-15 22:46:51.620');
INSERT INTO `mdc_dict_item` (`id`, `dict_id`, `parent_id`, `uniq_key`, `name`, `data_type`, `dict_type`, `tree_path`, `state`, `remark`, `weight`, `icon`, `css_style`, `css_class`, `prop_type`, `i18n_json`, `created_by`, `created_at`, `updated_by`, `updated_at`) VALUES (688980301229631498, 679279005195031555, NULL, '22', '22', '1', '30', '/688980301229631498/', b'1', '', 1, '', '', '', '#029688', '{\"zh-CN\":\"22\",\"en-US\":\"22\"}', 11, '2025-10-15 20:47:46.744', 11, '2025-10-15 22:33:41.630');
INSERT INTO `mdc_dict_item` (`id`, `dict_id`, `parent_id`, `uniq_key`, `name`, `data_type`, `dict_type`, `tree_path`, `state`, `remark`, `weight`, `icon`, `css_style`, `css_class`, `prop_type`, `i18n_json`, `created_by`, `created_at`, `updated_by`, `updated_at`) VALUES (688980301229631501, 688980301229631500, NULL, 'aaa', '111', '2', '30', '/688980301229631501/', b'1', '', 1, '', '', '', '', '{\"zh-CN\":\"111\",\"en-US\":\"111\"}', 11, '2025-10-15 22:55:13.997', 11, '2025-10-15 23:25:16.017');
INSERT INTO `mdc_dict_item` (`id`, `dict_id`, `parent_id`, `uniq_key`, `name`, `data_type`, `dict_type`, `tree_path`, `state`, `remark`, `weight`, `icon`, `css_style`, `css_class`, `prop_type`, `i18n_json`, `created_by`, `created_at`, `updated_by`, `updated_at`) VALUES (693088965729212416, 680576540584979463, NULL, 'open', '开放平台', '1', '30', '/693088965729212416/', b'1', '', 5, '', '', '', '', '{\"zh-CN\":\"开放平台\",\"en-US\":\"Open Platform\"}', 680083598598475778, '2025-10-26 18:24:52.458', 680083598598475778, '2025-10-26 18:24:52.458');
INSERT INTO `mdc_dict_item` (`id`, `dict_id`, `parent_id`, `uniq_key`, `name`, `data_type`, `dict_type`, `tree_path`, `state`, `remark`, `weight`, `icon`, `css_style`, `css_class`, `prop_type`, `i18n_json`, `created_by`, `created_at`, `updated_by`, `updated_at`) VALUES (693088965729212418, 693088965729212417, NULL, '10', '自建应用', '1', '20', '/693088965729212418/', b'1', '', 0, '', '', '', 'cyan', '{\"zh-CN\":\"自建应用\",\"en-US\":\"Self-built Application\"}', 680083598598475778, '2025-10-26 18:27:01.830', 680083598598475778, '2025-10-26 18:40:02.967');
INSERT INTO `mdc_dict_item` (`id`, `dict_id`, `parent_id`, `uniq_key`, `name`, `data_type`, `dict_type`, `tree_path`, `state`, `remark`, `weight`, `icon`, `css_style`, `css_class`, `prop_type`, `i18n_json`, `created_by`, `created_at`, `updated_by`, `updated_at`) VALUES (693088965729212419, 693088965729212417, NULL, '20', '第三方应用', '1', '20', '/693088965729212419/', b'1', '', 1, '', '', '', 'processing', '{\"zh-CN\":\"第三方应用\",\"en-US\":\"Third-party Application\"}', 680083598598475778, '2025-10-26 18:27:01.835', 680083598598475778, '2025-10-26 18:40:17.199');
INSERT INTO `mdc_dict_item` (`id`, `dict_id`, `parent_id`, `uniq_key`, `name`, `data_type`, `dict_type`, `tree_path`, `state`, `remark`, `weight`, `icon`, `css_style`, `css_class`, `prop_type`, `i18n_json`, `created_by`, `created_at`, `updated_by`, `updated_at`) VALUES (693101472673979393, 693101472673979392, NULL, '10', '单点登录', '1', '20', '/693101472673979393/', b'1', '', 0, '', '', '', 'cyan', '{\"zh-CN\":\"单点登录\",\"en-US\":\"SSO\"}', 680083598598475778, '2025-10-26 18:31:24.096', 680083598598475778, '2025-10-26 18:40:29.268');
INSERT INTO `mdc_dict_item` (`id`, `dict_id`, `parent_id`, `uniq_key`, `name`, `data_type`, `dict_type`, `tree_path`, `state`, `remark`, `weight`, `icon`, `css_style`, `css_class`, `prop_type`, `i18n_json`, `created_by`, `created_at`, `updated_by`, `updated_at`) VALUES (693101472673979394, 693101472673979392, NULL, '20', 'Oauth2认证', '1', '20', '/693101472673979394/', b'1', '', 1, '', '', '', 'processing', '{\"zh-CN\":\"Oauth2认证\",\"en-US\":\"OAuth2 Authentication\"}', 680083598598475778, '2025-10-26 18:31:24.101', 680083598598475778, '2025-10-26 18:40:34.663');
INSERT INTO `mdc_dict_item` (`id`, `dict_id`, `parent_id`, `uniq_key`, `name`, `data_type`, `dict_type`, `tree_path`, `state`, `remark`, `weight`, `icon`, `css_style`, `css_class`, `prop_type`, `i18n_json`, `created_by`, `created_at`, `updated_by`, `updated_at`) VALUES (693756029984868355, 693756029984868354, NULL, '-1', '全局配置', '2', '30', '/693756029984868355/', b'1', '[0-否 1-是 -1-全局配置]', 1, '', '', '', '', '{\"zh-CN\":\"全局配置\",\"en-US\":\"Global Configuration\"}', 680083598598475778, '2025-10-28 15:24:25.710', 680083598598475778, '2025-10-28 15:24:25.710');
INSERT INTO `mdc_dict_item` (`id`, `dict_id`, `parent_id`, `uniq_key`, `name`, `data_type`, `dict_type`, `tree_path`, `state`, `remark`, `weight`, `icon`, `css_style`, `css_class`, `prop_type`, `i18n_json`, `created_by`, `created_at`, `updated_by`, `updated_at`) VALUES (693756029984868356, 693756029984868354, NULL, '1', '创建新的Token', '2', '30', '/693756029984868356/', b'1', '[0-否 1-是 -1-全局配置]', 1, '', '', '', '', '{\"zh-CN\":\"创建新的Token\",\"en-US\":\"Create New Token\"}', 680083598598475778, '2025-10-28 15:25:52.927', 680083598598475778, '2025-10-28 15:25:52.926');
INSERT INTO `mdc_dict_item` (`id`, `dict_id`, `parent_id`, `uniq_key`, `name`, `data_type`, `dict_type`, `tree_path`, `state`, `remark`, `weight`, `icon`, `css_style`, `css_class`, `prop_type`, `i18n_json`, `created_by`, `created_at`, `updated_by`, `updated_at`) VALUES (693756029984868357, 693756029984868354, NULL, '0', '延用旧Token', '2', '30', '/693756029984868357/', b'1', '', 2, '', '', '', '', '{\"zh-CN\":\"延用旧Token\",\"en-US\":\"Reuse Old Token\"}', 680083598598475778, '2025-10-28 15:27:22.806', 680083598598475778, '2025-10-28 15:27:22.806');
INSERT INTO `mdc_dict_item` (`id`, `dict_id`, `parent_id`, `uniq_key`, `name`, `data_type`, `dict_type`, `tree_path`, `state`, `remark`, `weight`, `icon`, `css_style`, `css_class`, `prop_type`, `i18n_json`, `created_by`, `created_at`, `updated_by`, `updated_at`) VALUES (693756029984868359, 693756029984868358, NULL, 'authorization_code', '授权码', '1', '30', '/693756029984868359/', b'1', 'authorization_code,implicit,refresh_token,password,client_credentials', 1, '', '', '', '', '{\"zh-CN\":\"授权码\",\"en-US\":\"authorization_code\"}', 680083598598475778, '2025-10-28 15:29:00.518', 680083598598475778, '2025-10-28 15:29:00.518');
INSERT INTO `mdc_dict_item` (`id`, `dict_id`, `parent_id`, `uniq_key`, `name`, `data_type`, `dict_type`, `tree_path`, `state`, `remark`, `weight`, `icon`, `css_style`, `css_class`, `prop_type`, `i18n_json`, `created_by`, `created_at`, `updated_by`, `updated_at`) VALUES (693756029984868360, 693756029984868358, NULL, 'implicit', '隐藏式', '1', '30', '/693756029984868360/', b'1', 'authorization_code,implicit,refresh_token,password,client_credentials', 2, '', '', '', '', '{\"zh-CN\":\"隐藏式\",\"en-US\":\"implicit\"}', 680083598598475778, '2025-10-28 15:29:19.419', 680083598598475778, '2025-10-28 15:29:19.419');
INSERT INTO `mdc_dict_item` (`id`, `dict_id`, `parent_id`, `uniq_key`, `name`, `data_type`, `dict_type`, `tree_path`, `state`, `remark`, `weight`, `icon`, `css_style`, `css_class`, `prop_type`, `i18n_json`, `created_by`, `created_at`, `updated_by`, `updated_at`) VALUES (693756029984868361, 693756029984868358, NULL, 'refresh_token', '刷新令牌', '1', '30', '/693756029984868361/', b'1', 'authorization_code,implicit,refresh_token,password,client_credentials', 3, '', '', '', '', '{\"zh-CN\":\"刷新令牌\",\"en-US\":\"refresh_token\"}', 680083598598475778, '2025-10-28 15:29:33.893', 680083598598475778, '2025-10-28 15:30:22.587');
INSERT INTO `mdc_dict_item` (`id`, `dict_id`, `parent_id`, `uniq_key`, `name`, `data_type`, `dict_type`, `tree_path`, `state`, `remark`, `weight`, `icon`, `css_style`, `css_class`, `prop_type`, `i18n_json`, `created_by`, `created_at`, `updated_by`, `updated_at`) VALUES (693756029984868362, 693756029984868358, NULL, 'password', '密码式', '1', '30', '/693756029984868362/', b'1', 'authorization_code,implicit,refresh_token,password,client_credentials', 4, '', '', '', '', '{\"zh-CN\":\"密码式\",\"en-US\":\"password\"}', 680083598598475778, '2025-10-28 15:29:53.848', 680083598598475778, '2025-10-28 15:30:13.684');
INSERT INTO `mdc_dict_item` (`id`, `dict_id`, `parent_id`, `uniq_key`, `name`, `data_type`, `dict_type`, `tree_path`, `state`, `remark`, `weight`, `icon`, `css_style`, `css_class`, `prop_type`, `i18n_json`, `created_by`, `created_at`, `updated_by`, `updated_at`) VALUES (693756029984868363, 693756029984868358, NULL, 'client_credentials', '客户端模式', '1', '30', '/693756029984868363/', b'1', 'authorization_code,implicit,refresh_token,password,client_credentials', 5, '', '', '', '', '{\"zh-CN\":\"客户端模式\",\"en-US\":\"client_credentials\"}', 680083598598475778, '2025-10-28 15:30:09.979', 680083598598475778, '2025-10-28 15:30:09.979');
INSERT INTO `mdc_dict_item` (`id`, `dict_id`, `parent_id`, `uniq_key`, `name`, `data_type`, `dict_type`, `tree_path`, `state`, `remark`, `weight`, `icon`, `css_style`, `css_class`, `prop_type`, `i18n_json`, `created_by`, `created_at`, `updated_by`, `updated_at`) VALUES (693756029984868364, 686986968252847104, NULL, 'open', '开发平台', '1', '30', '/693756029984868364/', b'1', '', 2, '', '', '', '', '{\"zh-CN\":\"开发平台\",\"en-US\":\"Development Platform\"}', 680083598598475778, '2025-10-28 16:29:14.286', 680083598598475778, '2025-10-28 16:29:14.286');
INSERT INTO `mdc_dict_item` (`id`, `dict_id`, `parent_id`, `uniq_key`, `name`, `data_type`, `dict_type`, `tree_path`, `state`, `remark`, `weight`, `icon`, `css_style`, `css_class`, `prop_type`, `i18n_json`, `created_by`, `created_at`, `updated_by`, `updated_at`) VALUES (694171744164417537, 694171744164417536, NULL, '1', 'PKCS8(Java适用)', '2', '20', '/694171744164417537/', b'1', '', 0, '', '', '', '', '{\"zh-CN\":\"PKCS8(Java适用)\",\"en-US\":\"PKCS8 (Java Compatible)\"}', 680083598598475778, '2025-10-29 15:41:21.131', 680083598598475778, '2025-10-29 15:43:43.413');
INSERT INTO `mdc_dict_item` (`id`, `dict_id`, `parent_id`, `uniq_key`, `name`, `data_type`, `dict_type`, `tree_path`, `state`, `remark`, `weight`, `icon`, `css_style`, `css_class`, `prop_type`, `i18n_json`, `created_by`, `created_at`, `updated_by`, `updated_at`) VALUES (694171744164417538, 694171744164417536, NULL, '2', 'PKCS1(非Java适用)', '2', '20', '/694171744164417538/', b'1', '', 1, '', '', '', '', '{\"zh-CN\":\"PKCS1(非Java适用)\",\"en-US\":\"PKCS1 (Non-Java Compatible)\"}', 680083598598475778, '2025-10-29 15:41:21.142', 680083598598475778, '2025-10-29 15:43:43.413');
INSERT INTO `mdc_dict_item` (`id`, `dict_id`, `parent_id`, `uniq_key`, `name`, `data_type`, `dict_type`, `tree_path`, `state`, `remark`, `weight`, `icon`, `css_style`, `css_class`, `prop_type`, `i18n_json`, `created_by`, `created_at`, `updated_by`, `updated_at`) VALUES (694522015927279617, 694522015927279616, NULL, '1', '系统注册', '2', '20', '/694522015927279617/', b'1', '', 0, '', '', '', '', '{\"zh-CN\":\"系统注册\",\"en-US\":\"System Registration\"}', 680083598598475778, '2025-10-30 14:20:32.610', 680083598598475778, '2025-10-30 14:24:51.473');
INSERT INTO `mdc_dict_item` (`id`, `dict_id`, `parent_id`, `uniq_key`, `name`, `data_type`, `dict_type`, `tree_path`, `state`, `remark`, `weight`, `icon`, `css_style`, `css_class`, `prop_type`, `i18n_json`, `created_by`, `created_at`, `updated_by`, `updated_at`) VALUES (694522015927279618, 694522015927279616, NULL, '2', '手动注册', '2', '20', '/694522015927279618/', b'1', '', 1, '', '', '', '', '{\"zh-CN\":\"手动注册\",\"en-US\":\"Manual Registration\"}', 680083598598475778, '2025-10-30 14:20:32.632', 680083598598475778, '2025-10-30 14:24:51.473');
INSERT INTO `mdc_dict_item` (`id`, `dict_id`, `parent_id`, `uniq_key`, `name`, `data_type`, `dict_type`, `tree_path`, `state`, `remark`, `weight`, `icon`, `css_style`, `css_class`, `prop_type`, `i18n_json`, `created_by`, `created_at`, `updated_by`, `updated_at`) VALUES (694522015927279620, 694522015927279619, NULL, '1', 'Open模式', '2', '20', '/694522015927279620/', b'1', '', 0, '', '', '', '', '{\"zh-CN\":\"Open模式\",\"en-US\":\"Open Mode\"}', 680083598598475778, '2025-10-30 14:20:32.636', 680083598598475778, '2025-10-30 14:24:48.393');
INSERT INTO `mdc_dict_item` (`id`, `dict_id`, `parent_id`, `uniq_key`, `name`, `data_type`, `dict_type`, `tree_path`, `state`, `remark`, `weight`, `icon`, `css_style`, `css_class`, `prop_type`, `i18n_json`, `created_by`, `created_at`, `updated_by`, `updated_at`) VALUES (694522015927279621, 694522015927279619, NULL, '2', 'Restful模式', '2', '20', '/694522015927279621/', b'1', '', 1, '', '', '', '', '{\"zh-CN\":\"Restful模式\",\"en-US\":\"Restful Mode\"}', 680083598598475778, '2025-10-30 14:20:32.638', 680083598598475778, '2025-10-30 14:24:48.393');
INSERT INTO `mdc_dict_item` (`id`, `dict_id`, `parent_id`, `uniq_key`, `name`, `data_type`, `dict_type`, `tree_path`, `state`, `remark`, `weight`, `icon`, `css_style`, `css_class`, `prop_type`, `i18n_json`, `created_by`, `created_at`, `updated_by`, `updated_at`) VALUES (697244479732118537, 697244479732118536, NULL, '0', '待提交', '2', '20', '/697244479732118537/', b'1', '', 0, '', '', '', 'default', '{\"zh-CN\":\"待提交\",\"en-US\":\"initialized\"}', 680083598598475778, '2025-11-07 00:05:50.413', 680083598598475778, '2026-01-14 16:07:46.353');
INSERT INTO `mdc_dict_item` (`id`, `dict_id`, `parent_id`, `uniq_key`, `name`, `data_type`, `dict_type`, `tree_path`, `state`, `remark`, `weight`, `icon`, `css_style`, `css_class`, `prop_type`, `i18n_json`, `created_by`, `created_at`, `updated_by`, `updated_at`) VALUES (697244479732118538, 697244479732118536, NULL, '1', '申请中', '2', '20', '/697244479732118538/', b'1', '', 1, '', '', '', 'processing', '{\"zh-CN\":\"申请中\",\"en-US\":\"pending\"}', 680083598598475778, '2025-11-07 00:05:50.416', 680083598598475778, '2026-01-14 16:07:46.353');
INSERT INTO `mdc_dict_item` (`id`, `dict_id`, `parent_id`, `uniq_key`, `name`, `data_type`, `dict_type`, `tree_path`, `state`, `remark`, `weight`, `icon`, `css_style`, `css_class`, `prop_type`, `i18n_json`, `created_by`, `created_at`, `updated_by`, `updated_at`) VALUES (697244479732118539, 697244479732118536, NULL, '2', '通过', '2', '20', '/697244479732118539/', b'1', '', 2, '', '', '', 'success', '{\"zh-CN\":\"通过\",\"en-US\":\"approved\"}', 680083598598475778, '2025-11-07 00:05:50.417', 680083598598475778, '2026-01-14 16:07:46.353');
INSERT INTO `mdc_dict_item` (`id`, `dict_id`, `parent_id`, `uniq_key`, `name`, `data_type`, `dict_type`, `tree_path`, `state`, `remark`, `weight`, `icon`, `css_style`, `css_class`, `prop_type`, `i18n_json`, `created_by`, `created_at`, `updated_by`, `updated_at`) VALUES (697244479732118540, 697244479732118536, NULL, '99', '退回', '2', '20', '/697244479732118540/', b'1', '', 3, '', '', '', 'error', '{\"zh-CN\":\"退回\",\"en-US\":\"rejected\"}', 680083598598475778, '2025-11-07 00:05:50.417', 680083598598475778, '2026-01-14 16:07:46.353');
COMMIT;

-- ----------------------------
-- Table structure for mdc_file
-- ----------------------------
DROP TABLE IF EXISTS `mdc_file`;
CREATE TABLE `mdc_file` (
  `id` bigint NOT NULL COMMENT 'ID',
  `object_id` bigint DEFAULT NULL COMMENT '业务id',
  `object_type` varchar(255) CHARACTER SET utf8mb4 COLLATE utf8mb4_general_ci NOT NULL COMMENT '对象类型',
  `file_type` int DEFAULT '1' COMMENT '文件类型',
  `url` varchar(512) CHARACTER SET utf8mb4 COLLATE utf8mb4_general_ci NOT NULL COMMENT '文件访问地址',
  `file_size` bigint DEFAULT NULL COMMENT '文件大小\n单位字节',
  `filename` varchar(255) CHARACTER SET utf8mb4 COLLATE utf8mb4_general_ci DEFAULT NULL COMMENT '文件名称',
  `original_filename` varchar(255) CHARACTER SET utf8mb4 COLLATE utf8mb4_general_ci DEFAULT NULL COMMENT '原始文件名',
  `bucket` varchar(255) CHARACTER SET utf8mb4 COLLATE utf8mb4_general_ci DEFAULT '' COMMENT '桶',
  `base_path` varchar(255) CHARACTER SET utf8mb4 COLLATE utf8mb4_general_ci DEFAULT NULL COMMENT '基础存储路径',
  `path` varchar(255) CHARACTER SET utf8mb4 COLLATE utf8mb4_general_ci DEFAULT NULL COMMENT '存储路径',
  `ext` varchar(32) CHARACTER SET utf8mb4 COLLATE utf8mb4_general_ci DEFAULT NULL COMMENT '文件扩展名',
  `content_type` varchar(128) CHARACTER SET utf8mb4 COLLATE utf8mb4_general_ci DEFAULT NULL COMMENT 'MIME类型',
  `platform` varchar(32) CHARACTER SET utf8mb4 COLLATE utf8mb4_general_ci DEFAULT NULL COMMENT '存储平台',
  `th_url` varchar(512) CHARACTER SET utf8mb4 COLLATE utf8mb4_general_ci DEFAULT NULL COMMENT '缩略图访问路径',
  `th_filename` varchar(255) CHARACTER SET utf8mb4 COLLATE utf8mb4_general_ci DEFAULT NULL COMMENT '缩略图名称',
  `th_size` bigint DEFAULT NULL COMMENT '缩略图大小\n单位字节',
  `th_content_type` varchar(128) CHARACTER SET utf8mb4 COLLATE utf8mb4_general_ci DEFAULT NULL COMMENT '缩略图MIME类型',
  `metadata` text CHARACTER SET utf8mb4 COLLATE utf8mb4_general_ci COMMENT '文件元数据',
  `user_metadata` text CHARACTER SET utf8mb4 COLLATE utf8mb4_general_ci COMMENT '文件用户元数据',
  `th_metadata` text CHARACTER SET utf8mb4 COLLATE utf8mb4_general_ci COMMENT '缩略图元数据',
  `th_user_metadata` text CHARACTER SET utf8mb4 COLLATE utf8mb4_general_ci COMMENT '缩略图用户元数据',
  `attr` text CHARACTER SET utf8mb4 COLLATE utf8mb4_general_ci COMMENT '附加属性',
  `file_acl` varchar(32) CHARACTER SET utf8mb4 COLLATE utf8mb4_general_ci DEFAULT NULL COMMENT '文件ACL',
  `th_file_acl` varchar(32) CHARACTER SET utf8mb4 COLLATE utf8mb4_general_ci DEFAULT NULL COMMENT '缩略图文件ACL',
  `hash_info` text CHARACTER SET utf8mb4 COLLATE utf8mb4_general_ci COMMENT '哈希信息',
  `upload_id` varchar(128) CHARACTER SET utf8mb4 COLLATE utf8mb4_general_ci DEFAULT NULL COMMENT '上传ID\n仅在手动分片上传时使用',
  `upload_status` int DEFAULT NULL COMMENT '上传状态\n仅在手动分片上传时使用，1：初始化完成，2：上传完成',
  `created_at` datetime NOT NULL COMMENT '创建时间',
  `created_by` bigint DEFAULT NULL COMMENT '创建人',
  `updated_at` datetime NOT NULL COMMENT '最后修改时间',
  `updated_by` bigint DEFAULT NULL COMMENT '最后修改人',
  PRIMARY KEY (`id`) USING BTREE
) ENGINE=InnoDB DEFAULT CHARSET=utf8mb4 COLLATE=utf8mb4_general_ci ROW_FORMAT=DYNAMIC COMMENT='文件';

-- ----------------------------
-- Records of mdc_file
-- ----------------------------
BEGIN;
COMMIT;

-- ----------------------------
-- Table structure for mdc_file_part
-- ----------------------------
DROP TABLE IF EXISTS `mdc_file_part`;
CREATE TABLE `mdc_file_part` (
  `id` bigint NOT NULL COMMENT '分片id',
  `platform` varchar(32) CHARACTER SET utf8mb4 COLLATE utf8mb4_general_ci DEFAULT NULL COMMENT '存储平台',
  `upload_id` varchar(128) CHARACTER SET utf8mb4 COLLATE utf8mb4_general_ci DEFAULT NULL COMMENT '上传ID，仅在手动分片上传时使用',
  `e_tag` varchar(255) CHARACTER SET utf8mb4 COLLATE utf8mb4_general_ci DEFAULT NULL COMMENT '分片 ETag',
  `part_number` int DEFAULT NULL COMMENT '分片号。每一个上传的分片都有一个分片号，一般情况下取值范围是1~10000',
  `part_size` bigint DEFAULT NULL COMMENT '文件大小，单位字节',
  `hash_info` text CHARACTER SET utf8mb4 COLLATE utf8mb4_general_ci COMMENT '哈希信息',
  `created_at` datetime NOT NULL COMMENT '创建时间',
  `created_by` bigint DEFAULT NULL COMMENT '创建人',
  `updated_at` datetime NOT NULL COMMENT '最后修改时间',
  `updated_by` bigint DEFAULT NULL COMMENT '最后修改人',
  PRIMARY KEY (`id`) USING BTREE
) ENGINE=InnoDB DEFAULT CHARSET=utf8mb4 COLLATE=utf8mb4_general_ci ROW_FORMAT=DYNAMIC COMMENT='文件分片\n仅在手动分片上传时使用';

-- ----------------------------
-- Records of mdc_file_part
-- ----------------------------
BEGIN;
COMMIT;

-- ----------------------------
-- Table structure for mdc_interface_config
-- ----------------------------
DROP TABLE IF EXISTS `mdc_interface_config`;
CREATE TABLE `mdc_interface_config` (
  `id` bigint NOT NULL COMMENT 'ID',
  `key` varchar(255) NOT NULL COMMENT '接口标识',
  `name` varchar(255) NOT NULL COMMENT '接口名称',
  `msg_type` smallint NOT NULL DEFAULT '2' COMMENT '接口类型\n[1-站内信 2-短信 3-邮件]',
  `exec_mode` smallint NOT NULL DEFAULT '1' COMMENT '执行方式\n[1-实现类 2-脚本 3-magic-api]',
  `script` text COMMENT '实现脚本',
  `impl_class` varchar(255) DEFAULT NULL COMMENT '实现类',
  `magic_api_id` varchar(255) CHARACTER SET utf8mb4 COLLATE utf8mb4_0900_ai_ci DEFAULT NULL COMMENT '实现ID',
  `config_json` longtext CHARACTER SET utf8mb4 COLLATE utf8mb4_0900_ai_ci COMMENT '配置参数\n(JSON存储：AppId, SecretKey等)',
  `state` bit(1) NOT NULL DEFAULT b'1' COMMENT '状态',
  `created_at` datetime(3) DEFAULT NULL COMMENT '创建时间',
  `created_by` bigint DEFAULT NULL COMMENT '创建人',
  `updated_at` datetime(3) DEFAULT NULL COMMENT '修改时间',
  `updated_by` bigint DEFAULT NULL COMMENT '修改人',
  PRIMARY KEY (`id`) USING BTREE,
  UNIQUE KEY `uk_key` (`key`) USING BTREE
) ENGINE=InnoDB DEFAULT CHARSET=utf8mb4 COLLATE=utf8mb4_0900_ai_ci COMMENT='接口';

-- ----------------------------
-- Records of mdc_interface_config
-- ----------------------------
BEGIN;
INSERT INTO `mdc_interface_config` (`id`, `key`, `name`, `msg_type`, `exec_mode`, `script`, `impl_class`, `magic_api_id`, `config_json`, `state`, `created_at`, `created_by`, `updated_at`, `updated_by`) VALUES (36547152327661642, 'NOTICE', '站内信接口', 1, 1, '123123', 'noticeMsgTaskStrategyImpl', NULL, '[]', b'1', '2025-12-22 14:28:55.202', 680083598598475778, '2025-12-22 15:34:44.988', 680083598598475778);
INSERT INTO `mdc_interface_config` (`id`, `key`, `name`, `msg_type`, `exec_mode`, `script`, `impl_class`, `magic_api_id`, `config_json`, `state`, `created_at`, `created_by`, `updated_at`, `updated_by`) VALUES (36597798582018048, 'EMAIL', '邮件接口', 3, 1, NULL, 'mailMsgStrategyImpl', NULL, '[{\"key\":\"port\",\"name\":\"端口号\",\"remark\":\"\",\"value\":\"465\"},{\"key\":\"smtpServer\",\"name\":\"服务器地址\",\"remark\":\"\",\"value\":\"smtp.qq.com\"},{\"key\":\"fromAddress\",\"name\":\"发件人地址\",\"remark\":\"\",\"value\":\"mddata@qq.com\"},{\"key\":\"nickName\",\"name\":\"发送人昵称\",\"remark\":\"\",\"value\":\"统一认证平台\"},{\"key\":\"username\",\"name\":\"账号\",\"remark\":\"\",\"value\":\"mddata@qq.com\"},{\"key\":\"password\",\"name\":\"密码\",\"remark\":\"授权码\",\"value\":\"wcclvfxguvvsbach\"},{\"key\":\"isSsl\",\"name\":\"是否开启ssl\",\"remark\":\"\",\"value\":\"true\"},{\"key\":\"isAuth\",\"name\":\"是否开启验证\",\"remark\":\"\",\"value\":\"true\"},{\"key\":\"retryInterval\",\"name\":\" 重试间隔\",\"remark\":\"（单位：秒），默认为5秒\",\"value\":\"5\"},{\"key\":\"maxRetries\",\"name\":\"重试次数\",\"remark\":\"默认为1次\",\"value\":\"1\"},{\"key\":\"debug\",\"name\":\"调试模式\",\"remark\":\"true-不发送 0-发送\",\"value\":\"false\"}]', b'1', '2025-12-22 14:58:35.235', 680083598598475778, '2025-12-31 00:37:07.923', 680083598598475778);
INSERT INTO `mdc_interface_config` (`id`, `key`, `name`, `msg_type`, `exec_mode`, `script`, `impl_class`, `magic_api_id`, `config_json`, `state`, `created_at`, `created_by`, `updated_at`, `updated_by`) VALUES (36597798582018049, 'chuanglan', '创蓝短信接口', 2, 1, NULL, 'clSmsMsgStrategyImpl', '1', '[{\"key\":\"accessKeyId\",\"name\":\"key\",\"remark\":\"\",\"value\":\"xxyyy\"},{\"key\":\"accessKeySecret\",\"name\":\"秘钥\",\"remark\":\"\",\"value\":\"yyy\"},{\"key\":\"signature\",\"name\":\"短信签名\",\"remark\":\"\",\"value\":\"主数据平台\"},{\"key\":\"debug\",\"name\":\"调试模式\",\"remark\":\"true-不发送 false-发送\",\"value\":\"false\"}]', b'1', '2025-12-22 15:24:06.964', 680083598598475778, '2025-12-30 16:37:32.790', 680083598598475778);
INSERT INTO `mdc_interface_config` (`id`, `key`, `name`, `msg_type`, `exec_mode`, `script`, `impl_class`, `magic_api_id`, `config_json`, `state`, `created_at`, `created_by`, `updated_at`, `updated_by`) VALUES (36597798582018051, 'baidu', '百度云短信', 2, 1, '', 'baiduSmsMsgTaskStrategyImpl', NULL, '[{\"key\":\"accessKeyId\",\"name\":\"key\",\"remark\":\"\",\"value\":\"11\"},{\"key\":\"accessKeySecret\",\"name\":\"秘钥\",\"remark\":\"\",\"value\":\"22\"},{\"key\":\"signature\",\"name\":\"签名\",\"remark\":\"\",\"value\":\"主数据平台\"},{\"key\":\"debug\",\"name\":\"调试模式\",\"remark\":\"true-不发送 false-发送\",\"value\":\"false\"}]', b'1', '2025-12-22 15:24:22.425', 680083598598475778, '2025-12-30 12:33:26.815', 680083598598475778);
INSERT INTO `mdc_interface_config` (`id`, `key`, `name`, `msg_type`, `exec_mode`, `script`, `impl_class`, `magic_api_id`, `config_json`, `state`, `created_at`, `created_by`, `updated_at`, `updated_by`) VALUES (36731939000608769, 'alibaba', '阿里云短信', 2, 1, NULL, 'aliSmsMsgTaskStrategyImpl', NULL, '[{\"key\":\"accessKeyId\",\"name\":\"key\",\"remark\":\"\",\"value\":\"1\"},{\"key\":\"accessKeySecret\",\"name\":\"秘钥\",\"remark\":\"\",\"value\":\"2\"},{\"key\":\"signature\",\"name\":\"短信签名\",\"remark\":\"\",\"value\":\"主数据平台\"},{\"key\":\"debug\",\"name\":\"调试模式\",\"remark\":\"true-不发送 false-发送\",\"value\":\"false\"}]', b'1', '2025-12-22 23:40:02.943', 680083598598475778, '2025-12-30 12:33:39.094', 680083598598475778);
INSERT INTO `mdc_interface_config` (`id`, `key`, `name`, `msg_type`, `exec_mode`, `script`, `impl_class`, `magic_api_id`, `config_json`, `state`, `created_at`, `created_by`, `updated_at`, `updated_by`) VALUES (39193586621433856, 'tencent', '腾讯云短信', 2, 1, NULL, 'tencentSmsMsgTaskStrategyImpl', NULL, '[{\"key\":\"accessKeyId\",\"name\":\"key\",\"remark\":\"\",\"value\":\"1\"},{\"key\":\"accessKeySecret\",\"name\":\"秘钥\",\"remark\":\"\",\"value\":\"2\"},{\"key\":\"signature\",\"name\":\"短信签名\",\"remark\":\"\",\"value\":\"主数据平台\"},{\"key\":\"debug\",\"name\":\"调试模式\",\"remark\":\"true-不发送 false-发送\",\"value\":\"false\"}]', b'1', '2025-12-29 15:53:24.615', 680083598598475778, '2025-12-30 12:34:21.852', 680083598598475778);
INSERT INTO `mdc_interface_config` (`id`, `key`, `name`, `msg_type`, `exec_mode`, `script`, `impl_class`, `magic_api_id`, `config_json`, `state`, `created_at`, `created_by`, `updated_at`, `updated_by`) VALUES (39213811622431745, '111', '1', 1, 1, NULL, 'noticeMsgTaskStrategyImpl', NULL, '[{\"key\":\"1-1\",\"name\":\"1-1\",\"remark\":\"bz\",\"value\":\"111\"},{\"key\":\"222\",\"name\":\"22\",\"remark\":\"222\",\"value\":\"222\"},{\"key\":\"33\",\"name\":\"33\",\"remark\":\"333\",\"value\":\"33\"}]', b'1', '2025-12-29 20:54:30.700', 680083598598475778, '2025-12-30 12:18:35.707', 680083598598475778);
COMMIT;

-- ----------------------------
-- Table structure for mdc_interface_log
-- ----------------------------
DROP TABLE IF EXISTS `mdc_interface_log`;
CREATE TABLE `mdc_interface_log` (
  `id` bigint NOT NULL COMMENT 'id',
  `interface_stat_id` bigint NOT NULL COMMENT '接口ID',
  `exec_start_time` datetime(3) NOT NULL COMMENT '执行开始时间',
  `exec_end_time` datetime(3) DEFAULT NULL COMMENT '执行结束时间',
  `status` smallint DEFAULT '1' COMMENT '执行状态\n[1-初始化 2-成功 3-失败]',
  `param` longtext CHARACTER SET utf8mb4 COLLATE utf8mb4_0900_ai_ci COMMENT '请求参数',
  `result` longtext COMMENT '接口返回',
  `error_msg` longtext COMMENT '异常信息',
  `created_at` datetime(3) DEFAULT NULL COMMENT '创建时间',
  `created_by` bigint DEFAULT NULL COMMENT '创建人',
  `updated_at` datetime(3) DEFAULT NULL COMMENT '修改时间',
  `updated_by` bigint DEFAULT NULL COMMENT '修改人',
  PRIMARY KEY (`id`) USING BTREE
) ENGINE=InnoDB DEFAULT CHARSET=utf8mb4 COLLATE=utf8mb4_0900_ai_ci COMMENT='接口执行日志记录';

-- ----------------------------
-- Records of mdc_interface_log
-- ----------------------------
BEGIN;
COMMIT;

-- ----------------------------
-- Table structure for mdc_interface_stat
-- ----------------------------
DROP TABLE IF EXISTS `mdc_interface_stat`;
CREATE TABLE `mdc_interface_stat` (
  `id` bigint NOT NULL COMMENT 'ID',
  `name` varchar(255) NOT NULL COMMENT '接口名称',
  `success_count` int DEFAULT '0' COMMENT '成功次数',
  `fail_count` int DEFAULT '0' COMMENT '失败次数',
  `last_exec_at` datetime(3) DEFAULT NULL COMMENT '最后执行时间',
  `created_at` datetime(3) DEFAULT NULL COMMENT '创建时间',
  `created_by` bigint DEFAULT NULL COMMENT '创建人',
  `updated_at` datetime(3) DEFAULT NULL COMMENT '修改时间',
  `updated_by` bigint DEFAULT NULL COMMENT '修改人',
  PRIMARY KEY (`id`) USING BTREE
) ENGINE=InnoDB DEFAULT CHARSET=utf8mb4 COLLATE=utf8mb4_0900_ai_ci COMMENT='接口统计';

-- ----------------------------
-- Records of mdc_interface_stat
-- ----------------------------
BEGIN;
INSERT INTO `mdc_interface_stat` (`id`, `name`, `success_count`, `fail_count`, `last_exec_at`, `created_at`, `created_by`, `updated_at`, `updated_by`) VALUES (36547152327661642, '站内信接口', 10, 3, '2026-01-19 16:01:18.051', '2025-12-22 14:28:55.202', 680083598598475778, '2026-01-19 16:01:18.051', 680083598598475778);
INSERT INTO `mdc_interface_stat` (`id`, `name`, `success_count`, `fail_count`, `last_exec_at`, `created_at`, `created_by`, `updated_at`, `updated_by`) VALUES (36597798582018048, '邮件接口', 2, 6, '2026-01-16 23:17:01.497', '2025-12-22 14:58:35.235', 680083598598475778, '2026-01-16 23:17:01.497', NULL);
INSERT INTO `mdc_interface_stat` (`id`, `name`, `success_count`, `fail_count`, `last_exec_at`, `created_at`, `created_by`, `updated_at`, `updated_by`) VALUES (36597798582018049, '创蓝短信接口', 11, 7, '2026-01-09 23:59:38.110', '2025-12-22 15:24:06.964', 680083598598475778, '2026-01-09 23:59:38.113', NULL);
INSERT INTO `mdc_interface_stat` (`id`, `name`, `success_count`, `fail_count`, `last_exec_at`, `created_at`, `created_by`, `updated_at`, `updated_by`) VALUES (36597798582018051, '百度云短信', 0, 3, '2026-01-16 20:02:08.865', '2025-12-22 15:24:22.425', 680083598598475778, '2026-01-16 20:02:08.865', NULL);
INSERT INTO `mdc_interface_stat` (`id`, `name`, `success_count`, `fail_count`, `last_exec_at`, `created_at`, `created_by`, `updated_at`, `updated_by`) VALUES (36731939000608769, '阿里云短信', 0, 0, NULL, '2025-12-22 23:40:02.943', 680083598598475778, '2025-12-29 15:52:22.133', 680083598598475778);
INSERT INTO `mdc_interface_stat` (`id`, `name`, `success_count`, `fail_count`, `last_exec_at`, `created_at`, `created_by`, `updated_at`, `updated_by`) VALUES (39193586621433856, '腾讯云短信', 0, 0, NULL, '2025-12-29 15:53:24.615', 680083598598475778, '2025-12-29 15:53:24.615', 680083598598475778);
INSERT INTO `mdc_interface_stat` (`id`, `name`, `success_count`, `fail_count`, `last_exec_at`, `created_at`, `created_by`, `updated_at`, `updated_by`) VALUES (39213811622431745, '1', 0, 0, NULL, '2025-12-29 20:54:30.700', 680083598598475778, '2025-12-29 20:54:30.700', 680083598598475778);
COMMIT;

-- ----------------------------
-- Table structure for mdc_msg_task
-- ----------------------------
DROP TABLE IF EXISTS `mdc_msg_task`;
CREATE TABLE `mdc_msg_task` (
  `id` bigint NOT NULL COMMENT 'ID',
  `template_id` bigint DEFAULT NULL COMMENT '消息模板',
  `type` smallint NOT NULL DEFAULT '1' COMMENT '消息类型\n[1-站内信 2-短信 3-邮件]',
  `status` smallint NOT NULL DEFAULT '0' COMMENT '执行状态\n[0-草稿 1-待执行 2-执行成功 3-执行失败]',
  `channel` smallint NOT NULL COMMENT '发送渠道\n[1-后台发送 2-API发送 3-JOB发送]',
  `msg_category` smallint DEFAULT NULL COMMENT '消息分类\n[1-待办 2-预警 3-提醒]',
  `recipient_scope` smallint NOT NULL DEFAULT '1' COMMENT '接收范围\n[0-所有人 1-指定用户 2-指定角色 3-指定部门]',
  `param` text CHARACTER SET utf8mb4 COLLATE utf8mb4_0900_ai_ci COMMENT '参数\n需要封装为[{‘key’:‘‘,;’value’:‘‘}, {’key2’:‘‘, ’value2’:‘‘}]格式',
  `title` varchar(255) DEFAULT NULL COMMENT '标题',
  `content` longtext CHARACTER SET utf8mb4 COLLATE utf8mb4_0900_ai_ci NOT NULL COMMENT '发送内容',
  `url` varchar(255) CHARACTER SET utf8mb4 COLLATE utf8mb4_0900_ai_ci DEFAULT NULL COMMENT '跳转地址',
  `is_timing` bit(1) DEFAULT b'0' COMMENT '是否定时发送',
  `scheduled_send_time` datetime(3) DEFAULT NULL COMMENT '计划发送时间',
  `send_time` datetime(3) DEFAULT NULL COMMENT '发送时间',
  `biz_id` bigint DEFAULT NULL COMMENT '业务ID\nApi发送和job发送时指定，用于业务追踪',
  `biz_type` varchar(255) CHARACTER SET utf8mb4 COLLATE utf8mb4_0900_ai_ci DEFAULT NULL COMMENT '业务类型\nApi发送和job发送时指定，用于业务追踪',
  `author` varchar(255) CHARACTER SET utf8mb4 COLLATE utf8mb4_0900_ai_ci DEFAULT NULL COMMENT '发送人',
  `sender_id` bigint DEFAULT NULL COMMENT '发送人ID',
  `created_by` bigint DEFAULT NULL COMMENT '创建人ID',
  `created_at` datetime(3) DEFAULT NULL COMMENT '创建时间',
  `updated_by` bigint DEFAULT NULL COMMENT '最后修改人',
  `updated_at` datetime(3) DEFAULT NULL COMMENT '最后修改时间',
  PRIMARY KEY (`id`) USING BTREE,
  KEY `tempate_id_topic_content` (`template_id`,`title`) USING BTREE
) ENGINE=InnoDB DEFAULT CHARSET=utf8mb4 COLLATE=utf8mb4_0900_ai_ci COMMENT='消息任务';

-- ----------------------------
-- Records of mdc_msg_task
-- ----------------------------
BEGIN;
INSERT INTO `mdc_msg_task` (`id`, `template_id`, `type`, `status`, `channel`, `msg_category`, `recipient_scope`, `param`, `title`, `content`, `url`, `is_timing`, `scheduled_send_time`, `send_time`, `biz_id`, `biz_type`, `author`, `sender_id`, `created_by`, `created_at`, `updated_by`, `updated_at`) VALUES (36547152327661568, NULL, 1, 1, 1, 1, 0, NULL, '站内信1', '站内更新111', NULL, b'0', NULL, NULL, NULL, NULL, 'henhen', 680083598598475778, 680083598598475778, '2025-12-22 11:42:30.050', 680083598598475778, '2025-12-22 11:42:30.050');
INSERT INTO `mdc_msg_task` (`id`, `template_id`, `type`, `status`, `channel`, `msg_category`, `recipient_scope`, `param`, `title`, `content`, `url`, `is_timing`, `scheduled_send_time`, `send_time`, `biz_id`, `biz_type`, `author`, `sender_id`, `created_by`, `created_at`, `updated_by`, `updated_at`) VALUES (36597798582018055, NULL, 1, 1, 1, 1, 0, NULL, '站内信1', '站内更新111', NULL, b'0', NULL, NULL, NULL, NULL, 'henhen', 680083598598475778, 680083598598475778, '2025-12-22 23:28:04.349', 680083598598475778, '2025-12-22 23:28:04.349');
INSERT INTO `mdc_msg_task` (`id`, `template_id`, `type`, `status`, `channel`, `msg_category`, `recipient_scope`, `param`, `title`, `content`, `url`, `is_timing`, `scheduled_send_time`, `send_time`, `biz_id`, `biz_type`, `author`, `sender_id`, `created_by`, `created_at`, `updated_by`, `updated_at`) VALUES (36731939000608768, 36597798582018052, 1, 1, 1, 1, 0, NULL, '站内信1', '站内更新111', NULL, b'0', NULL, NULL, NULL, NULL, 'henhen', 680083598598475778, 680083598598475778, '2025-12-22 23:39:04.234', 680083598598475778, '2025-12-22 23:39:04.233');
INSERT INTO `mdc_msg_task` (`id`, `template_id`, `type`, `status`, `channel`, `msg_category`, `recipient_scope`, `param`, `title`, `content`, `url`, `is_timing`, `scheduled_send_time`, `send_time`, `biz_id`, `biz_type`, `author`, `sender_id`, `created_by`, `created_at`, `updated_by`, `updated_at`) VALUES (36731939000608770, 36597798582018052, 1, 3, 1, 1, 0, NULL, '站内信1', '站内更新111', NULL, b'0', NULL, NULL, NULL, NULL, 'henhen', 680083598598475778, 680083598598475778, '2025-12-22 23:40:16.605', 680083598598475778, '2025-12-22 23:40:16.729');
INSERT INTO `mdc_msg_task` (`id`, `template_id`, `type`, `status`, `channel`, `msg_category`, `recipient_scope`, `param`, `title`, `content`, `url`, `is_timing`, `scheduled_send_time`, `send_time`, `biz_id`, `biz_type`, `author`, `sender_id`, `created_by`, `created_at`, `updated_by`, `updated_at`) VALUES (36731939000608772, 36597798582018052, 1, 3, 1, 1, 0, NULL, '站内信1', '站内更新111', NULL, b'0', NULL, NULL, NULL, NULL, 'henhen', 680083598598475778, 680083598598475778, '2025-12-23 00:13:28.562', 680083598598475778, '2025-12-23 00:13:28.590');
INSERT INTO `mdc_msg_task` (`id`, `template_id`, `type`, `status`, `channel`, `msg_category`, `recipient_scope`, `param`, `title`, `content`, `url`, `is_timing`, `scheduled_send_time`, `send_time`, `biz_id`, `biz_type`, `author`, `sender_id`, `created_by`, `created_at`, `updated_by`, `updated_at`) VALUES (36741005676571648, 36597798582018052, 1, 1, 1, 1, 0, NULL, '站内信1', '站内更新111', NULL, b'0', NULL, NULL, NULL, NULL, 'henhen', 680083598598475778, 680083598598475778, '2025-12-23 00:14:53.991', 680083598598475778, '2025-12-23 00:14:53.990');
INSERT INTO `mdc_msg_task` (`id`, `template_id`, `type`, `status`, `channel`, `msg_category`, `recipient_scope`, `param`, `title`, `content`, `url`, `is_timing`, `scheduled_send_time`, `send_time`, `biz_id`, `biz_type`, `author`, `sender_id`, `created_by`, `created_at`, `updated_by`, `updated_at`) VALUES (36741005676571693, 36597798582018052, 1, 2, 1, 1, 0, NULL, '站内信1', '站内更新111', NULL, b'0', NULL, NULL, NULL, NULL, 'henhen', 680083598598475778, 680083598598475778, '2025-12-23 00:16:38.583', 680083598598475778, '2025-12-23 00:16:38.701');
INSERT INTO `mdc_msg_task` (`id`, `template_id`, `type`, `status`, `channel`, `msg_category`, `recipient_scope`, `param`, `title`, `content`, `url`, `is_timing`, `scheduled_send_time`, `send_time`, `biz_id`, `biz_type`, `author`, `sender_id`, `created_by`, `created_at`, `updated_by`, `updated_at`) VALUES (36741005676571738, 36597798582018052, 1, 2, 1, 1, 1, NULL, '站内信1', '站内更新111', NULL, b'0', NULL, NULL, NULL, NULL, 'henhen', 680083598598475778, 680083598598475778, '2025-12-23 00:18:06.845', 680083598598475778, '2025-12-23 00:18:06.886');
INSERT INTO `mdc_msg_task` (`id`, `template_id`, `type`, `status`, `channel`, `msg_category`, `recipient_scope`, `param`, `title`, `content`, `url`, `is_timing`, `scheduled_send_time`, `send_time`, `biz_id`, `biz_type`, `author`, `sender_id`, `created_by`, `created_at`, `updated_by`, `updated_at`) VALUES (36897114852880384, NULL, 1, 0, 1, 2, 1, NULL, '11', '222', NULL, b'0', NULL, NULL, NULL, NULL, NULL, 680083598598475778, 680083598598475778, '2025-12-23 12:52:19.734', 680083598598475778, '2025-12-23 12:52:19.734');
INSERT INTO `mdc_msg_task` (`id`, `template_id`, `type`, `status`, `channel`, `msg_category`, `recipient_scope`, `param`, `title`, `content`, `url`, `is_timing`, `scheduled_send_time`, `send_time`, `biz_id`, `biz_type`, `author`, `sender_id`, `created_by`, `created_at`, `updated_by`, `updated_at`) VALUES (36897114852880428, 36597798582018052, 1, 2, 1, 2, 1, NULL, '111', '<p>1111</p>', NULL, b'0', NULL, NULL, NULL, NULL, '222', 680083598598475778, 680083598598475778, '2025-12-24 00:13:22.616', 680083598598475778, '2025-12-24 00:13:22.765');
INSERT INTO `mdc_msg_task` (`id`, `template_id`, `type`, `status`, `channel`, `msg_category`, `recipient_scope`, `param`, `title`, `content`, `url`, `is_timing`, `scheduled_send_time`, `send_time`, `biz_id`, `biz_type`, `author`, `sender_id`, `created_by`, `created_at`, `updated_by`, `updated_at`) VALUES (36897114852880435, NULL, 1, 0, 1, 2, 1, NULL, '111', '<p>1111</p>', NULL, b'0', NULL, NULL, NULL, NULL, '222', 680083598598475778, 680083598598475778, '2025-12-24 00:13:25.167', 680083598598475778, '2025-12-24 00:13:25.167');
INSERT INTO `mdc_msg_task` (`id`, `template_id`, `type`, `status`, `channel`, `msg_category`, `recipient_scope`, `param`, `title`, `content`, `url`, `is_timing`, `scheduled_send_time`, `send_time`, `biz_id`, `biz_type`, `author`, `sender_id`, `created_by`, `created_at`, `updated_by`, `updated_at`) VALUES (36897114852880438, 36597798582018052, 1, 2, 1, 2, 1, NULL, '111', '<p>1111</p>', NULL, b'0', NULL, NULL, NULL, NULL, '222', 680083598598475778, 680083598598475778, '2025-12-24 00:13:38.891', 680083598598475778, '2025-12-24 00:13:38.941');
INSERT INTO `mdc_msg_task` (`id`, `template_id`, `type`, `status`, `channel`, `msg_category`, `recipient_scope`, `param`, `title`, `content`, `url`, `is_timing`, `scheduled_send_time`, `send_time`, `biz_id`, `biz_type`, `author`, `sender_id`, `created_by`, `created_at`, `updated_by`, `updated_at`) VALUES (38019754879550481, 36597798582018052, 1, 2, 1, 1, 1, NULL, 'Java基础语法入门', '<h1 id=\"aie-heading-1\">三篇Java入门文档</h1><h1 id=\"aie-heading-2\">文档一：Java基础语法入门</h1><h2 id=\"aie-heading-3\">一、Java简介与环境搭建</h2><p>Java是一种跨平台、面向对象的编程语言，具有“一次编写，到处运行”的特性，广泛应用于后端开发、移动开发等领域。要开展Java开发，首先需完成环境搭建，核心是安装JDK（Java Development Kit，Java开发工具包）。</p><h3 id=\"aie-heading-4\">环境搭建步骤：</h3><ol><li><p>下载JDK：前往Oracle官网（<a target=\"_blank\" rel=\"noopener noreferrer nofollow\" href=\"https://www.oracle.com/java/technologies/downloads/），选择对应操作系统（Windows/macOS/Linux）的JDK版本（推荐Java\">https://www.oracle.com/java/technologies/downloads/），选择对应操作系统（Windows/macOS/Linux）的JDK版本（推荐Java</a> 8或Java 17，兼容性较好）。</p></li><li><p>安装JDK：双击安装包，按向导完成安装，记住安装路径（如Windows下的“C:\\Program Files\\Java\\jdk1.8.0_301”）。</p></li><li><p>配置环境变量：</p><ul><li><p>Windows：右键“此电脑”→“属性”→“高级系统设置”→“环境变量”，在系统变量中新建“JAVA_HOME”，值为JDK安装路径；编辑“Path”变量，添加“%JAVA_HOME%\\bin”和“%JAVA_HOME%\\jre\\bin”。</p></li><li><p>macOS/Linux：打开终端，编辑~/.bash_profile或~/.zshrc文件，添加“export JAVA_HOME=JDK安装路径”“export PATH=$JAVA_HOME/bin:$PATH”，保存后执行“source ~/.bash_profile”生效。</p></li></ul></li><li><p>验证：打开终端，输入“java -version”和“javac -version”，若显示版本信息则说明环境搭建成功。</p></li></ol><h2 id=\"aie-heading-5\">二、第一个Java程序：Hello World</h2><p>环境搭建完成后，编写第一个Java程序，步骤如下：</p><ol><li><p>创建源文件：新建文本文件，命名为“<a target=\"_blank\" rel=\"noopener noreferrer nofollow\" href=\"http://HelloWorld.java\">HelloWorld.java</a>”（注意：文件名必须与类名一致，<a target=\"_blank\" rel=\"noopener noreferrer nofollow\" href=\"http://后缀为.java\">后缀为.java</a>）。</p></li><li><p>编写代码：<br><code>// 定义公共类HelloWorld public class HelloWorld { // 程序入口方法，main方法是Java程序的执行起点 public static void main(String[] args) { // 输出“Hello World!”到控制台 System.out.println(\"Hello World!\"); } }</code></p></li><li><p>编译与运行：</p><ul><li><p>编译：打开终端，进入源文件所在目录，输入“javac <a target=\"_blank\" rel=\"noopener noreferrer nofollow\" href=\"http://HelloWorld.java\">HelloWorld.java</a>”，若没有报错，会生成“HelloWorld.class”字节码文件。</p></li><li><p>运行：输入“java HelloWorld”，控制台将输出“Hello World!”。</p></li></ul></li></ol><h2 id=\"aie-heading-6\">三、核心基础语法</h2><h3 id=\"aie-heading-7\">1. 变量与数据类型</h3><p>Java是强类型语言，变量必须先声明再使用，且声明时需指定数据类型。核心数据类型分为两类：</p><ul><li><p>基本数据类型（8种）：</p><ul><li><p>整数类型：byte（1字节）、short（2字节）、int（4字节，默认）、long（8字节，声明时需加L后缀，如100L）。</p></li><li><p>浮点类型：float（4字节，声明时需加F后缀，如3.14F）、double（8字节，默认）。</p></li><li><p>字符类型：char（2字节，用单引号包裹，如\'a\'、\'中\'）。</p></li><li><p>布尔类型：boolean（1字节，值为true或false）。</p></li></ul></li><li><p>引用数据类型：类（如String）、数组、接口等，默认值为null。</p></li></ul><p>变量声明示例：</p><pre><code class=\"language-java\">\npublic class VariableDemo {\n    public static void main(String[] args) {\n        // 基本数据类型变量\n        int age = 20;\n        double score = 95.5;\n        char gender = \'男\';\n        boolean isPass = true;\n    // 引用数据类型变量\n    String name = \"张三\";\n    \n    // 输出变量值\n    System.out.println(\"姓名：\" + name + \"，年龄：\" + age);\n}}</code></pre><h3 id=\"aie-heading-8\">2. 运算符</h3><p>常用运算符包括：</p><ul><li><p>算术运算符：+（加）、-（减）、<em>（乘）、/（除）、%（取余）、++（自增）、--（自减）。</em></p></li><li><p><em>关系运算符：==（等于）、!=（不等于）、&gt;（大于）、&lt;（小于）、&gt;=（大于等于）、&lt;=（小于等于），结果为boolean类型。</em></p></li><li><p><em>逻辑运算符：&amp;&amp;（短路与）、||（短路或）、!（非），用于连接boolean表达式。</em></p></li><li><p><em>赋值运算符：=、+=、-=、</em>=、/=等。</p></li></ul><h3 id=\"aie-heading-9\">3. 流程控制语句</h3><p>用于控制程序执行顺序，核心包括：</p><ul><li><p>条件语句：if-else、switch-case。</p></li><li><p>循环语句：for、while、do-while。</p></li><li><p>跳转语句：break（跳出循环或switch）、continue（跳过本次循环，进入下一次）。</p></li></ul><p>示例（for循环与if-else）：</p><pre><code class=\"language-java\">\npublic class FlowControlDemo {\npublic static void main(String[] args) {\n// 循环输出1-10的数字，判断奇偶性\nfor (int i = 1; i &lt;= 10; i++) {\nif (i % 2 == 0) {\nSystem.out.println(i + \"是偶数\");\n} else {\nSystem.out.println(i + \"是奇数\");\n}\n}\n}\n}</code></pre><h1 id=\"aie-heading-10\">文档二：Java面向对象基础</h1><h2 id=\"aie-heading-11\">一、面向对象核心概念</h2><p>Java是纯面向对象编程语言，核心思想是“万物皆对象”，即将现实世界中的事物抽象为程序中的“对象”，通过对象的“属性”（特征）和“方法”（行为）描述事物。面向对象有三大特性：封装、继承、多态。</p><p>关键术语：</p><ul><li><p>类：对象的抽象模板，定义了对象的属性和方法，如“Person”类。</p></li><li><p>对象：类的实例化结果，如“张三”是“Person”类的一个对象。</p></li><li><p>属性：类中的成员变量，描述对象的特征，如Person类的name、age。</p></li><li><p>方法：类中的成员函数，描述对象的行为，如Person类的eat()、sleep()。</p></li></ul><h2 id=\"aie-heading-12\">二、类与对象的创建和使用</h2><h3 id=\"aie-heading-13\">1. 定义类</h3><p>类的定义格式：</p><pre><code class=\"language-java\">\n// 定义Person类\npublic class Person {\n// 成员变量（属性）\nString name;\nint age;// 成员方法（行为）\n// 无参数无返回值方法\npublic void eat() {\n    System.out.println(name + \"在吃饭\");\n}\n\n// 有参数有返回值方法\npublic int getAge() {\n    return age;\n}}</code></pre><h3 id=\"aie-heading-14\">2. 创建与使用对象</h3><p>通过“new”关键字创建对象，格式为：<code>类名 对象名 = new 类名();</code>，之后通过“对象名.属性”“对象名.方法()”操作对象。</p><p>示例：</p><pre><code class=\"language-java\">\npublic class PersonTest {\npublic static void main(String[] args) {\n// 创建Person对象\nPerson zhangsan = new Person();    // 给对象的属性赋值\n    zhangsan.name = \"张三\";\n    zhangsan.age = 25;\n    \n    // 调用对象的方法\n    zhangsan.eat();\n    int age = zhangsan.getAge();\n    System.out.println(\"年龄：\" + age);\n}}</code></pre><h3 id=\"aie-heading-15\">3. 构造方法</h3><p>构造方法是类中特殊的方法，用于对象的初始化，创建对象时自动调用。其特点：</p><ul><li><p>方法名与类名完全一致。</p></li><li><p>没有返回值类型（包括void）。</p></li><li><p>若类中未定义构造方法，系统会默认提供一个无参构造方法；若自定义了构造方法，默认无参构造会失效。</p></li></ul><p>示例（带参构造方法）：</p><pre><code class=\"language-java\">\npublic class Person {\nString name;\nint age;// 无参构造方法\npublic Person() {}\n\n// 带参构造方法\npublic Person(String n, int a) {\n    name = n;\n    age = a;\n}\n\npublic void eat() {\n    System.out.println(name + \"在吃饭\");\n}}// 使用带参构造创建对象\npublic class PersonTest {\npublic static void main(String[] args) {\nPerson lisi = new Person(\"李四\", 30);\nlisi.eat(); // 输出：李四在吃饭\n}\n}</code></pre><h2 id=\"aie-heading-16\">三、面向对象三大特性</h2><h3 id=\"aie-heading-17\">1. 封装</h3><p>封装是指将对象的属性和方法隐藏起来，仅通过公共的方法对外提供访问和修改接口，目的是提高代码安全性和可维护性。实现步骤：</p><ol><li><p>将成员变量用“private”修饰（私有访问权限，仅本类可访问）。</p></li><li><p>提供公共的“getter”方法（获取属性值）和“setter”方法（修改属性值）。</p></li></ol><p>示例：</p><pre><code class=\"language-java\">\npublic class Person {\n// 私有成员变量\nprivate String name;\nprivate int age;// getter方法（获取name）\npublic String getName() {\n    return name;\n}\n\n// setter方法（修改name）\npublic void setName(String n) {\n    // 可在setter中添加逻辑校验\n    if (n != null &amp;amp;&amp;amp; !n.equals(\"\")) {\n        name = n;\n    } else {\n        System.out.println(\"姓名不能为空\");\n    }\n}\n\n// getter和setter方法（age）\npublic int getAge() {\n    return age;\n}\n\npublic void setAge(int a) {\n    if (a &amp;gt; 0 &amp;amp;&amp;amp; a &amp;lt; 150) {\n        age = a;\n    } else {\n        System.out.println(\"年龄输入无效\");\n    }\n}}// 使用封装后的类\npublic class PersonTest {\npublic static void main(String[] args) {\nPerson wangwu = new Person();\nwangwu.setName(\"王五\");\nwangwu.setAge(28);\nSystem.out.println(\"姓名：\" + wangwu.getName() + \"，年龄：\" + wangwu.getAge());    wangwu.setAge(200); // 输出：年龄输入无效\n}}</code></pre><h3 id=\"aie-heading-18\">2. 继承</h3><p>继承是指一个类（子类）继承另一个类（父类）的属性和方法，子类可复用父类的代码，同时可添加自己的特有属性和方法，实现代码复用和扩展。Java中类只能单继承（一个子类只能有一个直接父类），通过“extends”关键字实现。</p><p>示例：</p><pre><code class=\"language-java\">\n// 父类：Person\npublic class Person {\nprivate String name;\nprivate int age;// getter和setter方法\npublic String getName() { return name; }\npublic void setName(String name) { this.name = name; }\npublic int getAge() { return age; }\npublic void setAge(int age) { this.age = age; }\n\npublic void eat() {\n    System.out.println(name + \"在吃饭\");\n}}// 子类：Student，继承Person\npublic class Student extends Person {\n// 子类特有属性\nprivate String studentId;// 子类特有方法\npublic void study() {\n    System.out.println(getName() + \"（学号：\" + studentId + \"）在学习\");\n}\n\n// 子类getter和setter方法\npublic String getStudentId() { return studentId; }\npublic void setStudentId(String studentId) { this.studentId = studentId; }}// 测试类\npublic class StudentTest {\npublic static void main(String[] args) {\nStudent zhaoliu = new Student();\nzhaoliu.setName(\"赵六\");\nzhaoliu.setAge(20);\nzhaoliu.setStudentId(\"2024001\");    zhaoliu.eat(); // 继承父类的方法，输出：赵六在吃饭\n    zhaoliu.study(); // 子类特有方法，输出：赵六（学号：2024001）在学习\n}}</code></pre><h3 id=\"aie-heading-19\">3. 多态</h3><p>多态是指同一方法在不同对象上有不同的实现，即“一个接口，多种实现”。实现多态的前提：</p><ul><li><p>存在继承关系（子类继承父类）。</p></li><li><p>子类重写父类的方法（方法名、参数列表、返回值类型完全一致，父类方法不能是private）。</p></li><li><p>父类引用指向子类对象。</p></li></ul><p>示例：</p><pre><code class=\"language-java\">\n// 父类：Animal\npublic class Animal {\npublic void cry() {\nSystem.out.println(\"动物在叫\");\n}\n}// 子类：Dog，重写cry方法\npublic class Dog extends Animal {\n@Override\npublic void cry() {\nSystem.out.println(\"小狗汪汪叫\");\n}\n}// 子类：Cat，重写cry方法\npublic class Cat extends Animal {\n@Override\npublic void cry() {\nSystem.out.println(\"小猫喵喵叫\");\n}\n}// 测试多态\npublic class AnimalTest {\npublic static void main(String[] args) {\n// 父类引用指向子类对象\nAnimal animal1 = new Dog();\nAnimal animal2 = new Cat();    // 调用方法时，实际执行的是子类重写后的方法\n    animal1.cry(); // 输出：小狗汪汪叫\n    animal2.cry(); // 输出：小猫喵喵叫\n}}</code></pre><h1 id=\"aie-heading-20\">文档三：Java常用类与工具类入门</h1><h2 id=\"aie-heading-21\">一、String类（字符串类）</h2><p>String类用于表示字符串，是Java中最常用的类之一。String类是不可变类（字符串对象创建后，其内容不能被修改，修改会创建新的字符串对象）。</p><h3 id=\"aie-heading-22\">1. String对象的创建</h3><pre><code class=\"language-java\">\npublic class StringDemo {\npublic static void main(String[] args) {\n// 方式1：直接赋值（推荐，会复用字符串常量池中的对象）\nString s1 = \"Hello Java\";    // 方式2：通过new关键字创建（会创建新对象，不复用常量池）\n    String s2 = new String(\"Hello Java\");\n    \n    // 比较两个字符串的内容（用equals方法，不要用==）\n    System.out.println(s1.equals(s2)); // 输出：true\n    \n    // 比较两个对象的地址（==）\n    System.out.println(s1 == s2); // 输出：false\n}}</code></pre><h3 id=\"aie-heading-23\">2. 常用方法</h3><ul><li><p>length()：返回字符串的长度。</p></li><li><p>equals(Object obj)：比较两个字符串的内容是否相等（区分大小写）。</p></li><li><p>equalsIgnoreCase(String anotherString)：比较两个字符串的内容是否相等（不区分大小写）。</p></li><li><p>concat(String str)：拼接字符串，等价于“+”。</p></li><li><p>substring(int beginIndex)：从指定索引开始截取字符串，直到末尾。</p></li><li><p>substring(int beginIndex, int endIndex)：从beginIndex截取到endIndex（左闭右开，不包含endIndex）。</p></li><li><p>trim()：去除字符串前后的空白字符（空格、制表符等）。</p></li><li><p>indexOf(String str)：返回指定子串在字符串中第一次出现的索引，若不存在返回-1。</p></li><li><p>replace(CharSequence target, CharSequence replacement)：替换字符串中的指定子串。</p></li></ul><p>示例：</p><pre><code class=\"language-java\">\npublic class StringMethodDemo {\npublic static void main(String[] args) {\nString s = \"  Hello Java World  \";    System.out.println(s.length()); // 输出：17\n    System.out.println(s.trim()); // 输出：Hello Java World\n    System.out.println(s.substring(2, 11)); // 输出：Hello Java\n    System.out.println(s.replace(\"Java\", \"Python\")); // 输出：  Hello Python World  \n    System.out.println(s.indexOf(\"World\")); // 输出：12\n}}</code></pre><h2 id=\"aie-heading-24\">二、ArrayList类（动态数组）</h2><p>ArrayList是Java集合框架中的动态数组类，用于存储多个元素，相比普通数组（固定长度），ArrayList的长度可以动态变化，支持添加、删除、修改元素等操作。ArrayList位于java.util包下，使用前需导入。</p><h3 id=\"aie-heading-25\">1. 基本使用</h3><pre><code class=\"language-java\">\nimport java.util.ArrayList;public class ArrayListDemo {\npublic static void main(String[] args) {\n// 创建ArrayList对象，指定存储String类型的元素\nArrayList&lt;String&gt; list = new ArrayList&lt;&gt;();    // 添加元素（add方法）\n    list.add(\"苹果\");\n    list.add(\"香蕉\");\n    list.add(\"橙子\");\n    System.out.println(list); // 输出：[苹果, 香蕉, 橙子]\n    \n    // 获取元素（get方法，索引从0开始）\n    String fruit = list.get(1);\n    System.out.println(fruit); // 输出：香蕉\n    \n    // 修改元素（set方法）\n    list.set(2, \"葡萄\");\n    System.out.println(list); // 输出：[苹果, 香蕉, 葡萄]\n    \n    // 删除元素（remove方法，可根据索引或元素值删除）\n    list.remove(0); // 删除索引为0的元素\n    System.out.println(list); // 输出：[香蕉, 葡萄]\n    \n    // 获取集合长度（size方法）\n    System.out.println(list.size()); // 输出：2\n    \n    // 遍历集合（for循环）\n    for (int i = 0; i &amp;lt; list.size(); i++) {\n        System.out.println(list.get(i));\n    }\n    \n    // 增强for循环遍历（更简洁）\n    for (String s : list) {\n        System.out.println(s);\n    }\n}}</code></pre><h3 id=\"aie-heading-26\">2. 注意事项</h3><ul><li><p>ArrayList存储的是引用数据类型，不能直接存储基本数据类型（如int、double），若需存储基本数据类型，需使用对应的包装类（Integer、Double等）。</p></li><li><p>示例（存储整数）：<br><code>ArrayList&lt;Integer&gt; numList = new ArrayList&lt;&gt;(); numList.add(10); // 自动装箱（int→Integer） numList.add(20); int num = numList.get(0); // 自动拆箱（Integer→int） System.out.println(num); // 输出：10</code></p></li></ul><h2 id=\"aie-heading-27\">三、Scanner类（输入工具类）</h2><p>Scanner类用于从控制台获取用户输入，是Java入门阶段常用的输入工具，位于java.util包下，使用前需导入。</p><h3 id=\"aie-heading-28\">1. 基本使用</h3><pre><code class=\"language-java\">\nimport java.util.Scanner;public class ScannerDemo {\npublic static void main(String[] args) {\n// 创建Scanner对象，关联控制台输入\nScanner scanner = new Scanner(System.in);    // 获取字符串输入（nextLine()方法）\n    System.out.print(\"请输入姓名：\");\n    String name = scanner.nextLine();\n    \n    // 获取整数输入（nextInt()方法）\n    System.out.print(\"请输入年龄：\");\n    int age = scanner.nextInt();\n    \n    // 获取浮点数输入（nextDouble()方法）\n    System.out.print(\"请输入成绩：\");\n    double score = scanner.nextDouble();\n    \n    // 输出获取到的信息\n    System.out.println(\"姓名：\" + name + \"，年龄：\" + age + \"，成绩：\" + score);\n    \n    // 关闭Scanner（释放资源）\n    scanner.close();\n}}</code></pre><h3 id=\"aie-heading-29\">2. 常用方法</h3><ul><li><p>nextLine()：获取一行字符串（包括空格）。</p></li><li><p>next()：获取一个字符串（以空格或回车为分隔符，不包含空格）。</p></li><li><p>nextInt()：获取整数。</p></li><li><p>nextDouble()：获取浮点数。</p></li><li><p>hasNextInt()：判断下一个输入是否为整数，返回boolean类型（用于避免输入类型错误）。</p></li></ul><h3 id=\"aie-heading-30\">3. 注意事项</h3><p>使用nextInt()、nextDouble()等方法后，若后续使用nextLine()，会导致nextLine()读取到空字符串（因为前一个方法会留下回车符）。解决方法：在nextInt()后添加一行scanner.nextLine()，消耗掉回车符。</p><pre><code class=\"language-java\">\nimport java.util.Scanner;public class ScannerNote {\npublic static void main(String[] args) {\nScanner scanner = new Scanner(System.in);    System.out.print(\"请输入年龄：\");\n    int age = scanner.nextInt();\n    scanner.nextLine(); // 消耗回车符\n    \n    System.out.print(\"请输入姓名：\");\n    String name = scanner.nextLine();\n    \n    System.out.println(\"姓名：\" + name + \"，年龄：\" + age);\n    scanner.close();\n}}</code></pre><blockquote><p>（注：文档部分内容可能由 AI 生成）</p></blockquote><p></p>', NULL, b'0', NULL, NULL, NULL, NULL, '王大人', 680083598598475778, 680083598598475778, '2025-12-26 12:55:02.992', 680083598598475778, '2025-12-26 12:55:03.148');
INSERT INTO `mdc_msg_task` (`id`, `template_id`, `type`, `status`, `channel`, `msg_category`, `recipient_scope`, `param`, `title`, `content`, `url`, `is_timing`, `scheduled_send_time`, `send_time`, `biz_id`, `biz_type`, `author`, `sender_id`, `created_by`, `created_at`, `updated_by`, `updated_at`) VALUES (39506771341696001, 38856689386734595, 2, 1, 2, NULL, 1, '[{\"key\":\"code\",\"value\":\"204416\"}]', '', '', NULL, b'0', NULL, NULL, NULL, NULL, NULL, NULL, NULL, '2025-12-30 12:48:54.838', NULL, '2025-12-30 12:48:54.838');
INSERT INTO `mdc_msg_task` (`id`, `template_id`, `type`, `status`, `channel`, `msg_category`, `recipient_scope`, `param`, `title`, `content`, `url`, `is_timing`, `scheduled_send_time`, `send_time`, `biz_id`, `biz_type`, `author`, `sender_id`, `created_by`, `created_at`, `updated_by`, `updated_at`) VALUES (39506771341696003, 38856689386734595, 2, 1, 2, NULL, 1, '[{\"key\":\"code\",\"value\":\"939748\"}]', '', '', NULL, b'0', NULL, NULL, NULL, NULL, NULL, NULL, NULL, '2025-12-30 12:53:44.027', NULL, '2025-12-30 12:53:44.027');
INSERT INTO `mdc_msg_task` (`id`, `template_id`, `type`, `status`, `channel`, `msg_category`, `recipient_scope`, `param`, `title`, `content`, `url`, `is_timing`, `scheduled_send_time`, `send_time`, `biz_id`, `biz_type`, `author`, `sender_id`, `created_by`, `created_at`, `updated_by`, `updated_at`) VALUES (39553655204702208, 38856689386734595, 2, 2, 2, NULL, 1, '[{\"key\":\"code\",\"value\":\"102623\"}]', '', '【盘江煤电】', NULL, b'0', NULL, NULL, NULL, NULL, NULL, NULL, NULL, '2025-12-30 14:12:01.031', NULL, '2025-12-30 14:12:01.649');
INSERT INTO `mdc_msg_task` (`id`, `template_id`, `type`, `status`, `channel`, `msg_category`, `recipient_scope`, `param`, `title`, `content`, `url`, `is_timing`, `scheduled_send_time`, `send_time`, `biz_id`, `biz_type`, `author`, `sender_id`, `created_by`, `created_at`, `updated_by`, `updated_at`) VALUES (39586249711512576, 38856689386734595, 2, 2, 2, NULL, 1, '[{\"key\":\"code\",\"value\":\"685652\"}]', '', '【盘江煤电】', NULL, b'0', NULL, NULL, NULL, NULL, NULL, NULL, NULL, '2025-12-30 16:15:21.483', NULL, '2025-12-30 16:15:21.956');
INSERT INTO `mdc_msg_task` (`id`, `template_id`, `type`, `status`, `channel`, `msg_category`, `recipient_scope`, `param`, `title`, `content`, `url`, `is_timing`, `scheduled_send_time`, `send_time`, `biz_id`, `biz_type`, `author`, `sender_id`, `created_by`, `created_at`, `updated_by`, `updated_at`) VALUES (39586249711512579, 38856689386734595, 2, 2, 2, NULL, 1, '[{\"key\":\"code\",\"value\":\"282771\"}]', '', '【盘江煤电】', NULL, b'0', NULL, NULL, NULL, NULL, NULL, NULL, NULL, '2025-12-30 16:17:07.164', NULL, '2025-12-30 16:17:07.403');
INSERT INTO `mdc_msg_task` (`id`, `template_id`, `type`, `status`, `channel`, `msg_category`, `recipient_scope`, `param`, `title`, `content`, `url`, `is_timing`, `scheduled_send_time`, `send_time`, `biz_id`, `biz_type`, `author`, `sender_id`, `created_by`, `created_at`, `updated_by`, `updated_at`) VALUES (39586249711512582, 38856689386734595, 2, 2, 2, NULL, 1, '[{\"key\":\"code\",\"value\":\"290349\"}]', '', '【盘江煤电】', NULL, b'0', NULL, NULL, NULL, NULL, NULL, NULL, NULL, '2025-12-30 16:17:23.303', NULL, '2025-12-30 16:17:23.513');
INSERT INTO `mdc_msg_task` (`id`, `template_id`, `type`, `status`, `channel`, `msg_category`, `recipient_scope`, `param`, `title`, `content`, `url`, `is_timing`, `scheduled_send_time`, `send_time`, `biz_id`, `biz_type`, `author`, `sender_id`, `created_by`, `created_at`, `updated_by`, `updated_at`) VALUES (39586249711512585, 38856689386734595, 2, 2, 2, NULL, 1, '[{\"key\":\"code\",\"value\":\"362185\"}]', '', '【盘江煤电】', NULL, b'0', NULL, NULL, NULL, NULL, NULL, NULL, NULL, '2025-12-30 16:17:41.385', NULL, '2025-12-30 16:17:41.625');
INSERT INTO `mdc_msg_task` (`id`, `template_id`, `type`, `status`, `channel`, `msg_category`, `recipient_scope`, `param`, `title`, `content`, `url`, `is_timing`, `scheduled_send_time`, `send_time`, `biz_id`, `biz_type`, `author`, `sender_id`, `created_by`, `created_at`, `updated_by`, `updated_at`) VALUES (39586249711512588, 38856689386734595, 2, 2, 2, NULL, 1, '[{\"key\":\"code\",\"value\":\"302782\"}]', '', '【盘江煤电】', NULL, b'0', NULL, NULL, NULL, NULL, NULL, NULL, NULL, '2025-12-30 16:18:28.948', NULL, '2025-12-30 16:18:29.181');
INSERT INTO `mdc_msg_task` (`id`, `template_id`, `type`, `status`, `channel`, `msg_category`, `recipient_scope`, `param`, `title`, `content`, `url`, `is_timing`, `scheduled_send_time`, `send_time`, `biz_id`, `biz_type`, `author`, `sender_id`, `created_by`, `created_at`, `updated_by`, `updated_at`) VALUES (39586249711512591, 38856689386734595, 2, 2, 2, NULL, 1, '[{\"key\":\"code\",\"value\":\"553633\"}]', '', '【盘江煤电】', NULL, b'0', NULL, NULL, NULL, NULL, NULL, NULL, NULL, '2025-12-30 16:22:05.631', NULL, '2025-12-30 16:23:02.754');
INSERT INTO `mdc_msg_task` (`id`, `template_id`, `type`, `status`, `channel`, `msg_category`, `recipient_scope`, `param`, `title`, `content`, `url`, `is_timing`, `scheduled_send_time`, `send_time`, `biz_id`, `biz_type`, `author`, `sender_id`, `created_by`, `created_at`, `updated_by`, `updated_at`) VALUES (39586249711512594, 38856689386734595, 2, 2, 2, NULL, 1, '[{\"key\":\"code\",\"value\":\"404461\"}]', '', '【盘江煤电】你的验证码为{$var}', NULL, b'0', NULL, NULL, NULL, NULL, NULL, NULL, NULL, '2025-12-30 16:23:43.824', NULL, '2025-12-30 16:23:44.035');
INSERT INTO `mdc_msg_task` (`id`, `template_id`, `type`, `status`, `channel`, `msg_category`, `recipient_scope`, `param`, `title`, `content`, `url`, `is_timing`, `scheduled_send_time`, `send_time`, `biz_id`, `biz_type`, `author`, `sender_id`, `created_by`, `created_at`, `updated_by`, `updated_at`) VALUES (39586249711512597, 38856689386734595, 2, 2, 2, NULL, 1, '[{\"key\":\"code\",\"value\":\"489683\"}]', '', '【主数据平台】你的验证码为{$var}', NULL, b'0', NULL, NULL, NULL, NULL, NULL, NULL, NULL, '2025-12-30 16:25:37.926', NULL, '2025-12-30 16:25:38.178');
INSERT INTO `mdc_msg_task` (`id`, `template_id`, `type`, `status`, `channel`, `msg_category`, `recipient_scope`, `param`, `title`, `content`, `url`, `is_timing`, `scheduled_send_time`, `send_time`, `biz_id`, `biz_type`, `author`, `sender_id`, `created_by`, `created_at`, `updated_by`, `updated_at`) VALUES (39586249711512600, 38856689386734595, 2, 2, 2, NULL, 1, '[{\"key\":\"code\",\"value\":\"367832\"}]', '', '【主数据平台】你的验证码为{$var}', NULL, b'0', NULL, NULL, NULL, NULL, NULL, NULL, NULL, '2025-12-30 16:26:56.528', NULL, '2025-12-30 16:27:20.793');
INSERT INTO `mdc_msg_task` (`id`, `template_id`, `type`, `status`, `channel`, `msg_category`, `recipient_scope`, `param`, `title`, `content`, `url`, `is_timing`, `scheduled_send_time`, `send_time`, `biz_id`, `biz_type`, `author`, `sender_id`, `created_by`, `created_at`, `updated_by`, `updated_at`) VALUES (39586249711512603, 38856689386734595, 2, 2, 2, NULL, 1, '[{\"key\":\"code\",\"value\":\"176793\"}]', '', '【主数据平台】你的验证码为{$var}', NULL, b'0', NULL, NULL, NULL, NULL, NULL, NULL, NULL, '2025-12-30 16:28:01.075', NULL, '2025-12-30 16:28:19.866');
INSERT INTO `mdc_msg_task` (`id`, `template_id`, `type`, `status`, `channel`, `msg_category`, `recipient_scope`, `param`, `title`, `content`, `url`, `is_timing`, `scheduled_send_time`, `send_time`, `biz_id`, `biz_type`, `author`, `sender_id`, `created_by`, `created_at`, `updated_by`, `updated_at`) VALUES (39591317772923904, 38856689386734595, 2, 3, 2, NULL, 1, '[{\"key\":\"code\",\"value\":\"224086\"}]', '', '【主数据平台】你的验证码为{$var}', NULL, b'0', NULL, NULL, NULL, NULL, NULL, NULL, NULL, '2025-12-30 16:35:01.145', NULL, '2025-12-30 16:35:01.612');
INSERT INTO `mdc_msg_task` (`id`, `template_id`, `type`, `status`, `channel`, `msg_category`, `recipient_scope`, `param`, `title`, `content`, `url`, `is_timing`, `scheduled_send_time`, `send_time`, `biz_id`, `biz_type`, `author`, `sender_id`, `created_by`, `created_at`, `updated_by`, `updated_at`) VALUES (39591317772923907, 38856689386734595, 2, 3, 2, NULL, 1, '[{\"key\":\"code\",\"value\":\"123331\"}]', '', '【主数据平台】你的验证码为{$var}', NULL, b'0', NULL, NULL, NULL, NULL, NULL, NULL, NULL, '2025-12-30 16:38:09.932', NULL, '2025-12-30 16:38:18.028');
INSERT INTO `mdc_msg_task` (`id`, `template_id`, `type`, `status`, `channel`, `msg_category`, `recipient_scope`, `param`, `title`, `content`, `url`, `is_timing`, `scheduled_send_time`, `send_time`, `biz_id`, `biz_type`, `author`, `sender_id`, `created_by`, `created_at`, `updated_by`, `updated_at`) VALUES (39591317772923910, 38856689386734595, 2, 3, 2, NULL, 1, '[{\"key\":\"code\",\"value\":\"413300\"}]', '', '【主数据平台】你的验证码为{$var}', NULL, b'0', NULL, NULL, NULL, NULL, NULL, NULL, NULL, '2025-12-30 16:39:17.087', NULL, '2025-12-30 16:39:17.258');
INSERT INTO `mdc_msg_task` (`id`, `template_id`, `type`, `status`, `channel`, `msg_category`, `recipient_scope`, `param`, `title`, `content`, `url`, `is_timing`, `scheduled_send_time`, `send_time`, `biz_id`, `biz_type`, `author`, `sender_id`, `created_by`, `created_at`, `updated_by`, `updated_at`) VALUES (39591317772923913, 38856689386734595, 2, 3, 2, NULL, 1, '[{\"key\":\"code\",\"value\":\"195011\"}]', '', '【主数据平台】你的验证码为{$var}', NULL, b'0', NULL, NULL, NULL, NULL, NULL, NULL, NULL, '2025-12-30 16:41:10.473', NULL, '2025-12-30 16:41:10.734');
INSERT INTO `mdc_msg_task` (`id`, `template_id`, `type`, `status`, `channel`, `msg_category`, `recipient_scope`, `param`, `title`, `content`, `url`, `is_timing`, `scheduled_send_time`, `send_time`, `biz_id`, `biz_type`, `author`, `sender_id`, `created_by`, `created_at`, `updated_by`, `updated_at`) VALUES (39701883116025856, 38856689386734595, 2, 3, 2, NULL, 1, '[{\"key\":\"code\",\"value\":\"404914\"}]', '', '【主数据平台】你的验证码为{$var}', NULL, b'0', NULL, NULL, NULL, NULL, NULL, NULL, NULL, '2025-12-31 00:05:30.508', NULL, '2025-12-31 00:05:31.000');
INSERT INTO `mdc_msg_task` (`id`, `template_id`, `type`, `status`, `channel`, `msg_category`, `recipient_scope`, `param`, `title`, `content`, `url`, `is_timing`, `scheduled_send_time`, `send_time`, `biz_id`, `biz_type`, `author`, `sender_id`, `created_by`, `created_at`, `updated_by`, `updated_at`) VALUES (39701883116025859, 38856689386734599, 3, 1, 2, NULL, 1, '[{\"key\":\"code\",\"value\":\"pIjgvd\"},{\"key\":\"validityPeriod\",\"value\":\"15\"}]', '', '', NULL, b'0', NULL, NULL, NULL, NULL, NULL, NULL, NULL, '2025-12-31 00:13:46.544', NULL, '2025-12-31 00:13:46.544');
INSERT INTO `mdc_msg_task` (`id`, `template_id`, `type`, `status`, `channel`, `msg_category`, `recipient_scope`, `param`, `title`, `content`, `url`, `is_timing`, `scheduled_send_time`, `send_time`, `biz_id`, `biz_type`, `author`, `sender_id`, `created_by`, `created_at`, `updated_by`, `updated_at`) VALUES (39701883116025863, 38856689386734599, 3, 2, 2, NULL, 1, '[{\"key\":\"code\",\"value\":\"ArXoKY\"},{\"key\":\"validityPeriod\",\"value\":\"15\"}]', '邮箱登录', '<!DOCTYPE html>\n<html lang=\"zh-CN\">\n<head>\n    <meta charset=\"UTF-8\">\n    <meta name=\"viewport\" content=\"width=device-width, initial-scale=1.0\">\n    <title>主数据平台 - 注册验证码</title>\n    <style type=\"text/css\">\n        body { margin: 0; padding: 0; font-family: Arial, \"Microsoft YaHei\", sans-serif; background-color: #f8f9fa; }\n        .email-wrapper { max-width: 620px; margin: 24px auto; background: #ffffff; border-radius: 8px; box-shadow: 0 1px 3px rgba(0,0,0,0.08); overflow: hidden; }\n        .email-header { padding: 20px 32px; background: #10b981; }\n        .email-header h1 { margin: 0; color: #fff; font-size: 18px; font-weight: 600; }\n        .email-body { padding: 32px; color: #334155; line-height: 1.7; }\n        .email-body .desc { font-size: 14px; margin-bottom: 24px; }\n        .email-body .code-box { margin: 28px 0; padding: 16px; background: #f8fafc; border-radius: 6px; text-align: center; }\n        .email-body .code { font-size: 32px; font-weight: 700; color: #10b981; letter-spacing: 4px; margin: 0; }\n        .email-body .tips { font-size: 12px; color: #64748b; margin: 16px 0 24px; }\n        .email-body .btn { display: inline-block; margin: 12px 0; padding: 10px 24px; background: #10b981; color: #fff; text-decoration: none; border-radius: 6px; font-size: 14px; font-weight: 600; }\n        .email-footer { padding: 20px 32px; background: #f8f9fa; font-size: 12px; color: #94a3b8; }\n        .email-footer a { color: #10b981; text-decoration: none; }\n    </style>\n</head>\n<body>\n    <div class=\"email-wrapper\">\n        <div class=\"email-header\">\n            <h1>主数据平台 - 账号注册验证</h1>\n        </div>\n        <div class=\"email-body\">\n            <p class=\"desc\">尊敬的用户：</p>\n            <p class=\"desc\">您正在注册主数据平台账号，需验证此邮箱的有效性。请使用以下验证码完成注册：</p>\n            \n            <div class=\"code-box\">\n                <p class=\"code\">ArXoKY</p>\n            </div>\n            \n            <p class=\"tips\">✅ 验证码有效期：15分钟 | 一个验证码仅可使用一次</p>\n            \n            <p>完成验证即可激活账号，立即登录体验：</p>\n            <a href=\"http://mddata.top/login\" class=\"btn\" target=\"_blank\">前往登录</a>\n            \n            <p>若未发起注册操作，可忽略此邮件，您的信息不会被泄露。</p>\n        </div>\n        <div class=\"email-footer\">\n            <p>此邮件由主数据平台自动发送，请勿回复 | 官网：<a href=\"http://mddata.top\" target=\"_blank\">http://mddata.top</a></p>\n        </div>\n    </div>\n</body>\n</html>', NULL, b'0', NULL, NULL, NULL, NULL, NULL, NULL, NULL, '2025-12-31 00:37:37.514', NULL, '2025-12-31 00:37:39.071');
INSERT INTO `mdc_msg_task` (`id`, `template_id`, `type`, `status`, `channel`, `msg_category`, `recipient_scope`, `param`, `title`, `content`, `url`, `is_timing`, `scheduled_send_time`, `send_time`, `biz_id`, `biz_type`, `author`, `sender_id`, `created_by`, `created_at`, `updated_by`, `updated_at`) VALUES (39701883116025867, 38856689386734599, 3, 3, 2, NULL, 1, '[{\"key\":\"code\",\"value\":\"j6ZjD4\"},{\"key\":\"validityPeriod\",\"value\":\"15\"}]', '', '', NULL, b'0', NULL, NULL, NULL, NULL, NULL, NULL, NULL, '2025-12-31 00:45:45.240', NULL, '2025-12-31 00:45:47.741');
INSERT INTO `mdc_msg_task` (`id`, `template_id`, `type`, `status`, `channel`, `msg_category`, `recipient_scope`, `param`, `title`, `content`, `url`, `is_timing`, `scheduled_send_time`, `send_time`, `biz_id`, `biz_type`, `author`, `sender_id`, `created_by`, `created_at`, `updated_by`, `updated_at`) VALUES (39701883116025870, 38856689386734595, 2, 3, 2, NULL, 1, '[{\"key\":\"code\",\"value\":\"847022\"}]', '', '【主数据平台】你的验证码为{$var}', NULL, b'0', NULL, NULL, NULL, NULL, NULL, NULL, NULL, '2025-12-31 00:46:32.789', NULL, '2025-12-31 00:46:33.013');
INSERT INTO `mdc_msg_task` (`id`, `template_id`, `type`, `status`, `channel`, `msg_category`, `recipient_scope`, `param`, `title`, `content`, `url`, `is_timing`, `scheduled_send_time`, `send_time`, `biz_id`, `biz_type`, `author`, `sender_id`, `created_by`, `created_at`, `updated_by`, `updated_at`) VALUES (43415286070394880, 38856689386734596, 2, 3, 2, NULL, 1, '[{\"key\":\"code\",\"value\":\"1113\"}]', '', '【主数据平台】你的验证码为{$var}', NULL, b'0', NULL, NULL, NULL, NULL, NULL, NULL, NULL, '2026-01-09 23:59:37.689', NULL, '2026-01-09 23:59:38.121');
INSERT INTO `mdc_msg_task` (`id`, `template_id`, `type`, `status`, `channel`, `msg_category`, `recipient_scope`, `param`, `title`, `content`, `url`, `is_timing`, `scheduled_send_time`, `send_time`, `biz_id`, `biz_type`, `author`, `sender_id`, `created_by`, `created_at`, `updated_by`, `updated_at`) VALUES (43415286070394884, 38856689386734597, 3, 3, 2, NULL, 1, '[{\"key\":\"code\",\"value\":\"1113\"}]', '', '', NULL, b'0', NULL, NULL, NULL, NULL, NULL, NULL, NULL, '2026-01-10 00:00:33.735', NULL, '2026-01-10 00:00:33.872');
INSERT INTO `mdc_msg_task` (`id`, `template_id`, `type`, `status`, `channel`, `msg_category`, `recipient_scope`, `param`, `title`, `content`, `url`, `is_timing`, `scheduled_send_time`, `send_time`, `biz_id`, `biz_type`, `author`, `sender_id`, `created_by`, `created_at`, `updated_by`, `updated_at`) VALUES (43415286070394887, 36597798582018052, 1, 3, 2, 1, 1, '[{\"key\":\"code\",\"value\":\"1113\"}]', '', '', NULL, b'0', NULL, NULL, NULL, NULL, NULL, NULL, NULL, '2026-01-10 00:00:37.817', NULL, '2026-01-10 00:00:37.872');
INSERT INTO `mdc_msg_task` (`id`, `template_id`, `type`, `status`, `channel`, `msg_category`, `recipient_scope`, `param`, `title`, `content`, `url`, `is_timing`, `scheduled_send_time`, `send_time`, `biz_id`, `biz_type`, `author`, `sender_id`, `created_by`, `created_at`, `updated_by`, `updated_at`) VALUES (43415286070394892, 36597798582018052, 1, 2, 2, 1, 1, '[{\"key\":\"title\",\"value\":\"标题\"},{\"key\":\"content\",\"value\":\"内容\"}]', '标题', '内容', NULL, b'0', NULL, NULL, NULL, NULL, NULL, NULL, NULL, '2026-01-10 00:01:57.056', NULL, '2026-01-10 00:01:57.150');
INSERT INTO `mdc_msg_task` (`id`, `template_id`, `type`, `status`, `channel`, `msg_category`, `recipient_scope`, `param`, `title`, `content`, `url`, `is_timing`, `scheduled_send_time`, `send_time`, `biz_id`, `biz_type`, `author`, `sender_id`, `created_by`, `created_at`, `updated_by`, `updated_at`) VALUES (43415286070394901, 38856689386734597, 3, 2, 2, NULL, 1, '[{\"key\":\"code\",\"value\":\"1111\"},{\"key\":\"validityPeriod\",\"value\":\"2222\"}]', '修改登录邮箱', '<!DOCTYPE html>\n<html lang=\"zh-CN\">\n<head>\n    <meta charset=\"UTF-8\">\n    <meta name=\"viewport\" content=\"width=device-width, initial-scale=1.0\">\n    <title>主数据平台 - 修改邮箱验证码</title>\n    <style type=\"text/css\">\n        body { margin: 0; padding: 0; font-family: Arial, \"Microsoft YaHei\", sans-serif; background-color: #f8f9fa; }\n        .email-wrapper { max-width: 620px; margin: 24px auto; background: #ffffff; border-radius: 8px; box-shadow: 0 1px 3px rgba(0,0,0,0.08); overflow: hidden; }\n        .email-header { padding: 20px 32px; background: #2563eb; }\n        .email-header h1 { margin: 0; color: #fff; font-size: 18px; font-weight: 600; }\n        .email-body { padding: 32px; color: #334155; line-height: 1.7; }\n        .email-body .desc { font-size: 14px; margin-bottom: 24px; }\n        .email-body .code-box { margin: 28px 0; padding: 16px; background: #f8fafc; border-radius: 6px; text-align: center; }\n        .email-body .code { font-size: 32px; font-weight: 700; color: #2563eb; letter-spacing: 4px; margin: 0; }\n        .email-body .tips { font-size: 12px; color: #64748b; margin: 16px 0 24px; }\n        .email-body .safe-tips { color: #ef4444; font-size: 13px; font-weight: 500; }\n        .email-footer { padding: 20px 32px; background: #f8f9fa; font-size: 12px; color: #94a3b8; }\n        .email-footer a { color: #2563eb; text-decoration: none; }\n    </style>\n</head>\n<body>\n    <div class=\"email-wrapper\">\n        <div class=\"email-header\">\n            <h1>主数据平台 - 个人邮箱修改验证</h1>\n        </div>\n        <div class=\"email-body\">\n            <p class=\"desc\">尊敬的用户：</p>\n            <p class=\"desc\">您正在进行【修改个人绑定邮箱】操作，需验证此邮箱的有效性。请使用以下验证码完成验证：</p>\n            \n            <div class=\"code-box\">\n                <p class=\"code\">1111</p>\n            </div>\n            \n            <p class=\"tips\">✅ 验证码有效期：2222分钟 | 请勿将验证码告知他人</p>\n            <p class=\"safe-tips\">⚠️ 若非您本人操作，请立即登录主数据平台修改密码</p>\n            \n            <p>完成验证后，您可登录系统查看安全设置：<a href=\"http://mddata.top\" target=\"_blank\">http://mddata.top</a></p>\n        </div>\n        <div class=\"email-footer\">\n            <p>此邮件由主数据平台自动发送，请勿回复 | 官网：<a href=\"http://mddata.top\" target=\"_blank\">http://mddata.top</a></p>\n        </div>\n    </div>\n</body>\n</html>', NULL, b'0', NULL, NULL, NULL, NULL, NULL, NULL, NULL, '2026-01-10 00:02:14.240', NULL, '2026-01-10 00:02:15.924');
INSERT INTO `mdc_msg_task` (`id`, `template_id`, `type`, `status`, `channel`, `msg_category`, `recipient_scope`, `param`, `title`, `content`, `url`, `is_timing`, `scheduled_send_time`, `send_time`, `biz_id`, `biz_type`, `author`, `sender_id`, `created_by`, `created_at`, `updated_by`, `updated_at`) VALUES (45946774154457088, 36597798582018053, 2, 3, 2, NULL, 1, '[{\"key\":\"code\",\"value\":\"703219\"}]', '', '', NULL, b'0', NULL, NULL, NULL, NULL, NULL, NULL, NULL, '2026-01-16 19:56:02.813', NULL, '2026-01-16 19:56:02.929');
INSERT INTO `mdc_msg_task` (`id`, `template_id`, `type`, `status`, `channel`, `msg_category`, `recipient_scope`, `param`, `title`, `content`, `url`, `is_timing`, `scheduled_send_time`, `send_time`, `biz_id`, `biz_type`, `author`, `sender_id`, `created_by`, `created_at`, `updated_by`, `updated_at`) VALUES (45946774154457091, 36597798582018053, 2, 3, 2, NULL, 1, '[{\"key\":\"code\",\"value\":\"000923\"}]', '', '', NULL, b'0', NULL, NULL, NULL, NULL, NULL, NULL, NULL, '2026-01-16 19:58:35.023', NULL, '2026-01-16 19:58:35.056');
INSERT INTO `mdc_msg_task` (`id`, `template_id`, `type`, `status`, `channel`, `msg_category`, `recipient_scope`, `param`, `title`, `content`, `url`, `is_timing`, `scheduled_send_time`, `send_time`, `biz_id`, `biz_type`, `author`, `sender_id`, `created_by`, `created_at`, `updated_by`, `updated_at`) VALUES (45946774154457101, 36597798582018053, 2, 3, 2, NULL, 1, '[{\"key\":\"code\",\"value\":\"168779\"}]', '', '', NULL, b'0', NULL, NULL, NULL, NULL, NULL, NULL, NULL, '2026-01-16 20:02:08.829', NULL, '2026-01-16 20:02:08.861');
INSERT INTO `mdc_msg_task` (`id`, `template_id`, `type`, `status`, `channel`, `msg_category`, `recipient_scope`, `param`, `title`, `content`, `url`, `is_timing`, `scheduled_send_time`, `send_time`, `biz_id`, `biz_type`, `author`, `sender_id`, `created_by`, `created_at`, `updated_by`, `updated_at`) VALUES (45946774154457104, 38856689386734598, 3, 3, 2, NULL, 1, '[{\"key\":\"code\",\"value\":\"jymVKr\"},{\"key\":\"validityPeriod\",\"value\":\"15\"}]', '', '', NULL, b'0', NULL, NULL, NULL, NULL, NULL, NULL, NULL, '2026-01-16 20:02:42.793', NULL, '2026-01-16 20:02:49.550');
INSERT INTO `mdc_msg_task` (`id`, `template_id`, `type`, `status`, `channel`, `msg_category`, `recipient_scope`, `param`, `title`, `content`, `url`, `is_timing`, `scheduled_send_time`, `send_time`, `biz_id`, `biz_type`, `author`, `sender_id`, `created_by`, `created_at`, `updated_by`, `updated_at`) VALUES (46000701763827714, 45598250443283508, 3, 3, 2, NULL, 1, '[{\"key\":\"resetPasswordUrl\",\"value\":\"http://localhost:7700/#/auth/forget-password-update?token=9ce36609-f301-4d60-993a-d5dda63466f1\"},{\"key\":\"expireTime\",\"value\":\"2\"}]', '', '', NULL, b'0', NULL, NULL, NULL, NULL, NULL, NULL, NULL, '2026-01-16 23:14:26.284', NULL, '2026-01-16 23:14:29.597');
INSERT INTO `mdc_msg_task` (`id`, `template_id`, `type`, `status`, `channel`, `msg_category`, `recipient_scope`, `param`, `title`, `content`, `url`, `is_timing`, `scheduled_send_time`, `send_time`, `biz_id`, `biz_type`, `author`, `sender_id`, `created_by`, `created_at`, `updated_by`, `updated_at`) VALUES (46000701763827717, 45598250443283508, 3, 3, 2, NULL, 1, '[{\"key\":\"resetPasswordUrl\",\"value\":\"http://localhost:7700/#/auth/forget-password-update?token=824315b3-7dad-4835-9b1d-8f57b29e30d2\"},{\"key\":\"expireTime\",\"value\":\"2\"}]', '', '', NULL, b'0', NULL, NULL, NULL, NULL, NULL, NULL, NULL, '2026-01-16 23:14:48.994', NULL, '2026-01-16 23:14:51.651');
INSERT INTO `mdc_msg_task` (`id`, `template_id`, `type`, `status`, `channel`, `msg_category`, `recipient_scope`, `param`, `title`, `content`, `url`, `is_timing`, `scheduled_send_time`, `send_time`, `biz_id`, `biz_type`, `author`, `sender_id`, `created_by`, `created_at`, `updated_by`, `updated_at`) VALUES (46000701763827720, 45598250443283508, 3, 3, 2, NULL, 1, '[{\"key\":\"resetPasswordUrl\",\"value\":\"http://localhost:7700/#/auth/forget-password-update?token=7c9fbe30-d00c-427d-b9c7-4d5e921afeec\"},{\"key\":\"expireTime\",\"value\":\"2\"}]', '', '', NULL, b'0', NULL, NULL, NULL, NULL, NULL, NULL, NULL, '2026-01-16 23:16:58.322', NULL, '2026-01-16 23:17:01.485');
INSERT INTO `mdc_msg_task` (`id`, `template_id`, `type`, `status`, `channel`, `msg_category`, `recipient_scope`, `param`, `title`, `content`, `url`, `is_timing`, `scheduled_send_time`, `send_time`, `biz_id`, `biz_type`, `author`, `sender_id`, `created_by`, `created_at`, `updated_by`, `updated_at`) VALUES (46991056797779968, 36597798582018052, 1, 2, 1, 1, 0, NULL, '管理-所有人', '<p>管理-所有人</p>', NULL, b'0', NULL, NULL, NULL, NULL, '123', 680083598598475778, 680083598598475778, '2026-01-19 15:56:24.409', 680083598598475778, '2026-01-19 15:56:24.634');
INSERT INTO `mdc_msg_task` (`id`, `template_id`, `type`, `status`, `channel`, `msg_category`, `recipient_scope`, `param`, `title`, `content`, `url`, `is_timing`, `scheduled_send_time`, `send_time`, `biz_id`, `biz_type`, `author`, `sender_id`, `created_by`, `created_at`, `updated_by`, `updated_at`) VALUES (46991056797780025, 36597798582018052, 1, 2, 1, 1, 1, NULL, '管理-指定人-孙王赵', '<p>管理-指定人-孙王赵</p>', NULL, b'0', NULL, NULL, NULL, NULL, NULL, 680083598598475778, 680083598598475778, '2026-01-19 15:58:04.620', 680083598598475778, '2026-01-19 15:58:04.688');
INSERT INTO `mdc_msg_task` (`id`, `template_id`, `type`, `status`, `channel`, `msg_category`, `recipient_scope`, `param`, `title`, `content`, `url`, `is_timing`, `scheduled_send_time`, `send_time`, `biz_id`, `biz_type`, `author`, `sender_id`, `created_by`, `created_at`, `updated_by`, `updated_at`) VALUES (46991056797780034, 36597798582018052, 1, 2, 1, 2, 2, NULL, '管理-指定角色-2', '<p>管理-指定角色-2</p>', NULL, b'0', NULL, NULL, NULL, NULL, NULL, 680083598598475778, 680083598598475778, '2026-01-19 16:01:00.420', 680083598598475778, '2026-01-19 16:01:00.480');
INSERT INTO `mdc_msg_task` (`id`, `template_id`, `type`, `status`, `channel`, `msg_category`, `recipient_scope`, `param`, `title`, `content`, `url`, `is_timing`, `scheduled_send_time`, `send_time`, `biz_id`, `biz_type`, `author`, `sender_id`, `created_by`, `created_at`, `updated_by`, `updated_at`) VALUES (46991056797780040, 36597798582018052, 1, 2, 1, 3, 3, NULL, '管理-指定部门-2', '<p>管理-指定部门-2</p>', NULL, b'0', NULL, NULL, NULL, NULL, NULL, 680083598598475778, 680083598598475778, '2026-01-19 16:01:18.003', 680083598598475778, '2026-01-19 16:01:18.057');
COMMIT;

-- ----------------------------
-- Table structure for mdc_msg_task_recipient
-- ----------------------------
DROP TABLE IF EXISTS `mdc_msg_task_recipient`;
CREATE TABLE `mdc_msg_task_recipient` (
  `id` bigint NOT NULL COMMENT 'ID',
  `msg_task_id` bigint NOT NULL COMMENT '消息ID',
  `recipient` varchar(255) CHARACTER SET utf8mb4 COLLATE utf8mb4_0900_ai_ci NOT NULL COMMENT '接收人\n站内信-id 短信-手机号 邮件-邮箱',
  `created_by` bigint DEFAULT NULL COMMENT '创建人',
  `created_at` datetime(3) DEFAULT NULL COMMENT '创建时间',
  `updated_by` bigint DEFAULT NULL COMMENT '最后修改人',
  `updated_at` datetime(3) DEFAULT NULL COMMENT '最后修改时间',
  PRIMARY KEY (`id`) USING BTREE,
  KEY `task_id_tel_num` (`msg_task_id`) USING BTREE
) ENGINE=InnoDB DEFAULT CHARSET=utf8mb4 COLLATE=utf8mb4_0900_ai_ci COMMENT='任务接收人';

-- ----------------------------
-- Records of mdc_msg_task_recipient
-- ----------------------------
BEGIN;
INSERT INTO `mdc_msg_task_recipient` (`id`, `msg_task_id`, `recipient`, `created_by`, `created_at`, `updated_by`, `updated_at`) VALUES (36741005676571739, 36741005676571738, '680083598598475780', 680083598598475778, '2025-12-23 00:18:06.851', 680083598598475778, '2025-12-23 00:18:06.851');
INSERT INTO `mdc_msg_task_recipient` (`id`, `msg_task_id`, `recipient`, `created_by`, `created_at`, `updated_by`, `updated_at`) VALUES (36897114852880385, 36897114852880384, '680083598598475778', 680083598598475778, '2025-12-23 12:52:19.780', 680083598598475778, '2025-12-23 12:52:19.780');
INSERT INTO `mdc_msg_task_recipient` (`id`, `msg_task_id`, `recipient`, `created_by`, `created_at`, `updated_by`, `updated_at`) VALUES (36897114852880386, 36897114852880384, '680083598598475780', 680083598598475778, '2025-12-23 12:52:19.786', 680083598598475778, '2025-12-23 12:52:19.786');
INSERT INTO `mdc_msg_task_recipient` (`id`, `msg_task_id`, `recipient`, `created_by`, `created_at`, `updated_by`, `updated_at`) VALUES (36897114852880387, 36897114852880384, '680083598598475779', 680083598598475778, '2025-12-23 12:52:19.787', 680083598598475778, '2025-12-23 12:52:19.787');
INSERT INTO `mdc_msg_task_recipient` (`id`, `msg_task_id`, `recipient`, `created_by`, `created_at`, `updated_by`, `updated_at`) VALUES (36897114852880429, 36897114852880428, '680083598598475778', 680083598598475778, '2025-12-24 00:13:22.628', 680083598598475778, '2025-12-24 00:13:22.628');
INSERT INTO `mdc_msg_task_recipient` (`id`, `msg_task_id`, `recipient`, `created_by`, `created_at`, `updated_by`, `updated_at`) VALUES (36897114852880430, 36897114852880428, '680083598598475779', 680083598598475778, '2025-12-24 00:13:22.629', 680083598598475778, '2025-12-24 00:13:22.629');
INSERT INTO `mdc_msg_task_recipient` (`id`, `msg_task_id`, `recipient`, `created_by`, `created_at`, `updated_by`, `updated_at`) VALUES (36897114852880436, 36897114852880435, '680083598598475778', 680083598598475778, '2025-12-24 00:13:25.179', 680083598598475778, '2025-12-24 00:13:25.179');
INSERT INTO `mdc_msg_task_recipient` (`id`, `msg_task_id`, `recipient`, `created_by`, `created_at`, `updated_by`, `updated_at`) VALUES (36897114852880437, 36897114852880435, '680083598598475779', 680083598598475778, '2025-12-24 00:13:25.180', 680083598598475778, '2025-12-24 00:13:25.180');
INSERT INTO `mdc_msg_task_recipient` (`id`, `msg_task_id`, `recipient`, `created_by`, `created_at`, `updated_by`, `updated_at`) VALUES (36897114852880439, 36897114852880438, '680083598598475778', 680083598598475778, '2025-12-24 00:13:38.897', 680083598598475778, '2025-12-24 00:13:38.897');
INSERT INTO `mdc_msg_task_recipient` (`id`, `msg_task_id`, `recipient`, `created_by`, `created_at`, `updated_by`, `updated_at`) VALUES (36897114852880440, 36897114852880438, '680083598598475779', 680083598598475778, '2025-12-24 00:13:38.897', 680083598598475778, '2025-12-24 00:13:38.897');
INSERT INTO `mdc_msg_task_recipient` (`id`, `msg_task_id`, `recipient`, `created_by`, `created_at`, `updated_by`, `updated_at`) VALUES (38019754879550482, 38019754879550481, '680083598598475778', 680083598598475778, '2025-12-26 12:55:03.011', 680083598598475778, '2025-12-26 12:55:03.011');
INSERT INTO `mdc_msg_task_recipient` (`id`, `msg_task_id`, `recipient`, `created_by`, `created_at`, `updated_by`, `updated_at`) VALUES (39506771341696002, 39506771341696001, '15218869970', NULL, '2025-12-30 12:48:54.857', NULL, '2025-12-30 12:48:54.857');
INSERT INTO `mdc_msg_task_recipient` (`id`, `msg_task_id`, `recipient`, `created_by`, `created_at`, `updated_by`, `updated_at`) VALUES (39506771341696004, 39506771341696003, '15218869970', NULL, '2025-12-30 12:53:44.040', NULL, '2025-12-30 12:53:44.040');
INSERT INTO `mdc_msg_task_recipient` (`id`, `msg_task_id`, `recipient`, `created_by`, `created_at`, `updated_by`, `updated_at`) VALUES (39553655204702209, 39553655204702208, '15218869970', NULL, '2025-12-30 14:12:01.057', NULL, '2025-12-30 14:12:01.057');
INSERT INTO `mdc_msg_task_recipient` (`id`, `msg_task_id`, `recipient`, `created_by`, `created_at`, `updated_by`, `updated_at`) VALUES (39586249711512577, 39586249711512576, '15218869970', NULL, '2025-12-30 16:15:21.507', NULL, '2025-12-30 16:15:21.507');
INSERT INTO `mdc_msg_task_recipient` (`id`, `msg_task_id`, `recipient`, `created_by`, `created_at`, `updated_by`, `updated_at`) VALUES (39586249711512580, 39586249711512579, '15218869970', NULL, '2025-12-30 16:17:07.170', NULL, '2025-12-30 16:17:07.170');
INSERT INTO `mdc_msg_task_recipient` (`id`, `msg_task_id`, `recipient`, `created_by`, `created_at`, `updated_by`, `updated_at`) VALUES (39586249711512583, 39586249711512582, '15218869970', NULL, '2025-12-30 16:17:23.307', NULL, '2025-12-30 16:17:23.307');
INSERT INTO `mdc_msg_task_recipient` (`id`, `msg_task_id`, `recipient`, `created_by`, `created_at`, `updated_by`, `updated_at`) VALUES (39586249711512586, 39586249711512585, '15218869970', NULL, '2025-12-30 16:17:41.392', NULL, '2025-12-30 16:17:41.392');
INSERT INTO `mdc_msg_task_recipient` (`id`, `msg_task_id`, `recipient`, `created_by`, `created_at`, `updated_by`, `updated_at`) VALUES (39586249711512589, 39586249711512588, '15218869970', NULL, '2025-12-30 16:18:28.953', NULL, '2025-12-30 16:18:28.952');
INSERT INTO `mdc_msg_task_recipient` (`id`, `msg_task_id`, `recipient`, `created_by`, `created_at`, `updated_by`, `updated_at`) VALUES (39586249711512592, 39586249711512591, '15218869970', NULL, '2025-12-30 16:22:05.636', NULL, '2025-12-30 16:22:05.636');
INSERT INTO `mdc_msg_task_recipient` (`id`, `msg_task_id`, `recipient`, `created_by`, `created_at`, `updated_by`, `updated_at`) VALUES (39586249711512595, 39586249711512594, '15218869970', NULL, '2025-12-30 16:23:43.829', NULL, '2025-12-30 16:23:43.829');
INSERT INTO `mdc_msg_task_recipient` (`id`, `msg_task_id`, `recipient`, `created_by`, `created_at`, `updated_by`, `updated_at`) VALUES (39586249711512598, 39586249711512597, '15218869970', NULL, '2025-12-30 16:25:37.931', NULL, '2025-12-30 16:25:37.931');
INSERT INTO `mdc_msg_task_recipient` (`id`, `msg_task_id`, `recipient`, `created_by`, `created_at`, `updated_by`, `updated_at`) VALUES (39586249711512601, 39586249711512600, '15218869970', NULL, '2025-12-30 16:26:56.532', NULL, '2025-12-30 16:26:56.532');
INSERT INTO `mdc_msg_task_recipient` (`id`, `msg_task_id`, `recipient`, `created_by`, `created_at`, `updated_by`, `updated_at`) VALUES (39586249711512604, 39586249711512603, '15218869970', NULL, '2025-12-30 16:28:01.078', NULL, '2025-12-30 16:28:01.078');
INSERT INTO `mdc_msg_task_recipient` (`id`, `msg_task_id`, `recipient`, `created_by`, `created_at`, `updated_by`, `updated_at`) VALUES (39591317772923905, 39591317772923904, '15218869970', NULL, '2025-12-30 16:35:01.170', NULL, '2025-12-30 16:35:01.170');
INSERT INTO `mdc_msg_task_recipient` (`id`, `msg_task_id`, `recipient`, `created_by`, `created_at`, `updated_by`, `updated_at`) VALUES (39591317772923908, 39591317772923907, '15218869970', NULL, '2025-12-30 16:38:09.935', NULL, '2025-12-30 16:38:09.935');
INSERT INTO `mdc_msg_task_recipient` (`id`, `msg_task_id`, `recipient`, `created_by`, `created_at`, `updated_by`, `updated_at`) VALUES (39591317772923911, 39591317772923910, '15218869970', NULL, '2025-12-30 16:39:17.090', NULL, '2025-12-30 16:39:17.090');
INSERT INTO `mdc_msg_task_recipient` (`id`, `msg_task_id`, `recipient`, `created_by`, `created_at`, `updated_by`, `updated_at`) VALUES (39591317772923914, 39591317772923913, '15218869970', NULL, '2025-12-30 16:41:10.476', NULL, '2025-12-30 16:41:10.476');
INSERT INTO `mdc_msg_task_recipient` (`id`, `msg_task_id`, `recipient`, `created_by`, `created_at`, `updated_by`, `updated_at`) VALUES (39701883116025857, 39701883116025856, '15218869970', NULL, '2025-12-31 00:05:30.528', NULL, '2025-12-31 00:05:30.528');
INSERT INTO `mdc_msg_task_recipient` (`id`, `msg_task_id`, `recipient`, `created_by`, `created_at`, `updated_by`, `updated_at`) VALUES (39701883116025860, 39701883116025859, '111@qq.com', NULL, '2025-12-31 00:13:46.557', NULL, '2025-12-31 00:13:46.557');
INSERT INTO `mdc_msg_task_recipient` (`id`, `msg_task_id`, `recipient`, `created_by`, `created_at`, `updated_by`, `updated_at`) VALUES (39701883116025864, 39701883116025863, '306479353@qq.com', NULL, '2025-12-31 00:37:37.517', NULL, '2025-12-31 00:37:37.517');
INSERT INTO `mdc_msg_task_recipient` (`id`, `msg_task_id`, `recipient`, `created_by`, `created_at`, `updated_by`, `updated_at`) VALUES (39701883116025868, 39701883116025867, '3064@qq.com', NULL, '2025-12-31 00:45:45.243', NULL, '2025-12-31 00:45:45.243');
INSERT INTO `mdc_msg_task_recipient` (`id`, `msg_task_id`, `recipient`, `created_by`, `created_at`, `updated_by`, `updated_at`) VALUES (39701883116025871, 39701883116025870, '15218869970', NULL, '2025-12-31 00:46:32.795', NULL, '2025-12-31 00:46:32.795');
INSERT INTO `mdc_msg_task_recipient` (`id`, `msg_task_id`, `recipient`, `created_by`, `created_at`, `updated_by`, `updated_at`) VALUES (43415286070394881, 43415286070394880, '13800000001', NULL, '2026-01-09 23:59:37.705', NULL, '2026-01-09 23:59:37.705');
INSERT INTO `mdc_msg_task_recipient` (`id`, `msg_task_id`, `recipient`, `created_by`, `created_at`, `updated_by`, `updated_at`) VALUES (43415286070394882, 43415286070394880, '13800000002', NULL, '2026-01-09 23:59:37.712', NULL, '2026-01-09 23:59:37.712');
INSERT INTO `mdc_msg_task_recipient` (`id`, `msg_task_id`, `recipient`, `created_by`, `created_at`, `updated_by`, `updated_at`) VALUES (43415286070394885, 43415286070394884, '244387066@qq.com', NULL, '2026-01-10 00:00:33.743', NULL, '2026-01-10 00:00:33.743');
INSERT INTO `mdc_msg_task_recipient` (`id`, `msg_task_id`, `recipient`, `created_by`, `created_at`, `updated_by`, `updated_at`) VALUES (43415286070394888, 43415286070394887, '680083598598475778', NULL, '2026-01-10 00:00:37.835', NULL, '2026-01-10 00:00:37.835');
INSERT INTO `mdc_msg_task_recipient` (`id`, `msg_task_id`, `recipient`, `created_by`, `created_at`, `updated_by`, `updated_at`) VALUES (43415286070394889, 43415286070394887, '680083598598475779', NULL, '2026-01-10 00:00:37.835', NULL, '2026-01-10 00:00:37.835');
INSERT INTO `mdc_msg_task_recipient` (`id`, `msg_task_id`, `recipient`, `created_by`, `created_at`, `updated_by`, `updated_at`) VALUES (43415286070394890, 43415286070394887, '680083598598475780', NULL, '2026-01-10 00:00:37.836', NULL, '2026-01-10 00:00:37.836');
INSERT INTO `mdc_msg_task_recipient` (`id`, `msg_task_id`, `recipient`, `created_by`, `created_at`, `updated_by`, `updated_at`) VALUES (43415286070394893, 43415286070394892, '680083598598475778', NULL, '2026-01-10 00:01:57.064', NULL, '2026-01-10 00:01:57.063');
INSERT INTO `mdc_msg_task_recipient` (`id`, `msg_task_id`, `recipient`, `created_by`, `created_at`, `updated_by`, `updated_at`) VALUES (43415286070394894, 43415286070394892, '680083598598475779', NULL, '2026-01-10 00:01:57.064', NULL, '2026-01-10 00:01:57.064');
INSERT INTO `mdc_msg_task_recipient` (`id`, `msg_task_id`, `recipient`, `created_by`, `created_at`, `updated_by`, `updated_at`) VALUES (43415286070394895, 43415286070394892, '680083598598475780', NULL, '2026-01-10 00:01:57.064', NULL, '2026-01-10 00:01:57.064');
INSERT INTO `mdc_msg_task_recipient` (`id`, `msg_task_id`, `recipient`, `created_by`, `created_at`, `updated_by`, `updated_at`) VALUES (43415286070394902, 43415286070394901, '244387066@qq.com', NULL, '2026-01-10 00:02:14.246', NULL, '2026-01-10 00:02:14.246');
INSERT INTO `mdc_msg_task_recipient` (`id`, `msg_task_id`, `recipient`, `created_by`, `created_at`, `updated_by`, `updated_at`) VALUES (45946774154457089, 45946774154457088, '15218869970', NULL, '2026-01-16 19:56:02.837', NULL, '2026-01-16 19:56:02.837');
INSERT INTO `mdc_msg_task_recipient` (`id`, `msg_task_id`, `recipient`, `created_by`, `created_at`, `updated_by`, `updated_at`) VALUES (45946774154457092, 45946774154457091, '15218869970', NULL, '2026-01-16 19:58:35.031', NULL, '2026-01-16 19:58:35.031');
INSERT INTO `mdc_msg_task_recipient` (`id`, `msg_task_id`, `recipient`, `created_by`, `created_at`, `updated_by`, `updated_at`) VALUES (45946774154457102, 45946774154457101, '15218869970', NULL, '2026-01-16 20:02:08.834', NULL, '2026-01-16 20:02:08.834');
INSERT INTO `mdc_msg_task_recipient` (`id`, `msg_task_id`, `recipient`, `created_by`, `created_at`, `updated_by`, `updated_at`) VALUES (45946774154457105, 45946774154457104, '1166@qq.com', NULL, '2026-01-16 20:02:42.800', NULL, '2026-01-16 20:02:42.800');
INSERT INTO `mdc_msg_task_recipient` (`id`, `msg_task_id`, `recipient`, `created_by`, `created_at`, `updated_by`, `updated_at`) VALUES (46000701763827715, 46000701763827714, '1166@qq.com', NULL, '2026-01-16 23:14:26.299', NULL, '2026-01-16 23:14:26.299');
INSERT INTO `mdc_msg_task_recipient` (`id`, `msg_task_id`, `recipient`, `created_by`, `created_at`, `updated_by`, `updated_at`) VALUES (46000701763827718, 46000701763827717, '1166@qq.com', NULL, '2026-01-16 23:14:49.011', NULL, '2026-01-16 23:14:49.010');
INSERT INTO `mdc_msg_task_recipient` (`id`, `msg_task_id`, `recipient`, `created_by`, `created_at`, `updated_by`, `updated_at`) VALUES (46000701763827721, 46000701763827720, '1166@qq.com', NULL, '2026-01-16 23:16:58.328', NULL, '2026-01-16 23:16:58.328');
INSERT INTO `mdc_msg_task_recipient` (`id`, `msg_task_id`, `recipient`, `created_by`, `created_at`, `updated_by`, `updated_at`) VALUES (46991056797780026, 46991056797780025, '680083598598475778', 680083598598475778, '2026-01-19 15:58:04.630', 680083598598475778, '2026-01-19 15:58:04.630');
INSERT INTO `mdc_msg_task_recipient` (`id`, `msg_task_id`, `recipient`, `created_by`, `created_at`, `updated_by`, `updated_at`) VALUES (46991056797780027, 46991056797780025, '680083598598475779', 680083598598475778, '2026-01-19 15:58:04.634', 680083598598475778, '2026-01-19 15:58:04.634');
INSERT INTO `mdc_msg_task_recipient` (`id`, `msg_task_id`, `recipient`, `created_by`, `created_at`, `updated_by`, `updated_at`) VALUES (46991056797780028, 46991056797780025, '680083598598475780', 680083598598475778, '2026-01-19 15:58:04.634', 680083598598475778, '2026-01-19 15:58:04.634');
INSERT INTO `mdc_msg_task_recipient` (`id`, `msg_task_id`, `recipient`, `created_by`, `created_at`, `updated_by`, `updated_at`) VALUES (46991056797780035, 46991056797780034, '30589663320895494', 680083598598475778, '2026-01-19 16:01:00.424', 680083598598475778, '2026-01-19 16:01:00.424');
INSERT INTO `mdc_msg_task_recipient` (`id`, `msg_task_id`, `recipient`, `created_by`, `created_at`, `updated_by`, `updated_at`) VALUES (46991056797780036, 46991056797780034, '30589663320895491', 680083598598475778, '2026-01-19 16:01:00.424', 680083598598475778, '2026-01-19 16:01:00.424');
INSERT INTO `mdc_msg_task_recipient` (`id`, `msg_task_id`, `recipient`, `created_by`, `created_at`, `updated_by`, `updated_at`) VALUES (46991056797780041, 46991056797780040, '180724033313046540', 680083598598475778, '2026-01-19 16:01:18.013', 680083598598475778, '2026-01-19 16:01:18.013');
INSERT INTO `mdc_msg_task_recipient` (`id`, `msg_task_id`, `recipient`, `created_by`, `created_at`, `updated_by`, `updated_at`) VALUES (46991056797780042, 46991056797780040, '180724033313046543', 680083598598475778, '2026-01-19 16:01:18.014', 680083598598475778, '2026-01-19 16:01:18.014');
COMMIT;

-- ----------------------------
-- Table structure for mdc_msg_template
-- ----------------------------
DROP TABLE IF EXISTS `mdc_msg_template`;
CREATE TABLE `mdc_msg_template` (
  `id` bigint NOT NULL COMMENT '模板ID',
  `interface_config_id` bigint NOT NULL COMMENT '接口ID',
  `msg_type` smallint NOT NULL DEFAULT '1' COMMENT '消息类型\n[1-站内信 2-短信 3-邮件 ]',
  `key` varchar(255) CHARACTER SET utf8mb4 COLLATE utf8mb4_0900_ai_ci NOT NULL COMMENT '模板标识',
  `name` varchar(255) DEFAULT NULL COMMENT '模板名称',
  `state` bit(1) DEFAULT b'1' COMMENT '状态',
  `sms_template_id` varchar(255) CHARACTER SET utf8mb4 COLLATE utf8mb4_0900_ai_ci DEFAULT NULL COMMENT '模板编码\n第三方模板编码（如，消息类型为短信时，第三方短信商的模版id）',
  `sms_sign` varchar(255) CHARACTER SET utf8mb4 COLLATE utf8mb4_0900_ai_ci DEFAULT NULL COMMENT '签名',
  `title` varchar(255) DEFAULT NULL COMMENT '标题',
  `content` longtext NOT NULL COMMENT '模板内容',
  `script` longtext CHARACTER SET utf8mb4 COLLATE utf8mb4_0900_ai_ci COMMENT '脚本',
  `param` text CHARACTER SET utf8mb4 COLLATE utf8mb4_0900_ai_ci COMMENT '标题参数',
  `remarks` varchar(255) DEFAULT NULL COMMENT '备注',
  `created_by` bigint DEFAULT NULL COMMENT '创建人ID',
  `created_at` datetime(3) DEFAULT NULL COMMENT '创建时间',
  `updated_by` bigint DEFAULT NULL COMMENT '最后修改人',
  `updated_at` datetime(3) DEFAULT NULL COMMENT '最后修改时间',
  PRIMARY KEY (`id`) USING BTREE,
  UNIQUE KEY `UK_MSG_TEMPLATE_CODE` (`key`) USING BTREE
) ENGINE=InnoDB DEFAULT CHARSET=utf8mb4 COLLATE=utf8mb4_0900_ai_ci COMMENT='消息模板';

-- ----------------------------
-- Records of mdc_msg_template
-- ----------------------------
BEGIN;
INSERT INTO `mdc_msg_template` (`id`, `interface_config_id`, `msg_type`, `key`, `name`, `state`, `sms_template_id`, `sms_sign`, `title`, `content`, `script`, `param`, `remarks`, `created_by`, `created_at`, `updated_by`, `updated_at`) VALUES (36597798582018052, 36547152327661642, 1, 'NOTICE', '站内信内置模板', b'1', NULL, NULL, '${title}', '${content}', NULL, '[{\"key\":\"title\",\"value\":\"\"},{\"key\":\"content\",\"value\":\"\"}]', NULL, 680083598598475778, '2025-12-22 16:47:04.223', 680083598598475778, '2025-12-22 16:47:04.223');
INSERT INTO `mdc_msg_template` (`id`, `interface_config_id`, `msg_type`, `key`, `name`, `state`, `sms_template_id`, `sms_sign`, `title`, `content`, `script`, `param`, `remarks`, `created_by`, `created_at`, `updated_by`, `updated_at`) VALUES (36597798582018053, 36597798582018051, 2, 'PHONE_REGISTER', '登录页-手机号注册', b'1', '', '主数据平台', NULL, '你的验证码为${code}', NULL, '[{\"key\":\"code\",\"value\":\"\"}]', NULL, 680083598598475778, '2025-12-22 21:24:44.181', 680083598598475778, '2025-12-30 16:25:31.989');
INSERT INTO `mdc_msg_template` (`id`, `interface_config_id`, `msg_type`, `key`, `name`, `state`, `sms_template_id`, `sms_sign`, `title`, `content`, `script`, `param`, `remarks`, `created_by`, `created_at`, `updated_by`, `updated_at`) VALUES (38856689386734595, 36597798582018049, 2, 'PHONE_LOGIN', '登录页-手机号登录', b'1', NULL, NULL, NULL, '你的验证码为${code}', NULL, '[{\"key\":\"code\",\"value\":\"\"}]', NULL, 680083598598475778, '2025-12-28 17:14:16.231', 680083598598475778, '2025-12-28 17:14:16.231');
INSERT INTO `mdc_msg_template` (`id`, `interface_config_id`, `msg_type`, `key`, `name`, `state`, `sms_template_id`, `sms_sign`, `title`, `content`, `script`, `param`, `remarks`, `created_by`, `created_at`, `updated_by`, `updated_at`) VALUES (38856689386734596, 36597798582018049, 2, 'PHONE_EDIT', '安全设置-修改个人手机号', b'1', NULL, NULL, NULL, '你的验证码为${code}', NULL, '[{\"key\":\"code\",\"value\":\"\"}]', NULL, 680083598598475778, '2025-12-28 17:14:41.513', 680083598598475778, '2025-12-28 17:14:41.513');
INSERT INTO `mdc_msg_template` (`id`, `interface_config_id`, `msg_type`, `key`, `name`, `state`, `sms_template_id`, `sms_sign`, `title`, `content`, `script`, `param`, `remarks`, `created_by`, `created_at`, `updated_by`, `updated_at`) VALUES (38856689386734597, 36597798582018048, 3, 'EMAIL_EDIT', '安全设置-修改个人邮箱', b'1', NULL, NULL, '修改登录邮箱', '<!DOCTYPE html>\n<html lang=\"zh-CN\">\n<head>\n    <meta charset=\"UTF-8\">\n    <meta name=\"viewport\" content=\"width=device-width, initial-scale=1.0\">\n    <title>${_mdp.appName} - 修改邮箱验证码</title>\n    <style type=\"text/css\">\n        body { margin: 0; padding: 0; font-family: Arial, \"Microsoft YaHei\", sans-serif; background-color: #f8f9fa; }\n        .email-wrapper { max-width: 620px; margin: 24px auto; background: #ffffff; border-radius: 8px; box-shadow: 0 1px 3px rgba(0,0,0,0.08); overflow: hidden; }\n        .email-header { padding: 20px 32px; background: #2563eb; }\n        .email-header h1 { margin: 0; color: #fff; font-size: 18px; font-weight: 600; }\n        .email-body { padding: 32px; color: #334155; line-height: 1.7; }\n        .email-body .desc { font-size: 14px; margin-bottom: 24px; }\n        .email-body .code-box { margin: 28px 0; padding: 16px; background: #f8fafc; border-radius: 6px; text-align: center; }\n        .email-body .code { font-size: 32px; font-weight: 700; color: #2563eb; letter-spacing: 4px; margin: 0; }\n        .email-body .tips { font-size: 12px; color: #64748b; margin: 16px 0 24px; }\n        .email-body .safe-tips { color: #ef4444; font-size: 13px; font-weight: 500; }\n        .email-footer { padding: 20px 32px; background: #f8f9fa; font-size: 12px; color: #94a3b8; }\n        .email-footer a { color: #2563eb; text-decoration: none; }\n    </style>\n</head>\n<body>\n    <div class=\"email-wrapper\">\n        <div class=\"email-header\">\n            <h1>${_mdp.appName} - 个人邮箱修改验证</h1>\n        </div>\n        <div class=\"email-body\">\n            <p class=\"desc\">尊敬的用户：</p>\n            <p class=\"desc\">您正在进行【修改个人绑定邮箱】操作，需验证此邮箱的有效性。请使用以下验证码完成验证：</p>\n            \n            <div class=\"code-box\">\n                <p class=\"code\">${code}</p>\n            </div>\n            \n            <p class=\"tips\">✅ 验证码有效期：${validityPeriod}分钟 | 请勿将验证码告知他人</p>\n            <p class=\"safe-tips\">⚠️ 若非您本人操作，请立即登录${_mdp.appName}修改密码</p>\n            \n            <p>完成验证后，您可登录系统查看安全设置：<a href=\"${_mdp.homeWebsiteUrl}\" target=\"_blank\">${_mdp.homeWebsiteUrl}</a></p>\n        </div>\n        <div class=\"email-footer\">\n            <p>此邮件由${_mdp.appName}自动发送，请勿回复 | 官网：<a href=\"${_mdp.homeWebsiteUrl}\" target=\"_blank\">${_mdp.homeWebsiteUrl}</a></p>\n        </div>\n    </div>\n</body>\n</html>', NULL, '[{\"key\":\"_mdp.appName\",\"value\":\"\"},{\"key\":\"code\",\"value\":\"\"},{\"key\":\"validityPeriod\",\"value\":\"\"},{\"key\":\"_mdp.homeWebsiteUrl\",\"value\":\"\"}]', NULL, 680083598598475778, '2025-12-28 17:28:09.145', 680083598598475778, '2025-12-28 17:36:27.180');
INSERT INTO `mdc_msg_template` (`id`, `interface_config_id`, `msg_type`, `key`, `name`, `state`, `sms_template_id`, `sms_sign`, `title`, `content`, `script`, `param`, `remarks`, `created_by`, `created_at`, `updated_by`, `updated_at`) VALUES (38856689386734598, 36597798582018048, 3, 'EMAIL_REGISTER', '登录页-邮箱注册', b'1', NULL, NULL, '邮箱注册', '<!DOCTYPE html>\n<html lang=\"zh-CN\">\n<head>\n    <meta charset=\"UTF-8\">\n    <meta name=\"viewport\" content=\"width=device-width, initial-scale=1.0\">\n    <title>${_mdp.appName} - 注册验证码</title>\n    <style type=\"text/css\">\n        body { margin: 0; padding: 0; font-family: Arial, \"Microsoft YaHei\", sans-serif; background-color: #f8f9fa; }\n        .email-wrapper { max-width: 620px; margin: 24px auto; background: #ffffff; border-radius: 8px; box-shadow: 0 1px 3px rgba(0,0,0,0.08); overflow: hidden; }\n        .email-header { padding: 20px 32px; background: #10b981; }\n        .email-header h1 { margin: 0; color: #fff; font-size: 18px; font-weight: 600; }\n        .email-body { padding: 32px; color: #334155; line-height: 1.7; }\n        .email-body .desc { font-size: 14px; margin-bottom: 24px; }\n        .email-body .code-box { margin: 28px 0; padding: 16px; background: #f8fafc; border-radius: 6px; text-align: center; }\n        .email-body .code { font-size: 32px; font-weight: 700; color: #10b981; letter-spacing: 4px; margin: 0; }\n        .email-body .tips { font-size: 12px; color: #64748b; margin: 16px 0 24px; }\n        .email-body .btn { display: inline-block; margin: 12px 0; padding: 10px 24px; background: #10b981; color: #fff; text-decoration: none; border-radius: 6px; font-size: 14px; font-weight: 600; }\n        .email-footer { padding: 20px 32px; background: #f8f9fa; font-size: 12px; color: #94a3b8; }\n        .email-footer a { color: #10b981; text-decoration: none; }\n    </style>\n</head>\n<body>\n    <div class=\"email-wrapper\">\n        <div class=\"email-header\">\n            <h1>${_mdp.appName} - 账号注册验证</h1>\n        </div>\n        <div class=\"email-body\">\n            <p class=\"desc\">尊敬的用户：</p>\n            <p class=\"desc\">您正在注册${_mdp.appName}账号，需验证此邮箱的有效性。请使用以下验证码完成注册：</p>\n            \n            <div class=\"code-box\">\n                <p class=\"code\">${code}</p>\n            </div>\n            \n            <p class=\"tips\">✅ 验证码有效期：${validityPeriod}分钟 | 一个验证码仅可使用一次</p>\n            \n            <p>完成验证即可激活账号，立即登录体验：</p>\n            <a href=\"${_mdp.homeWebsiteUrl}\" class=\"btn\" target=\"_blank\">前往登录</a>\n            \n            <p>若未发起注册操作，可忽略此邮件，您的信息不会被泄露。</p>\n        </div>\n        <div class=\"email-footer\">\n            <p>此邮件由${_mdp.appName}自动发送，请勿回复 | 官网：<a href=\"${_mdp.homeWebsiteUrl}\" target=\"_blank\">${_mdp.homeWebsiteUrl}</a></p>\n        </div>\n    </div>\n</body>\n</html>', NULL, '[{\"key\":\"_mdp.appName\",\"value\":\"\"},{\"key\":\"code\",\"value\":\"\"},{\"key\":\"validityPeriod\",\"value\":\"\"},{\"key\":\"_mdp.homeWebsiteUrl\",\"value\":\"\"}]', NULL, 680083598598475778, '2025-12-28 17:33:24.651', 680083598598475778, '2025-12-28 17:36:19.835');
INSERT INTO `mdc_msg_template` (`id`, `interface_config_id`, `msg_type`, `key`, `name`, `state`, `sms_template_id`, `sms_sign`, `title`, `content`, `script`, `param`, `remarks`, `created_by`, `created_at`, `updated_by`, `updated_at`) VALUES (38856689386734599, 36597798582018048, 3, 'EMAIL_LOGIN', '登录页-邮箱登录', b'1', NULL, NULL, '邮箱登录', '<!DOCTYPE html>\n<html lang=\"zh-CN\">\n<head>\n    <meta charset=\"UTF-8\">\n    <meta name=\"viewport\" content=\"width=device-width, initial-scale=1.0\">\n    <title>${_mdp.appName} - 登录验证码</title>\n    <style type=\"text/css\">\n        body { margin: 0; padding: 0; font-family: Arial, \"Microsoft YaHei\", sans-serif; background-color: #f8f9fa; }\n        .email-wrapper { max-width: 620px; margin: 24px auto; background: #ffffff; border-radius: 8px; box-shadow: 0 1px 3px rgba(0,0,0,0.08); overflow: hidden; }\n        .email-header { padding: 20px 32px; background: #f59e0b; }\n        .email-header h1 { margin: 0; color: #fff; font-size: 18px; font-weight: 600; }\n        .email-body { padding: 32px; color: #334155; line-height: 1.7; }\n        .email-body .desc { font-size: 14px; margin-bottom: 24px; }\n        .email-body .code-box { margin: 28px 0; padding: 16px; background: #f8fafc; border-radius: 6px; text-align: center; }\n        .email-body .code { font-size: 32px; font-weight: 700; color: #f59e0b; letter-spacing: 4px; margin: 0; }\n        .email-body .info-item { font-size: 13px; margin: 8px 0; color: #64748b; }\n        .email-body .info-label { font-weight: 600; color: #334155; }\n        .email-body .safe-tips { color: #ef4444; font-size: 13px; font-weight: 500; margin-top: 16px; }\n        .email-footer { padding: 20px 32px; background: #f8f9fa; font-size: 12px; color: #94a3b8; }\n        .email-footer a { color: #f59e0b; text-decoration: none; }\n    </style>\n</head>\n<body>\n    <div class=\"email-wrapper\">\n        <div class=\"email-header\">\n            <h1>${_mdp.appName} - 安全登录验证</h1>\n        </div>\n        <div class=\"email-body\">\n            <p class=\"desc\">尊敬的用户：</p>\n            <p class=\"desc\">您正在尝试登录${_mdp.appName}账号，为保障账号安全，需验证此邮箱。请使用以下验证码完成登录：</p>\n            \n            <div class=\"code-box\">\n                <p class=\"code\">${code}</p>\n            </div>\n            \n            <div class=\"info-item\"><span class=\"info-label\">验证码有效期：</span>${validityPeriod}分钟</div>\n            \n            <p class=\"safe-tips\">⚠️ 若非您本人操作，请立即修改账号密码，或联系客服冻结账号：{客服电话}</p>\n            \n            <p>完成验证即可登录：<a href=\"${_mdp.homeWebsiteUrl}\" target=\"_blank\">${_mdp.homeWebsiteUrl}</a></p>\n        </div>\n        <div class=\"email-footer\">\n            <p>此邮件由${_mdp.appName}自动发送，请勿回复 | 官网：<a href=\"${_mdp.homeWebsiteUrl}\" target=\"_blank\">${_mdp.homeWebsiteUrl}</a></p>\n        </div>\n    </div>\n</body>\n</html>\n', NULL, '[{\"key\":\"_mdp.appName\",\"value\":\"\"},{\"key\":\"code\",\"value\":\"\"},{\"key\":\"validityPeriod\",\"value\":\"\"},{\"key\":\"_mdp.homeWebsiteUrl\",\"value\":\"\"}]', NULL, 680083598598475778, '2025-12-28 17:35:57.764', 680083598598475778, '2025-12-31 00:44:32.630');
INSERT INTO `mdc_msg_template` (`id`, `interface_config_id`, `msg_type`, `key`, `name`, `state`, `sms_template_id`, `sms_sign`, `title`, `content`, `script`, `param`, `remarks`, `created_by`, `created_at`, `updated_by`, `updated_at`) VALUES (45598250443283508, 36597798582018048, 3, 'FORGET_PASSWORD_BY_EMAIL', '忘记密码', b'1', NULL, NULL, '${_mdp.appName} - 找回你的账号密码', '<!DOCTYPE html>\n<html lang=\"zh-CN\">\n<head>\n    <meta charset=\"UTF-8\">\n    <meta name=\"viewport\" content=\"width=device-width, initial-scale=1.0\">\n    <title>${_mdp.appName} - 找回你的账号密码</title>\n    <style>\n        /* 邮件客户端兼容样式，尽量简化，避免复杂选择器 */\n        body {\n            margin: 0;\n            padding: 0;\n            font-family: \"Microsoft YaHei\", Arial, sans-serif;\n            background-color: #f5f7fa;\n        }\n        .email-container {\n            max-width: 600px;\n            margin: 20px auto;\n            background-color: #ffffff;\n            border-radius: 8px;\n            box-shadow: 0 2px 10px rgba(0, 0, 0, 0.05);\n            overflow: hidden;\n        }\n        .email-header {\n            padding: 20px;\n            background-color: #409eff;\n            color: #ffffff;\n            text-align: center;\n        }\n        .email-content {\n            padding: 30px 25px;\n            color: #333333;\n            line-height: 1.8;\n        }\n        .email-btn {\n            display: inline-block;\n            margin: 25px 0;\n            padding: 12px 30px;\n            background-color: #409eff;\n            color: #ffffff;\n            text-decoration: none;\n            border-radius: 4px;\n            font-size: 16px;\n        }\n        .email-tip {\n            margin-top: 30px;\n            padding: 15px;\n            background-color: #f8f9fa;\n            border-left: 3px solid #ff9800;\n            color: #666666;\n            font-size: 14px;\n        }\n        .email-footer {\n            padding: 20px;\n            text-align: center;\n            color: #999999;\n            font-size: 12px;\n            background-color: #f8f9fa;\n        }\n    </style>\n</head>\n<body>\n    <div class=\"email-container\">\n        <!-- 邮件头部 -->\n        <div class=\"email-header\">\n            <h2>账号密码找回</h2>\n        </div>\n\n        <!-- 邮件核心内容 -->\n        <div class=\"email-content\">\n            <p>您好！</p>\n            <p>我们收到了你的账号密码找回申请，点击下方按钮即可重置你的密码：</p>\n\n            <!-- 找回密码按钮（核心操作） -->\n            <a href=\"${resetPasswordUrl}\" class=\"email-btn\">立即重置密码</a>\n\n            <!-- 备用链接（防止按钮无法点击） -->\n            <p>若按钮无法点击，请复制下方链接到浏览器地址栏打开：</p>\n            <p style=\"word-break: break-all; color: #409eff;\">${resetPasswordUrl}</p>\n\n            <!-- 安全提示 -->\n            <div class=\"email-tip\">\n                <p>⚠️ 重要提示：</p>\n                <p>1. 该链接有效期为 ${expireTime} 小时，过期后需重新申请找回密码</p>\n                <p>2. 若非你本人操作，请忽略此邮件，你的账号安全不会受到影响</p>\n                <p>3. 请勿将此重置链接转发给他人，避免账号信息泄露</p>\n            </div>\n        </div>\n\n        <!-- 邮件底部 -->\n        <div class=\"email-footer\">\n            <p>${_mdp.appName} · 账号安全中心</p>\n            <p>本邮件为系统自动发送，请勿直接回复</p>\n        </div>\n    </div>\n</body>\n</html>', NULL, '[{\"key\":\"_mdp.appName\",\"value\":\"\"},{\"key\":\"resetPasswordUrl\",\"value\":\"\"},{\"key\":\"expireTime\",\"value\":\"\"}]', NULL, 680083598598475778, '2026-01-16 16:04:33.619', 680083598598475778, '2026-01-16 16:04:33.619');
COMMIT;

-- ----------------------------
-- Table structure for mdc_notice
-- ----------------------------
DROP TABLE IF EXISTS `mdc_notice`;
CREATE TABLE `mdc_notice` (
  `id` bigint NOT NULL COMMENT 'ID',
  `task_id` bigint NOT NULL COMMENT '消息任务',
  `title` varchar(255) CHARACTER SET utf8mb4 COLLATE utf8mb4_0900_ai_ci NOT NULL COMMENT '标题',
  `content` longtext CHARACTER SET utf8mb4 COLLATE utf8mb4_0900_ai_ci NOT NULL COMMENT '发送内容',
  `msg_category` smallint NOT NULL COMMENT '消息分类\n[1-待办 2-预警 3-提醒]',
  `author` varchar(255) CHARACTER SET utf8mb4 COLLATE utf8mb4_0900_ai_ci DEFAULT NULL COMMENT '发布人',
  `url` varchar(255) DEFAULT NULL COMMENT '跳转地址',
  `created_by` bigint DEFAULT NULL COMMENT '创建人ID',
  `created_at` datetime(3) DEFAULT NULL COMMENT '创建时间',
  `updated_by` bigint DEFAULT NULL COMMENT '最后修改人',
  `updated_at` datetime(3) DEFAULT NULL COMMENT '最后修改时间',
  PRIMARY KEY (`id`) USING BTREE,
  KEY `tempate_id_topic_content` (`task_id`,`title`) USING BTREE
) ENGINE=InnoDB DEFAULT CHARSET=utf8mb4 COLLATE=utf8mb4_0900_ai_ci COMMENT='站内通知';

-- ----------------------------
-- Records of mdc_notice
-- ----------------------------
BEGIN;
INSERT INTO `mdc_notice` (`id`, `task_id`, `title`, `content`, `msg_category`, `author`, `url`, `created_by`, `created_at`, `updated_by`, `updated_at`) VALUES (36741005676571694, 36741005676571693, '站内信1', '站内更新111', 1, 'henhen', NULL, 680083598598475778, '2025-12-23 00:16:38.612', 680083598598475778, '2025-12-23 00:16:38.612');
INSERT INTO `mdc_notice` (`id`, `task_id`, `title`, `content`, `msg_category`, `author`, `url`, `created_by`, `created_at`, `updated_by`, `updated_at`) VALUES (36741005676571740, 36741005676571738, '站内信1', '站内更新111', 1, 'henhen', NULL, 680083598598475778, '2025-12-23 00:18:06.874', 680083598598475778, '2025-12-23 00:18:06.874');
INSERT INTO `mdc_notice` (`id`, `task_id`, `title`, `content`, `msg_category`, `author`, `url`, `created_by`, `created_at`, `updated_by`, `updated_at`) VALUES (36897114852880431, 36897114852880428, '111', '<p>1111</p>', 2, '222', NULL, 680083598598475778, '2025-12-24 00:13:22.724', 680083598598475778, '2025-12-24 00:13:22.724');
INSERT INTO `mdc_notice` (`id`, `task_id`, `title`, `content`, `msg_category`, `author`, `url`, `created_by`, `created_at`, `updated_by`, `updated_at`) VALUES (36897114852880441, 36897114852880438, '111', '<p>1111</p>', 2, '222', NULL, 680083598598475778, '2025-12-24 00:13:38.932', 680083598598475778, '2025-12-24 00:13:38.932');
INSERT INTO `mdc_notice` (`id`, `task_id`, `title`, `content`, `msg_category`, `author`, `url`, `created_by`, `created_at`, `updated_by`, `updated_at`) VALUES (38019754879550483, 38019754879550481, 'Java基础语法入门', '<h1 id=\"aie-heading-1\">三篇Java入门文档</h1><h1 id=\"aie-heading-2\">文档一：Java基础语法入门</h1><h2 id=\"aie-heading-3\">一、Java简介与环境搭建</h2><p>Java是一种跨平台、面向对象的编程语言，具有“一次编写，到处运行”的特性，广泛应用于后端开发、移动开发等领域。要开展Java开发，首先需完成环境搭建，核心是安装JDK（Java Development Kit，Java开发工具包）。</p><h3 id=\"aie-heading-4\">环境搭建步骤：</h3><ol><li><p>下载JDK：前往Oracle官网（<a target=\"_blank\" rel=\"noopener noreferrer nofollow\" href=\"https://www.oracle.com/java/technologies/downloads/），选择对应操作系统（Windows/macOS/Linux）的JDK版本（推荐Java\">https://www.oracle.com/java/technologies/downloads/），选择对应操作系统（Windows/macOS/Linux）的JDK版本（推荐Java</a> 8或Java 17，兼容性较好）。</p></li><li><p>安装JDK：双击安装包，按向导完成安装，记住安装路径（如Windows下的“C:\\Program Files\\Java\\jdk1.8.0_301”）。</p></li><li><p>配置环境变量：</p><ul><li><p>Windows：右键“此电脑”→“属性”→“高级系统设置”→“环境变量”，在系统变量中新建“JAVA_HOME”，值为JDK安装路径；编辑“Path”变量，添加“%JAVA_HOME%\\bin”和“%JAVA_HOME%\\jre\\bin”。</p></li><li><p>macOS/Linux：打开终端，编辑~/.bash_profile或~/.zshrc文件，添加“export JAVA_HOME=JDK安装路径”“export PATH=$JAVA_HOME/bin:$PATH”，保存后执行“source ~/.bash_profile”生效。</p></li></ul></li><li><p>验证：打开终端，输入“java -version”和“javac -version”，若显示版本信息则说明环境搭建成功。</p></li></ol><h2 id=\"aie-heading-5\">二、第一个Java程序：Hello World</h2><p>环境搭建完成后，编写第一个Java程序，步骤如下：</p><ol><li><p>创建源文件：新建文本文件，命名为“<a target=\"_blank\" rel=\"noopener noreferrer nofollow\" href=\"http://HelloWorld.java\">HelloWorld.java</a>”（注意：文件名必须与类名一致，<a target=\"_blank\" rel=\"noopener noreferrer nofollow\" href=\"http://后缀为.java\">后缀为.java</a>）。</p></li><li><p>编写代码：<br><code>// 定义公共类HelloWorld public class HelloWorld { // 程序入口方法，main方法是Java程序的执行起点 public static void main(String[] args) { // 输出“Hello World!”到控制台 System.out.println(\"Hello World!\"); } }</code></p></li><li><p>编译与运行：</p><ul><li><p>编译：打开终端，进入源文件所在目录，输入“javac <a target=\"_blank\" rel=\"noopener noreferrer nofollow\" href=\"http://HelloWorld.java\">HelloWorld.java</a>”，若没有报错，会生成“HelloWorld.class”字节码文件。</p></li><li><p>运行：输入“java HelloWorld”，控制台将输出“Hello World!”。</p></li></ul></li></ol><h2 id=\"aie-heading-6\">三、核心基础语法</h2><h3 id=\"aie-heading-7\">1. 变量与数据类型</h3><p>Java是强类型语言，变量必须先声明再使用，且声明时需指定数据类型。核心数据类型分为两类：</p><ul><li><p>基本数据类型（8种）：</p><ul><li><p>整数类型：byte（1字节）、short（2字节）、int（4字节，默认）、long（8字节，声明时需加L后缀，如100L）。</p></li><li><p>浮点类型：float（4字节，声明时需加F后缀，如3.14F）、double（8字节，默认）。</p></li><li><p>字符类型：char（2字节，用单引号包裹，如\'a\'、\'中\'）。</p></li><li><p>布尔类型：boolean（1字节，值为true或false）。</p></li></ul></li><li><p>引用数据类型：类（如String）、数组、接口等，默认值为null。</p></li></ul><p>变量声明示例：</p><pre><code class=\"language-java\">\npublic class VariableDemo {\n    public static void main(String[] args) {\n        // 基本数据类型变量\n        int age = 20;\n        double score = 95.5;\n        char gender = \'男\';\n        boolean isPass = true;\n    // 引用数据类型变量\n    String name = \"张三\";\n    \n    // 输出变量值\n    System.out.println(\"姓名：\" + name + \"，年龄：\" + age);\n}}</code></pre><h3 id=\"aie-heading-8\">2. 运算符</h3><p>常用运算符包括：</p><ul><li><p>算术运算符：+（加）、-（减）、<em>（乘）、/（除）、%（取余）、++（自增）、--（自减）。</em></p></li><li><p><em>关系运算符：==（等于）、!=（不等于）、&gt;（大于）、&lt;（小于）、&gt;=（大于等于）、&lt;=（小于等于），结果为boolean类型。</em></p></li><li><p><em>逻辑运算符：&amp;&amp;（短路与）、||（短路或）、!（非），用于连接boolean表达式。</em></p></li><li><p><em>赋值运算符：=、+=、-=、</em>=、/=等。</p></li></ul><h3 id=\"aie-heading-9\">3. 流程控制语句</h3><p>用于控制程序执行顺序，核心包括：</p><ul><li><p>条件语句：if-else、switch-case。</p></li><li><p>循环语句：for、while、do-while。</p></li><li><p>跳转语句：break（跳出循环或switch）、continue（跳过本次循环，进入下一次）。</p></li></ul><p>示例（for循环与if-else）：</p><pre><code class=\"language-java\">\npublic class FlowControlDemo {\npublic static void main(String[] args) {\n// 循环输出1-10的数字，判断奇偶性\nfor (int i = 1; i &lt;= 10; i++) {\nif (i % 2 == 0) {\nSystem.out.println(i + \"是偶数\");\n} else {\nSystem.out.println(i + \"是奇数\");\n}\n}\n}\n}</code></pre><h1 id=\"aie-heading-10\">文档二：Java面向对象基础</h1><h2 id=\"aie-heading-11\">一、面向对象核心概念</h2><p>Java是纯面向对象编程语言，核心思想是“万物皆对象”，即将现实世界中的事物抽象为程序中的“对象”，通过对象的“属性”（特征）和“方法”（行为）描述事物。面向对象有三大特性：封装、继承、多态。</p><p>关键术语：</p><ul><li><p>类：对象的抽象模板，定义了对象的属性和方法，如“Person”类。</p></li><li><p>对象：类的实例化结果，如“张三”是“Person”类的一个对象。</p></li><li><p>属性：类中的成员变量，描述对象的特征，如Person类的name、age。</p></li><li><p>方法：类中的成员函数，描述对象的行为，如Person类的eat()、sleep()。</p></li></ul><h2 id=\"aie-heading-12\">二、类与对象的创建和使用</h2><h3 id=\"aie-heading-13\">1. 定义类</h3><p>类的定义格式：</p><pre><code class=\"language-java\">\n// 定义Person类\npublic class Person {\n// 成员变量（属性）\nString name;\nint age;// 成员方法（行为）\n// 无参数无返回值方法\npublic void eat() {\n    System.out.println(name + \"在吃饭\");\n}\n\n// 有参数有返回值方法\npublic int getAge() {\n    return age;\n}}</code></pre><h3 id=\"aie-heading-14\">2. 创建与使用对象</h3><p>通过“new”关键字创建对象，格式为：<code>类名 对象名 = new 类名();</code>，之后通过“对象名.属性”“对象名.方法()”操作对象。</p><p>示例：</p><pre><code class=\"language-java\">\npublic class PersonTest {\npublic static void main(String[] args) {\n// 创建Person对象\nPerson zhangsan = new Person();    // 给对象的属性赋值\n    zhangsan.name = \"张三\";\n    zhangsan.age = 25;\n    \n    // 调用对象的方法\n    zhangsan.eat();\n    int age = zhangsan.getAge();\n    System.out.println(\"年龄：\" + age);\n}}</code></pre><h3 id=\"aie-heading-15\">3. 构造方法</h3><p>构造方法是类中特殊的方法，用于对象的初始化，创建对象时自动调用。其特点：</p><ul><li><p>方法名与类名完全一致。</p></li><li><p>没有返回值类型（包括void）。</p></li><li><p>若类中未定义构造方法，系统会默认提供一个无参构造方法；若自定义了构造方法，默认无参构造会失效。</p></li></ul><p>示例（带参构造方法）：</p><pre><code class=\"language-java\">\npublic class Person {\nString name;\nint age;// 无参构造方法\npublic Person() {}\n\n// 带参构造方法\npublic Person(String n, int a) {\n    name = n;\n    age = a;\n}\n\npublic void eat() {\n    System.out.println(name + \"在吃饭\");\n}}// 使用带参构造创建对象\npublic class PersonTest {\npublic static void main(String[] args) {\nPerson lisi = new Person(\"李四\", 30);\nlisi.eat(); // 输出：李四在吃饭\n}\n}</code></pre><h2 id=\"aie-heading-16\">三、面向对象三大特性</h2><h3 id=\"aie-heading-17\">1. 封装</h3><p>封装是指将对象的属性和方法隐藏起来，仅通过公共的方法对外提供访问和修改接口，目的是提高代码安全性和可维护性。实现步骤：</p><ol><li><p>将成员变量用“private”修饰（私有访问权限，仅本类可访问）。</p></li><li><p>提供公共的“getter”方法（获取属性值）和“setter”方法（修改属性值）。</p></li></ol><p>示例：</p><pre><code class=\"language-java\">\npublic class Person {\n// 私有成员变量\nprivate String name;\nprivate int age;// getter方法（获取name）\npublic String getName() {\n    return name;\n}\n\n// setter方法（修改name）\npublic void setName(String n) {\n    // 可在setter中添加逻辑校验\n    if (n != null &amp;amp;&amp;amp; !n.equals(\"\")) {\n        name = n;\n    } else {\n        System.out.println(\"姓名不能为空\");\n    }\n}\n\n// getter和setter方法（age）\npublic int getAge() {\n    return age;\n}\n\npublic void setAge(int a) {\n    if (a &amp;gt; 0 &amp;amp;&amp;amp; a &amp;lt; 150) {\n        age = a;\n    } else {\n        System.out.println(\"年龄输入无效\");\n    }\n}}// 使用封装后的类\npublic class PersonTest {\npublic static void main(String[] args) {\nPerson wangwu = new Person();\nwangwu.setName(\"王五\");\nwangwu.setAge(28);\nSystem.out.println(\"姓名：\" + wangwu.getName() + \"，年龄：\" + wangwu.getAge());    wangwu.setAge(200); // 输出：年龄输入无效\n}}</code></pre><h3 id=\"aie-heading-18\">2. 继承</h3><p>继承是指一个类（子类）继承另一个类（父类）的属性和方法，子类可复用父类的代码，同时可添加自己的特有属性和方法，实现代码复用和扩展。Java中类只能单继承（一个子类只能有一个直接父类），通过“extends”关键字实现。</p><p>示例：</p><pre><code class=\"language-java\">\n// 父类：Person\npublic class Person {\nprivate String name;\nprivate int age;// getter和setter方法\npublic String getName() { return name; }\npublic void setName(String name) { this.name = name; }\npublic int getAge() { return age; }\npublic void setAge(int age) { this.age = age; }\n\npublic void eat() {\n    System.out.println(name + \"在吃饭\");\n}}// 子类：Student，继承Person\npublic class Student extends Person {\n// 子类特有属性\nprivate String studentId;// 子类特有方法\npublic void study() {\n    System.out.println(getName() + \"（学号：\" + studentId + \"）在学习\");\n}\n\n// 子类getter和setter方法\npublic String getStudentId() { return studentId; }\npublic void setStudentId(String studentId) { this.studentId = studentId; }}// 测试类\npublic class StudentTest {\npublic static void main(String[] args) {\nStudent zhaoliu = new Student();\nzhaoliu.setName(\"赵六\");\nzhaoliu.setAge(20);\nzhaoliu.setStudentId(\"2024001\");    zhaoliu.eat(); // 继承父类的方法，输出：赵六在吃饭\n    zhaoliu.study(); // 子类特有方法，输出：赵六（学号：2024001）在学习\n}}</code></pre><h3 id=\"aie-heading-19\">3. 多态</h3><p>多态是指同一方法在不同对象上有不同的实现，即“一个接口，多种实现”。实现多态的前提：</p><ul><li><p>存在继承关系（子类继承父类）。</p></li><li><p>子类重写父类的方法（方法名、参数列表、返回值类型完全一致，父类方法不能是private）。</p></li><li><p>父类引用指向子类对象。</p></li></ul><p>示例：</p><pre><code class=\"language-java\">\n// 父类：Animal\npublic class Animal {\npublic void cry() {\nSystem.out.println(\"动物在叫\");\n}\n}// 子类：Dog，重写cry方法\npublic class Dog extends Animal {\n@Override\npublic void cry() {\nSystem.out.println(\"小狗汪汪叫\");\n}\n}// 子类：Cat，重写cry方法\npublic class Cat extends Animal {\n@Override\npublic void cry() {\nSystem.out.println(\"小猫喵喵叫\");\n}\n}// 测试多态\npublic class AnimalTest {\npublic static void main(String[] args) {\n// 父类引用指向子类对象\nAnimal animal1 = new Dog();\nAnimal animal2 = new Cat();    // 调用方法时，实际执行的是子类重写后的方法\n    animal1.cry(); // 输出：小狗汪汪叫\n    animal2.cry(); // 输出：小猫喵喵叫\n}}</code></pre><h1 id=\"aie-heading-20\">文档三：Java常用类与工具类入门</h1><h2 id=\"aie-heading-21\">一、String类（字符串类）</h2><p>String类用于表示字符串，是Java中最常用的类之一。String类是不可变类（字符串对象创建后，其内容不能被修改，修改会创建新的字符串对象）。</p><h3 id=\"aie-heading-22\">1. String对象的创建</h3><pre><code class=\"language-java\">\npublic class StringDemo {\npublic static void main(String[] args) {\n// 方式1：直接赋值（推荐，会复用字符串常量池中的对象）\nString s1 = \"Hello Java\";    // 方式2：通过new关键字创建（会创建新对象，不复用常量池）\n    String s2 = new String(\"Hello Java\");\n    \n    // 比较两个字符串的内容（用equals方法，不要用==）\n    System.out.println(s1.equals(s2)); // 输出：true\n    \n    // 比较两个对象的地址（==）\n    System.out.println(s1 == s2); // 输出：false\n}}</code></pre><h3 id=\"aie-heading-23\">2. 常用方法</h3><ul><li><p>length()：返回字符串的长度。</p></li><li><p>equals(Object obj)：比较两个字符串的内容是否相等（区分大小写）。</p></li><li><p>equalsIgnoreCase(String anotherString)：比较两个字符串的内容是否相等（不区分大小写）。</p></li><li><p>concat(String str)：拼接字符串，等价于“+”。</p></li><li><p>substring(int beginIndex)：从指定索引开始截取字符串，直到末尾。</p></li><li><p>substring(int beginIndex, int endIndex)：从beginIndex截取到endIndex（左闭右开，不包含endIndex）。</p></li><li><p>trim()：去除字符串前后的空白字符（空格、制表符等）。</p></li><li><p>indexOf(String str)：返回指定子串在字符串中第一次出现的索引，若不存在返回-1。</p></li><li><p>replace(CharSequence target, CharSequence replacement)：替换字符串中的指定子串。</p></li></ul><p>示例：</p><pre><code class=\"language-java\">\npublic class StringMethodDemo {\npublic static void main(String[] args) {\nString s = \"  Hello Java World  \";    System.out.println(s.length()); // 输出：17\n    System.out.println(s.trim()); // 输出：Hello Java World\n    System.out.println(s.substring(2, 11)); // 输出：Hello Java\n    System.out.println(s.replace(\"Java\", \"Python\")); // 输出：  Hello Python World  \n    System.out.println(s.indexOf(\"World\")); // 输出：12\n}}</code></pre><h2 id=\"aie-heading-24\">二、ArrayList类（动态数组）</h2><p>ArrayList是Java集合框架中的动态数组类，用于存储多个元素，相比普通数组（固定长度），ArrayList的长度可以动态变化，支持添加、删除、修改元素等操作。ArrayList位于java.util包下，使用前需导入。</p><h3 id=\"aie-heading-25\">1. 基本使用</h3><pre><code class=\"language-java\">\nimport java.util.ArrayList;public class ArrayListDemo {\npublic static void main(String[] args) {\n// 创建ArrayList对象，指定存储String类型的元素\nArrayList&lt;String&gt; list = new ArrayList&lt;&gt;();    // 添加元素（add方法）\n    list.add(\"苹果\");\n    list.add(\"香蕉\");\n    list.add(\"橙子\");\n    System.out.println(list); // 输出：[苹果, 香蕉, 橙子]\n    \n    // 获取元素（get方法，索引从0开始）\n    String fruit = list.get(1);\n    System.out.println(fruit); // 输出：香蕉\n    \n    // 修改元素（set方法）\n    list.set(2, \"葡萄\");\n    System.out.println(list); // 输出：[苹果, 香蕉, 葡萄]\n    \n    // 删除元素（remove方法，可根据索引或元素值删除）\n    list.remove(0); // 删除索引为0的元素\n    System.out.println(list); // 输出：[香蕉, 葡萄]\n    \n    // 获取集合长度（size方法）\n    System.out.println(list.size()); // 输出：2\n    \n    // 遍历集合（for循环）\n    for (int i = 0; i &amp;lt; list.size(); i++) {\n        System.out.println(list.get(i));\n    }\n    \n    // 增强for循环遍历（更简洁）\n    for (String s : list) {\n        System.out.println(s);\n    }\n}}</code></pre><h3 id=\"aie-heading-26\">2. 注意事项</h3><ul><li><p>ArrayList存储的是引用数据类型，不能直接存储基本数据类型（如int、double），若需存储基本数据类型，需使用对应的包装类（Integer、Double等）。</p></li><li><p>示例（存储整数）：<br><code>ArrayList&lt;Integer&gt; numList = new ArrayList&lt;&gt;(); numList.add(10); // 自动装箱（int→Integer） numList.add(20); int num = numList.get(0); // 自动拆箱（Integer→int） System.out.println(num); // 输出：10</code></p></li></ul><h2 id=\"aie-heading-27\">三、Scanner类（输入工具类）</h2><p>Scanner类用于从控制台获取用户输入，是Java入门阶段常用的输入工具，位于java.util包下，使用前需导入。</p><h3 id=\"aie-heading-28\">1. 基本使用</h3><pre><code class=\"language-java\">\nimport java.util.Scanner;public class ScannerDemo {\npublic static void main(String[] args) {\n// 创建Scanner对象，关联控制台输入\nScanner scanner = new Scanner(System.in);    // 获取字符串输入（nextLine()方法）\n    System.out.print(\"请输入姓名：\");\n    String name = scanner.nextLine();\n    \n    // 获取整数输入（nextInt()方法）\n    System.out.print(\"请输入年龄：\");\n    int age = scanner.nextInt();\n    \n    // 获取浮点数输入（nextDouble()方法）\n    System.out.print(\"请输入成绩：\");\n    double score = scanner.nextDouble();\n    \n    // 输出获取到的信息\n    System.out.println(\"姓名：\" + name + \"，年龄：\" + age + \"，成绩：\" + score);\n    \n    // 关闭Scanner（释放资源）\n    scanner.close();\n}}</code></pre><h3 id=\"aie-heading-29\">2. 常用方法</h3><ul><li><p>nextLine()：获取一行字符串（包括空格）。</p></li><li><p>next()：获取一个字符串（以空格或回车为分隔符，不包含空格）。</p></li><li><p>nextInt()：获取整数。</p></li><li><p>nextDouble()：获取浮点数。</p></li><li><p>hasNextInt()：判断下一个输入是否为整数，返回boolean类型（用于避免输入类型错误）。</p></li></ul><h3 id=\"aie-heading-30\">3. 注意事项</h3><p>使用nextInt()、nextDouble()等方法后，若后续使用nextLine()，会导致nextLine()读取到空字符串（因为前一个方法会留下回车符）。解决方法：在nextInt()后添加一行scanner.nextLine()，消耗掉回车符。</p><pre><code class=\"language-java\">\nimport java.util.Scanner;public class ScannerNote {\npublic static void main(String[] args) {\nScanner scanner = new Scanner(System.in);    System.out.print(\"请输入年龄：\");\n    int age = scanner.nextInt();\n    scanner.nextLine(); // 消耗回车符\n    \n    System.out.print(\"请输入姓名：\");\n    String name = scanner.nextLine();\n    \n    System.out.println(\"姓名：\" + name + \"，年龄：\" + age);\n    scanner.close();\n}}</code></pre><blockquote><p>（注：文档部分内容可能由 AI 生成）</p></blockquote><p></p>', 1, '王大人', NULL, 680083598598475778, '2025-12-26 12:55:03.109', 680083598598475778, '2025-12-26 12:55:03.109');
INSERT INTO `mdc_notice` (`id`, `task_id`, `title`, `content`, `msg_category`, `author`, `url`, `created_by`, `created_at`, `updated_by`, `updated_at`) VALUES (43415286070394896, 43415286070394892, '标题', '内容', 1, NULL, NULL, NULL, '2026-01-10 00:01:57.098', NULL, '2026-01-10 00:01:57.098');
INSERT INTO `mdc_notice` (`id`, `task_id`, `title`, `content`, `msg_category`, `author`, `url`, `created_by`, `created_at`, `updated_by`, `updated_at`) VALUES (46991056797779969, 46991056797779968, '管理-所有人', '<p>管理-所有人</p>', 1, '123', NULL, 680083598598475778, '2026-01-19 15:56:24.501', 680083598598475778, '2026-01-19 15:56:24.501');
INSERT INTO `mdc_notice` (`id`, `task_id`, `title`, `content`, `msg_category`, `author`, `url`, `created_by`, `created_at`, `updated_by`, `updated_at`) VALUES (46991056797780029, 46991056797780025, '管理-指定人-孙王赵', '<p>管理-指定人-孙王赵</p>', 1, NULL, NULL, 680083598598475778, '2026-01-19 15:58:04.659', 680083598598475778, '2026-01-19 15:58:04.659');
INSERT INTO `mdc_notice` (`id`, `task_id`, `title`, `content`, `msg_category`, `author`, `url`, `created_by`, `created_at`, `updated_by`, `updated_at`) VALUES (46991056797780037, 46991056797780034, '管理-指定角色-2', '<p>管理-指定角色-2</p>', 2, NULL, NULL, 680083598598475778, '2026-01-19 16:01:00.457', 680083598598475778, '2026-01-19 16:01:00.457');
INSERT INTO `mdc_notice` (`id`, `task_id`, `title`, `content`, `msg_category`, `author`, `url`, `created_by`, `created_at`, `updated_by`, `updated_at`) VALUES (46991056797780043, 46991056797780040, '管理-指定部门-2', '<p>管理-指定部门-2</p>', 3, NULL, NULL, 680083598598475778, '2026-01-19 16:01:18.033', 680083598598475778, '2026-01-19 16:01:18.033');
COMMIT;

-- ----------------------------
-- Table structure for mdc_notice_recipient
-- ----------------------------
DROP TABLE IF EXISTS `mdc_notice_recipient`;
CREATE TABLE `mdc_notice_recipient` (
  `id` bigint NOT NULL COMMENT 'ID',
  `notice_id` bigint NOT NULL COMMENT '消息ID',
  `user_id` bigint NOT NULL COMMENT '接收人ID\n站内信专用',
  `read` bit(1) NOT NULL DEFAULT b'0' COMMENT '是否已读',
  `read_time` datetime(3) DEFAULT NULL COMMENT '已读时间',
  `created_by` bigint DEFAULT NULL COMMENT '创建人',
  `created_at` datetime(3) DEFAULT NULL COMMENT '创建时间',
  `updated_by` bigint DEFAULT NULL COMMENT '最后修改人',
  `updated_at` datetime(3) DEFAULT NULL COMMENT '最后修改时间',
  PRIMARY KEY (`id`) USING BTREE,
  KEY `task_id_tel_num` (`notice_id`) USING BTREE
) ENGINE=InnoDB DEFAULT CHARSET=utf8mb4 COLLATE=utf8mb4_0900_ai_ci COMMENT='通知接收人';

-- ----------------------------
-- Records of mdc_notice_recipient
-- ----------------------------
BEGIN;
INSERT INTO `mdc_notice_recipient` (`id`, `notice_id`, `user_id`, `read`, `read_time`, `created_by`, `created_at`, `updated_by`, `updated_at`) VALUES (36741005676571695, 36741005676571694, 680083598598475778, b'1', '2025-12-26 14:38:26.145', 680083598598475778, '2025-12-23 00:16:38.625', 680083598598475778, '2025-12-26 14:38:26.148');
INSERT INTO `mdc_notice_recipient` (`id`, `notice_id`, `user_id`, `read`, `read_time`, `created_by`, `created_at`, `updated_by`, `updated_at`) VALUES (36741005676571696, 36741005676571694, 680083598598475779, b'0', NULL, 680083598598475778, '2025-12-23 00:16:38.626', 680083598598475778, '2025-12-23 00:16:38.626');
INSERT INTO `mdc_notice_recipient` (`id`, `notice_id`, `user_id`, `read`, `read_time`, `created_by`, `created_at`, `updated_by`, `updated_at`) VALUES (36741005676571697, 36741005676571694, 680083598598475780, b'0', NULL, 680083598598475778, '2025-12-23 00:16:38.626', 680083598598475778, '2025-12-23 00:16:38.626');
INSERT INTO `mdc_notice_recipient` (`id`, `notice_id`, `user_id`, `read`, `read_time`, `created_by`, `created_at`, `updated_by`, `updated_at`) VALUES (36741005676571698, 36741005676571694, 1489652371943628801, b'0', NULL, 680083598598475778, '2025-12-23 00:16:38.627', 680083598598475778, '2025-12-23 00:16:38.627');
INSERT INTO `mdc_notice_recipient` (`id`, `notice_id`, `user_id`, `read`, `read_time`, `created_by`, `created_at`, `updated_by`, `updated_at`) VALUES (36741005676571699, 36741005676571694, 1489652371943628802, b'0', NULL, 680083598598475778, '2025-12-23 00:16:38.627', 680083598598475778, '2025-12-23 00:16:38.627');
INSERT INTO `mdc_notice_recipient` (`id`, `notice_id`, `user_id`, `read`, `read_time`, `created_by`, `created_at`, `updated_by`, `updated_at`) VALUES (36741005676571700, 36741005676571694, 1489652371943628803, b'0', NULL, 680083598598475778, '2025-12-23 00:16:38.628', 680083598598475778, '2025-12-23 00:16:38.628');
INSERT INTO `mdc_notice_recipient` (`id`, `notice_id`, `user_id`, `read`, `read_time`, `created_by`, `created_at`, `updated_by`, `updated_at`) VALUES (36741005676571701, 36741005676571694, 1489652371943628804, b'0', NULL, 680083598598475778, '2025-12-23 00:16:38.628', 680083598598475778, '2025-12-23 00:16:38.628');
INSERT INTO `mdc_notice_recipient` (`id`, `notice_id`, `user_id`, `read`, `read_time`, `created_by`, `created_at`, `updated_by`, `updated_at`) VALUES (36741005676571702, 36741005676571694, 1489652371943628805, b'0', NULL, 680083598598475778, '2025-12-23 00:16:38.628', 680083598598475778, '2025-12-23 00:16:38.628');
INSERT INTO `mdc_notice_recipient` (`id`, `notice_id`, `user_id`, `read`, `read_time`, `created_by`, `created_at`, `updated_by`, `updated_at`) VALUES (36741005676571703, 36741005676571694, 1489652371943628806, b'0', NULL, 680083598598475778, '2025-12-23 00:16:38.632', 680083598598475778, '2025-12-23 00:16:38.632');
INSERT INTO `mdc_notice_recipient` (`id`, `notice_id`, `user_id`, `read`, `read_time`, `created_by`, `created_at`, `updated_by`, `updated_at`) VALUES (36741005676571704, 36741005676571694, 1489652371943628807, b'0', NULL, 680083598598475778, '2025-12-23 00:16:38.641', 680083598598475778, '2025-12-23 00:16:38.641');
INSERT INTO `mdc_notice_recipient` (`id`, `notice_id`, `user_id`, `read`, `read_time`, `created_by`, `created_at`, `updated_by`, `updated_at`) VALUES (36741005676571705, 36741005676571694, 1489652371943628808, b'0', NULL, 680083598598475778, '2025-12-23 00:16:38.642', 680083598598475778, '2025-12-23 00:16:38.642');
INSERT INTO `mdc_notice_recipient` (`id`, `notice_id`, `user_id`, `read`, `read_time`, `created_by`, `created_at`, `updated_by`, `updated_at`) VALUES (36741005676571706, 36741005676571694, 1489652371943628809, b'0', NULL, 680083598598475778, '2025-12-23 00:16:38.643', 680083598598475778, '2025-12-23 00:16:38.643');
INSERT INTO `mdc_notice_recipient` (`id`, `notice_id`, `user_id`, `read`, `read_time`, `created_by`, `created_at`, `updated_by`, `updated_at`) VALUES (36741005676571707, 36741005676571694, 1489652371943628810, b'0', NULL, 680083598598475778, '2025-12-23 00:16:38.643', 680083598598475778, '2025-12-23 00:16:38.643');
INSERT INTO `mdc_notice_recipient` (`id`, `notice_id`, `user_id`, `read`, `read_time`, `created_by`, `created_at`, `updated_by`, `updated_at`) VALUES (36741005676571708, 36741005676571694, 1489652371943628811, b'0', NULL, 680083598598475778, '2025-12-23 00:16:38.653', 680083598598475778, '2025-12-23 00:16:38.653');
INSERT INTO `mdc_notice_recipient` (`id`, `notice_id`, `user_id`, `read`, `read_time`, `created_by`, `created_at`, `updated_by`, `updated_at`) VALUES (36741005676571709, 36741005676571694, 1489652371943628812, b'0', NULL, 680083598598475778, '2025-12-23 00:16:38.654', 680083598598475778, '2025-12-23 00:16:38.653');
INSERT INTO `mdc_notice_recipient` (`id`, `notice_id`, `user_id`, `read`, `read_time`, `created_by`, `created_at`, `updated_by`, `updated_at`) VALUES (36741005676571710, 36741005676571694, 1489652371943628813, b'0', NULL, 680083598598475778, '2025-12-23 00:16:38.655', 680083598598475778, '2025-12-23 00:16:38.655');
INSERT INTO `mdc_notice_recipient` (`id`, `notice_id`, `user_id`, `read`, `read_time`, `created_by`, `created_at`, `updated_by`, `updated_at`) VALUES (36741005676571711, 36741005676571694, 1489652371943628814, b'0', NULL, 680083598598475778, '2025-12-23 00:16:38.655', 680083598598475778, '2025-12-23 00:16:38.655');
INSERT INTO `mdc_notice_recipient` (`id`, `notice_id`, `user_id`, `read`, `read_time`, `created_by`, `created_at`, `updated_by`, `updated_at`) VALUES (36741005676571712, 36741005676571694, 1489652371943628815, b'0', NULL, 680083598598475778, '2025-12-23 00:16:38.656', 680083598598475778, '2025-12-23 00:16:38.656');
INSERT INTO `mdc_notice_recipient` (`id`, `notice_id`, `user_id`, `read`, `read_time`, `created_by`, `created_at`, `updated_by`, `updated_at`) VALUES (36741005676571713, 36741005676571694, 1489652371943628816, b'0', NULL, 680083598598475778, '2025-12-23 00:16:38.656', 680083598598475778, '2025-12-23 00:16:38.656');
INSERT INTO `mdc_notice_recipient` (`id`, `notice_id`, `user_id`, `read`, `read_time`, `created_by`, `created_at`, `updated_by`, `updated_at`) VALUES (36741005676571714, 36741005676571694, 1489652371943628817, b'0', NULL, 680083598598475778, '2025-12-23 00:16:38.656', 680083598598475778, '2025-12-23 00:16:38.656');
INSERT INTO `mdc_notice_recipient` (`id`, `notice_id`, `user_id`, `read`, `read_time`, `created_by`, `created_at`, `updated_by`, `updated_at`) VALUES (36741005676571715, 36741005676571694, 1489652371943628818, b'0', NULL, 680083598598475778, '2025-12-23 00:16:38.656', 680083598598475778, '2025-12-23 00:16:38.656');
INSERT INTO `mdc_notice_recipient` (`id`, `notice_id`, `user_id`, `read`, `read_time`, `created_by`, `created_at`, `updated_by`, `updated_at`) VALUES (36741005676571716, 36741005676571694, 1489652371943628819, b'0', NULL, 680083598598475778, '2025-12-23 00:16:38.657', 680083598598475778, '2025-12-23 00:16:38.657');
INSERT INTO `mdc_notice_recipient` (`id`, `notice_id`, `user_id`, `read`, `read_time`, `created_by`, `created_at`, `updated_by`, `updated_at`) VALUES (36741005676571717, 36741005676571694, 1489652371943628820, b'0', NULL, 680083598598475778, '2025-12-23 00:16:38.657', 680083598598475778, '2025-12-23 00:16:38.657');
INSERT INTO `mdc_notice_recipient` (`id`, `notice_id`, `user_id`, `read`, `read_time`, `created_by`, `created_at`, `updated_by`, `updated_at`) VALUES (36741005676571718, 36741005676571694, 1489652371943628821, b'0', NULL, 680083598598475778, '2025-12-23 00:16:38.657', 680083598598475778, '2025-12-23 00:16:38.657');
INSERT INTO `mdc_notice_recipient` (`id`, `notice_id`, `user_id`, `read`, `read_time`, `created_by`, `created_at`, `updated_by`, `updated_at`) VALUES (36741005676571719, 36741005676571694, 1489652371943628822, b'0', NULL, 680083598598475778, '2025-12-23 00:16:38.658', 680083598598475778, '2025-12-23 00:16:38.658');
INSERT INTO `mdc_notice_recipient` (`id`, `notice_id`, `user_id`, `read`, `read_time`, `created_by`, `created_at`, `updated_by`, `updated_at`) VALUES (36741005676571720, 36741005676571694, 1489652371943628823, b'0', NULL, 680083598598475778, '2025-12-23 00:16:38.658', 680083598598475778, '2025-12-23 00:16:38.658');
INSERT INTO `mdc_notice_recipient` (`id`, `notice_id`, `user_id`, `read`, `read_time`, `created_by`, `created_at`, `updated_by`, `updated_at`) VALUES (36741005676571721, 36741005676571694, 1489652371943628824, b'0', NULL, 680083598598475778, '2025-12-23 00:16:38.658', 680083598598475778, '2025-12-23 00:16:38.658');
INSERT INTO `mdc_notice_recipient` (`id`, `notice_id`, `user_id`, `read`, `read_time`, `created_by`, `created_at`, `updated_by`, `updated_at`) VALUES (36741005676571722, 36741005676571694, 1489652371943628825, b'0', NULL, 680083598598475778, '2025-12-23 00:16:38.658', 680083598598475778, '2025-12-23 00:16:38.658');
INSERT INTO `mdc_notice_recipient` (`id`, `notice_id`, `user_id`, `read`, `read_time`, `created_by`, `created_at`, `updated_by`, `updated_at`) VALUES (36741005676571723, 36741005676571694, 1489652371943628826, b'0', NULL, 680083598598475778, '2025-12-23 00:16:38.658', 680083598598475778, '2025-12-23 00:16:38.658');
INSERT INTO `mdc_notice_recipient` (`id`, `notice_id`, `user_id`, `read`, `read_time`, `created_by`, `created_at`, `updated_by`, `updated_at`) VALUES (36741005676571724, 36741005676571694, 1489652371943628827, b'0', NULL, 680083598598475778, '2025-12-23 00:16:38.659', 680083598598475778, '2025-12-23 00:16:38.659');
INSERT INTO `mdc_notice_recipient` (`id`, `notice_id`, `user_id`, `read`, `read_time`, `created_by`, `created_at`, `updated_by`, `updated_at`) VALUES (36741005676571725, 36741005676571694, 1489652371943628828, b'0', NULL, 680083598598475778, '2025-12-23 00:16:38.659', 680083598598475778, '2025-12-23 00:16:38.659');
INSERT INTO `mdc_notice_recipient` (`id`, `notice_id`, `user_id`, `read`, `read_time`, `created_by`, `created_at`, `updated_by`, `updated_at`) VALUES (36741005676571726, 36741005676571694, 1489652371943628829, b'0', NULL, 680083598598475778, '2025-12-23 00:16:38.659', 680083598598475778, '2025-12-23 00:16:38.659');
INSERT INTO `mdc_notice_recipient` (`id`, `notice_id`, `user_id`, `read`, `read_time`, `created_by`, `created_at`, `updated_by`, `updated_at`) VALUES (36741005676571727, 36741005676571694, 1489652371943628830, b'0', NULL, 680083598598475778, '2025-12-23 00:16:38.659', 680083598598475778, '2025-12-23 00:16:38.659');
INSERT INTO `mdc_notice_recipient` (`id`, `notice_id`, `user_id`, `read`, `read_time`, `created_by`, `created_at`, `updated_by`, `updated_at`) VALUES (36741005676571728, 36741005676571694, 1489652371943628831, b'0', NULL, 680083598598475778, '2025-12-23 00:16:38.659', 680083598598475778, '2025-12-23 00:16:38.659');
INSERT INTO `mdc_notice_recipient` (`id`, `notice_id`, `user_id`, `read`, `read_time`, `created_by`, `created_at`, `updated_by`, `updated_at`) VALUES (36741005676571729, 36741005676571694, 1489652371943628832, b'0', NULL, 680083598598475778, '2025-12-23 00:16:38.660', 680083598598475778, '2025-12-23 00:16:38.660');
INSERT INTO `mdc_notice_recipient` (`id`, `notice_id`, `user_id`, `read`, `read_time`, `created_by`, `created_at`, `updated_by`, `updated_at`) VALUES (36741005676571730, 36741005676571694, 1489652371943628833, b'0', NULL, 680083598598475778, '2025-12-23 00:16:38.660', 680083598598475778, '2025-12-23 00:16:38.660');
INSERT INTO `mdc_notice_recipient` (`id`, `notice_id`, `user_id`, `read`, `read_time`, `created_by`, `created_at`, `updated_by`, `updated_at`) VALUES (36741005676571731, 36741005676571694, 1489652371943628834, b'0', NULL, 680083598598475778, '2025-12-23 00:16:38.660', 680083598598475778, '2025-12-23 00:16:38.660');
INSERT INTO `mdc_notice_recipient` (`id`, `notice_id`, `user_id`, `read`, `read_time`, `created_by`, `created_at`, `updated_by`, `updated_at`) VALUES (36741005676571732, 36741005676571694, 1489652371943628835, b'0', NULL, 680083598598475778, '2025-12-23 00:16:38.661', 680083598598475778, '2025-12-23 00:16:38.661');
INSERT INTO `mdc_notice_recipient` (`id`, `notice_id`, `user_id`, `read`, `read_time`, `created_by`, `created_at`, `updated_by`, `updated_at`) VALUES (36741005676571733, 36741005676571694, 1489652371943628836, b'0', NULL, 680083598598475778, '2025-12-23 00:16:38.661', 680083598598475778, '2025-12-23 00:16:38.661');
INSERT INTO `mdc_notice_recipient` (`id`, `notice_id`, `user_id`, `read`, `read_time`, `created_by`, `created_at`, `updated_by`, `updated_at`) VALUES (36741005676571734, 36741005676571694, 1489652371943628837, b'0', NULL, 680083598598475778, '2025-12-23 00:16:38.661', 680083598598475778, '2025-12-23 00:16:38.661');
INSERT INTO `mdc_notice_recipient` (`id`, `notice_id`, `user_id`, `read`, `read_time`, `created_by`, `created_at`, `updated_by`, `updated_at`) VALUES (36741005676571735, 36741005676571694, 1489652371943628838, b'0', NULL, 680083598598475778, '2025-12-23 00:16:38.661', 680083598598475778, '2025-12-23 00:16:38.661');
INSERT INTO `mdc_notice_recipient` (`id`, `notice_id`, `user_id`, `read`, `read_time`, `created_by`, `created_at`, `updated_by`, `updated_at`) VALUES (36741005676571736, 36741005676571694, 1489652371943628839, b'0', NULL, 680083598598475778, '2025-12-23 00:16:38.662', 680083598598475778, '2025-12-23 00:16:38.662');
INSERT INTO `mdc_notice_recipient` (`id`, `notice_id`, `user_id`, `read`, `read_time`, `created_by`, `created_at`, `updated_by`, `updated_at`) VALUES (36741005676571741, 36741005676571740, 680083598598475780, b'0', NULL, 680083598598475778, '2025-12-23 00:18:06.879', 680083598598475778, '2025-12-23 00:18:06.879');
INSERT INTO `mdc_notice_recipient` (`id`, `notice_id`, `user_id`, `read`, `read_time`, `created_by`, `created_at`, `updated_by`, `updated_at`) VALUES (36897114852880432, 36897114852880431, 680083598598475778, b'1', '2025-12-26 11:15:42.547', 680083598598475778, '2025-12-24 00:13:22.736', 680083598598475778, '2025-12-26 11:15:42.550');
INSERT INTO `mdc_notice_recipient` (`id`, `notice_id`, `user_id`, `read`, `read_time`, `created_by`, `created_at`, `updated_by`, `updated_at`) VALUES (36897114852880433, 36897114852880431, 680083598598475779, b'0', NULL, 680083598598475778, '2025-12-24 00:13:22.740', 680083598598475778, '2025-12-24 00:13:22.740');
INSERT INTO `mdc_notice_recipient` (`id`, `notice_id`, `user_id`, `read`, `read_time`, `created_by`, `created_at`, `updated_by`, `updated_at`) VALUES (36897114852880442, 36897114852880441, 680083598598475778, b'1', '2025-12-26 11:15:38.980', 680083598598475778, '2025-12-24 00:13:38.935', 680083598598475778, '2025-12-26 11:15:38.983');
INSERT INTO `mdc_notice_recipient` (`id`, `notice_id`, `user_id`, `read`, `read_time`, `created_by`, `created_at`, `updated_by`, `updated_at`) VALUES (36897114852880443, 36897114852880441, 680083598598475779, b'0', NULL, 680083598598475778, '2025-12-24 00:13:38.935', 680083598598475778, '2025-12-24 00:13:38.935');
INSERT INTO `mdc_notice_recipient` (`id`, `notice_id`, `user_id`, `read`, `read_time`, `created_by`, `created_at`, `updated_by`, `updated_at`) VALUES (38019754879550484, 38019754879550483, 680083598598475778, b'1', '2025-12-26 14:36:50.780', 680083598598475778, '2025-12-26 12:55:03.122', 680083598598475778, '2025-12-26 14:36:50.782');
INSERT INTO `mdc_notice_recipient` (`id`, `notice_id`, `user_id`, `read`, `read_time`, `created_by`, `created_at`, `updated_by`, `updated_at`) VALUES (43415286070394897, 43415286070394896, 680083598598475778, b'1', '2026-01-17 00:13:02.397', NULL, '2026-01-10 00:01:57.119', 680083598598475778, '2026-01-17 00:13:02.402');
INSERT INTO `mdc_notice_recipient` (`id`, `notice_id`, `user_id`, `read`, `read_time`, `created_by`, `created_at`, `updated_by`, `updated_at`) VALUES (43415286070394898, 43415286070394896, 680083598598475779, b'0', NULL, NULL, '2026-01-10 00:01:57.125', NULL, '2026-01-10 00:01:57.125');
INSERT INTO `mdc_notice_recipient` (`id`, `notice_id`, `user_id`, `read`, `read_time`, `created_by`, `created_at`, `updated_by`, `updated_at`) VALUES (43415286070394899, 43415286070394896, 680083598598475780, b'0', NULL, NULL, '2026-01-10 00:01:57.125', NULL, '2026-01-10 00:01:57.125');
INSERT INTO `mdc_notice_recipient` (`id`, `notice_id`, `user_id`, `read`, `read_time`, `created_by`, `created_at`, `updated_by`, `updated_at`) VALUES (46991056797779970, 46991056797779969, 42814334246315008, b'0', NULL, 680083598598475778, '2026-01-19 15:56:24.534', 680083598598475778, '2026-01-19 15:56:24.534');
INSERT INTO `mdc_notice_recipient` (`id`, `notice_id`, `user_id`, `read`, `read_time`, `created_by`, `created_at`, `updated_by`, `updated_at`) VALUES (46991056797779971, 46991056797779969, 42815575491866624, b'0', NULL, 680083598598475778, '2026-01-19 15:56:24.539', 680083598598475778, '2026-01-19 15:56:24.539');
INSERT INTO `mdc_notice_recipient` (`id`, `notice_id`, `user_id`, `read`, `read_time`, `created_by`, `created_at`, `updated_by`, `updated_at`) VALUES (46991056797779972, 46991056797779969, 42815575491866625, b'0', NULL, 680083598598475778, '2026-01-19 15:56:24.540', 680083598598475778, '2026-01-19 15:56:24.540');
INSERT INTO `mdc_notice_recipient` (`id`, `notice_id`, `user_id`, `read`, `read_time`, `created_by`, `created_at`, `updated_by`, `updated_at`) VALUES (46991056797779973, 46991056797779969, 43048727791532032, b'0', NULL, 680083598598475778, '2026-01-19 15:56:24.541', 680083598598475778, '2026-01-19 15:56:24.541');
INSERT INTO `mdc_notice_recipient` (`id`, `notice_id`, `user_id`, `read`, `read_time`, `created_by`, `created_at`, `updated_by`, `updated_at`) VALUES (46991056797779974, 46991056797779969, 43048727791532033, b'0', NULL, 680083598598475778, '2026-01-19 15:56:24.541', 680083598598475778, '2026-01-19 15:56:24.541');
INSERT INTO `mdc_notice_recipient` (`id`, `notice_id`, `user_id`, `read`, `read_time`, `created_by`, `created_at`, `updated_by`, `updated_at`) VALUES (46991056797779975, 46991056797779969, 43373586232915968, b'0', NULL, 680083598598475778, '2026-01-19 15:56:24.541', 680083598598475778, '2026-01-19 15:56:24.541');
INSERT INTO `mdc_notice_recipient` (`id`, `notice_id`, `user_id`, `read`, `read_time`, `created_by`, `created_at`, `updated_by`, `updated_at`) VALUES (46991056797779976, 46991056797779969, 43373586232915969, b'0', NULL, 680083598598475778, '2026-01-19 15:56:24.542', 680083598598475778, '2026-01-19 15:56:24.542');
INSERT INTO `mdc_notice_recipient` (`id`, `notice_id`, `user_id`, `read`, `read_time`, `created_by`, `created_at`, `updated_by`, `updated_at`) VALUES (46991056797779977, 46991056797779969, 43373586232915970, b'0', NULL, 680083598598475778, '2026-01-19 15:56:24.543', 680083598598475778, '2026-01-19 15:56:24.543');
INSERT INTO `mdc_notice_recipient` (`id`, `notice_id`, `user_id`, `read`, `read_time`, `created_by`, `created_at`, `updated_by`, `updated_at`) VALUES (46991056797779978, 46991056797779969, 43373586232915971, b'0', NULL, 680083598598475778, '2026-01-19 15:56:24.543', 680083598598475778, '2026-01-19 15:56:24.543');
INSERT INTO `mdc_notice_recipient` (`id`, `notice_id`, `user_id`, `read`, `read_time`, `created_by`, `created_at`, `updated_by`, `updated_at`) VALUES (46991056797779979, 46991056797779969, 45905439389198336, b'0', NULL, 680083598598475778, '2026-01-19 15:56:24.544', 680083598598475778, '2026-01-19 15:56:24.544');
INSERT INTO `mdc_notice_recipient` (`id`, `notice_id`, `user_id`, `read`, `read_time`, `created_by`, `created_at`, `updated_by`, `updated_at`) VALUES (46991056797779980, 46991056797779969, 45946774154457094, b'0', NULL, 680083598598475778, '2026-01-19 15:56:24.544', 680083598598475778, '2026-01-19 15:56:24.544');
INSERT INTO `mdc_notice_recipient` (`id`, `notice_id`, `user_id`, `read`, `read_time`, `created_by`, `created_at`, `updated_by`, `updated_at`) VALUES (46991056797779981, 46991056797779969, 45946774154457107, b'0', NULL, 680083598598475778, '2026-01-19 15:56:24.544', 680083598598475778, '2026-01-19 15:56:24.544');
INSERT INTO `mdc_notice_recipient` (`id`, `notice_id`, `user_id`, `read`, `read_time`, `created_by`, `created_at`, `updated_by`, `updated_at`) VALUES (46991056797779982, 46991056797779969, 680083598598475778, b'0', NULL, 680083598598475778, '2026-01-19 15:56:24.544', 680083598598475778, '2026-01-19 15:56:24.544');
INSERT INTO `mdc_notice_recipient` (`id`, `notice_id`, `user_id`, `read`, `read_time`, `created_by`, `created_at`, `updated_by`, `updated_at`) VALUES (46991056797779983, 46991056797779969, 680083598598475779, b'0', NULL, 680083598598475778, '2026-01-19 15:56:24.545', 680083598598475778, '2026-01-19 15:56:24.545');
INSERT INTO `mdc_notice_recipient` (`id`, `notice_id`, `user_id`, `read`, `read_time`, `created_by`, `created_at`, `updated_by`, `updated_at`) VALUES (46991056797779984, 46991056797779969, 680083598598475780, b'0', NULL, 680083598598475778, '2026-01-19 15:56:24.545', 680083598598475778, '2026-01-19 15:56:24.545');
INSERT INTO `mdc_notice_recipient` (`id`, `notice_id`, `user_id`, `read`, `read_time`, `created_by`, `created_at`, `updated_by`, `updated_at`) VALUES (46991056797779985, 46991056797779969, 1489652371943628801, b'0', NULL, 680083598598475778, '2026-01-19 15:56:24.545', 680083598598475778, '2026-01-19 15:56:24.545');
INSERT INTO `mdc_notice_recipient` (`id`, `notice_id`, `user_id`, `read`, `read_time`, `created_by`, `created_at`, `updated_by`, `updated_at`) VALUES (46991056797779986, 46991056797779969, 1489652371943628802, b'0', NULL, 680083598598475778, '2026-01-19 15:56:24.546', 680083598598475778, '2026-01-19 15:56:24.546');
INSERT INTO `mdc_notice_recipient` (`id`, `notice_id`, `user_id`, `read`, `read_time`, `created_by`, `created_at`, `updated_by`, `updated_at`) VALUES (46991056797779987, 46991056797779969, 1489652371943628803, b'0', NULL, 680083598598475778, '2026-01-19 15:56:24.546', 680083598598475778, '2026-01-19 15:56:24.546');
INSERT INTO `mdc_notice_recipient` (`id`, `notice_id`, `user_id`, `read`, `read_time`, `created_by`, `created_at`, `updated_by`, `updated_at`) VALUES (46991056797779988, 46991056797779969, 1489652371943628804, b'0', NULL, 680083598598475778, '2026-01-19 15:56:24.546', 680083598598475778, '2026-01-19 15:56:24.546');
INSERT INTO `mdc_notice_recipient` (`id`, `notice_id`, `user_id`, `read`, `read_time`, `created_by`, `created_at`, `updated_by`, `updated_at`) VALUES (46991056797779989, 46991056797779969, 1489652371943628805, b'0', NULL, 680083598598475778, '2026-01-19 15:56:24.546', 680083598598475778, '2026-01-19 15:56:24.546');
INSERT INTO `mdc_notice_recipient` (`id`, `notice_id`, `user_id`, `read`, `read_time`, `created_by`, `created_at`, `updated_by`, `updated_at`) VALUES (46991056797779990, 46991056797779969, 1489652371943628806, b'0', NULL, 680083598598475778, '2026-01-19 15:56:24.546', 680083598598475778, '2026-01-19 15:56:24.546');
INSERT INTO `mdc_notice_recipient` (`id`, `notice_id`, `user_id`, `read`, `read_time`, `created_by`, `created_at`, `updated_by`, `updated_at`) VALUES (46991056797779991, 46991056797779969, 1489652371943628807, b'0', NULL, 680083598598475778, '2026-01-19 15:56:24.547', 680083598598475778, '2026-01-19 15:56:24.547');
INSERT INTO `mdc_notice_recipient` (`id`, `notice_id`, `user_id`, `read`, `read_time`, `created_by`, `created_at`, `updated_by`, `updated_at`) VALUES (46991056797779992, 46991056797779969, 1489652371943628808, b'0', NULL, 680083598598475778, '2026-01-19 15:56:24.547', 680083598598475778, '2026-01-19 15:56:24.547');
INSERT INTO `mdc_notice_recipient` (`id`, `notice_id`, `user_id`, `read`, `read_time`, `created_by`, `created_at`, `updated_by`, `updated_at`) VALUES (46991056797779993, 46991056797779969, 1489652371943628809, b'0', NULL, 680083598598475778, '2026-01-19 15:56:24.547', 680083598598475778, '2026-01-19 15:56:24.547');
INSERT INTO `mdc_notice_recipient` (`id`, `notice_id`, `user_id`, `read`, `read_time`, `created_by`, `created_at`, `updated_by`, `updated_at`) VALUES (46991056797779994, 46991056797779969, 1489652371943628810, b'0', NULL, 680083598598475778, '2026-01-19 15:56:24.548', 680083598598475778, '2026-01-19 15:56:24.548');
INSERT INTO `mdc_notice_recipient` (`id`, `notice_id`, `user_id`, `read`, `read_time`, `created_by`, `created_at`, `updated_by`, `updated_at`) VALUES (46991056797779995, 46991056797779969, 1489652371943628811, b'0', NULL, 680083598598475778, '2026-01-19 15:56:24.548', 680083598598475778, '2026-01-19 15:56:24.548');
INSERT INTO `mdc_notice_recipient` (`id`, `notice_id`, `user_id`, `read`, `read_time`, `created_by`, `created_at`, `updated_by`, `updated_at`) VALUES (46991056797779996, 46991056797779969, 1489652371943628812, b'0', NULL, 680083598598475778, '2026-01-19 15:56:24.548', 680083598598475778, '2026-01-19 15:56:24.548');
INSERT INTO `mdc_notice_recipient` (`id`, `notice_id`, `user_id`, `read`, `read_time`, `created_by`, `created_at`, `updated_by`, `updated_at`) VALUES (46991056797779997, 46991056797779969, 1489652371943628813, b'0', NULL, 680083598598475778, '2026-01-19 15:56:24.548', 680083598598475778, '2026-01-19 15:56:24.548');
INSERT INTO `mdc_notice_recipient` (`id`, `notice_id`, `user_id`, `read`, `read_time`, `created_by`, `created_at`, `updated_by`, `updated_at`) VALUES (46991056797779998, 46991056797779969, 1489652371943628814, b'0', NULL, 680083598598475778, '2026-01-19 15:56:24.548', 680083598598475778, '2026-01-19 15:56:24.548');
INSERT INTO `mdc_notice_recipient` (`id`, `notice_id`, `user_id`, `read`, `read_time`, `created_by`, `created_at`, `updated_by`, `updated_at`) VALUES (46991056797779999, 46991056797779969, 1489652371943628815, b'0', NULL, 680083598598475778, '2026-01-19 15:56:24.549', 680083598598475778, '2026-01-19 15:56:24.549');
INSERT INTO `mdc_notice_recipient` (`id`, `notice_id`, `user_id`, `read`, `read_time`, `created_by`, `created_at`, `updated_by`, `updated_at`) VALUES (46991056797780000, 46991056797779969, 1489652371943628816, b'0', NULL, 680083598598475778, '2026-01-19 15:56:24.549', 680083598598475778, '2026-01-19 15:56:24.549');
INSERT INTO `mdc_notice_recipient` (`id`, `notice_id`, `user_id`, `read`, `read_time`, `created_by`, `created_at`, `updated_by`, `updated_at`) VALUES (46991056797780001, 46991056797779969, 1489652371943628817, b'0', NULL, 680083598598475778, '2026-01-19 15:56:24.550', 680083598598475778, '2026-01-19 15:56:24.550');
INSERT INTO `mdc_notice_recipient` (`id`, `notice_id`, `user_id`, `read`, `read_time`, `created_by`, `created_at`, `updated_by`, `updated_at`) VALUES (46991056797780002, 46991056797779969, 1489652371943628818, b'0', NULL, 680083598598475778, '2026-01-19 15:56:24.550', 680083598598475778, '2026-01-19 15:56:24.550');
INSERT INTO `mdc_notice_recipient` (`id`, `notice_id`, `user_id`, `read`, `read_time`, `created_by`, `created_at`, `updated_by`, `updated_at`) VALUES (46991056797780003, 46991056797779969, 1489652371943628819, b'0', NULL, 680083598598475778, '2026-01-19 15:56:24.550', 680083598598475778, '2026-01-19 15:56:24.550');
INSERT INTO `mdc_notice_recipient` (`id`, `notice_id`, `user_id`, `read`, `read_time`, `created_by`, `created_at`, `updated_by`, `updated_at`) VALUES (46991056797780004, 46991056797779969, 1489652371943628820, b'0', NULL, 680083598598475778, '2026-01-19 15:56:24.550', 680083598598475778, '2026-01-19 15:56:24.550');
INSERT INTO `mdc_notice_recipient` (`id`, `notice_id`, `user_id`, `read`, `read_time`, `created_by`, `created_at`, `updated_by`, `updated_at`) VALUES (46991056797780005, 46991056797779969, 1489652371943628821, b'0', NULL, 680083598598475778, '2026-01-19 15:56:24.551', 680083598598475778, '2026-01-19 15:56:24.551');
INSERT INTO `mdc_notice_recipient` (`id`, `notice_id`, `user_id`, `read`, `read_time`, `created_by`, `created_at`, `updated_by`, `updated_at`) VALUES (46991056797780006, 46991056797779969, 1489652371943628822, b'0', NULL, 680083598598475778, '2026-01-19 15:56:24.551', 680083598598475778, '2026-01-19 15:56:24.551');
INSERT INTO `mdc_notice_recipient` (`id`, `notice_id`, `user_id`, `read`, `read_time`, `created_by`, `created_at`, `updated_by`, `updated_at`) VALUES (46991056797780007, 46991056797779969, 1489652371943628823, b'0', NULL, 680083598598475778, '2026-01-19 15:56:24.551', 680083598598475778, '2026-01-19 15:56:24.551');
INSERT INTO `mdc_notice_recipient` (`id`, `notice_id`, `user_id`, `read`, `read_time`, `created_by`, `created_at`, `updated_by`, `updated_at`) VALUES (46991056797780008, 46991056797779969, 1489652371943628824, b'0', NULL, 680083598598475778, '2026-01-19 15:56:24.551', 680083598598475778, '2026-01-19 15:56:24.551');
INSERT INTO `mdc_notice_recipient` (`id`, `notice_id`, `user_id`, `read`, `read_time`, `created_by`, `created_at`, `updated_by`, `updated_at`) VALUES (46991056797780009, 46991056797779969, 1489652371943628825, b'0', NULL, 680083598598475778, '2026-01-19 15:56:24.551', 680083598598475778, '2026-01-19 15:56:24.551');
INSERT INTO `mdc_notice_recipient` (`id`, `notice_id`, `user_id`, `read`, `read_time`, `created_by`, `created_at`, `updated_by`, `updated_at`) VALUES (46991056797780010, 46991056797779969, 1489652371943628826, b'0', NULL, 680083598598475778, '2026-01-19 15:56:24.551', 680083598598475778, '2026-01-19 15:56:24.551');
INSERT INTO `mdc_notice_recipient` (`id`, `notice_id`, `user_id`, `read`, `read_time`, `created_by`, `created_at`, `updated_by`, `updated_at`) VALUES (46991056797780011, 46991056797779969, 1489652371943628827, b'0', NULL, 680083598598475778, '2026-01-19 15:56:24.551', 680083598598475778, '2026-01-19 15:56:24.551');
INSERT INTO `mdc_notice_recipient` (`id`, `notice_id`, `user_id`, `read`, `read_time`, `created_by`, `created_at`, `updated_by`, `updated_at`) VALUES (46991056797780012, 46991056797779969, 1489652371943628828, b'0', NULL, 680083598598475778, '2026-01-19 15:56:24.552', 680083598598475778, '2026-01-19 15:56:24.552');
INSERT INTO `mdc_notice_recipient` (`id`, `notice_id`, `user_id`, `read`, `read_time`, `created_by`, `created_at`, `updated_by`, `updated_at`) VALUES (46991056797780013, 46991056797779969, 1489652371943628829, b'0', NULL, 680083598598475778, '2026-01-19 15:56:24.552', 680083598598475778, '2026-01-19 15:56:24.552');
INSERT INTO `mdc_notice_recipient` (`id`, `notice_id`, `user_id`, `read`, `read_time`, `created_by`, `created_at`, `updated_by`, `updated_at`) VALUES (46991056797780014, 46991056797779969, 1489652371943628830, b'0', NULL, 680083598598475778, '2026-01-19 15:56:24.552', 680083598598475778, '2026-01-19 15:56:24.552');
INSERT INTO `mdc_notice_recipient` (`id`, `notice_id`, `user_id`, `read`, `read_time`, `created_by`, `created_at`, `updated_by`, `updated_at`) VALUES (46991056797780015, 46991056797779969, 1489652371943628831, b'0', NULL, 680083598598475778, '2026-01-19 15:56:24.552', 680083598598475778, '2026-01-19 15:56:24.552');
INSERT INTO `mdc_notice_recipient` (`id`, `notice_id`, `user_id`, `read`, `read_time`, `created_by`, `created_at`, `updated_by`, `updated_at`) VALUES (46991056797780016, 46991056797779969, 1489652371943628832, b'0', NULL, 680083598598475778, '2026-01-19 15:56:24.553', 680083598598475778, '2026-01-19 15:56:24.553');
INSERT INTO `mdc_notice_recipient` (`id`, `notice_id`, `user_id`, `read`, `read_time`, `created_by`, `created_at`, `updated_by`, `updated_at`) VALUES (46991056797780017, 46991056797779969, 1489652371943628833, b'0', NULL, 680083598598475778, '2026-01-19 15:56:24.553', 680083598598475778, '2026-01-19 15:56:24.553');
INSERT INTO `mdc_notice_recipient` (`id`, `notice_id`, `user_id`, `read`, `read_time`, `created_by`, `created_at`, `updated_by`, `updated_at`) VALUES (46991056797780018, 46991056797779969, 1489652371943628834, b'0', NULL, 680083598598475778, '2026-01-19 15:56:24.553', 680083598598475778, '2026-01-19 15:56:24.553');
INSERT INTO `mdc_notice_recipient` (`id`, `notice_id`, `user_id`, `read`, `read_time`, `created_by`, `created_at`, `updated_by`, `updated_at`) VALUES (46991056797780019, 46991056797779969, 1489652371943628835, b'0', NULL, 680083598598475778, '2026-01-19 15:56:24.553', 680083598598475778, '2026-01-19 15:56:24.553');
INSERT INTO `mdc_notice_recipient` (`id`, `notice_id`, `user_id`, `read`, `read_time`, `created_by`, `created_at`, `updated_by`, `updated_at`) VALUES (46991056797780020, 46991056797779969, 1489652371943628836, b'0', NULL, 680083598598475778, '2026-01-19 15:56:24.554', 680083598598475778, '2026-01-19 15:56:24.554');
INSERT INTO `mdc_notice_recipient` (`id`, `notice_id`, `user_id`, `read`, `read_time`, `created_by`, `created_at`, `updated_by`, `updated_at`) VALUES (46991056797780021, 46991056797779969, 1489652371943628837, b'0', NULL, 680083598598475778, '2026-01-19 15:56:24.554', 680083598598475778, '2026-01-19 15:56:24.554');
INSERT INTO `mdc_notice_recipient` (`id`, `notice_id`, `user_id`, `read`, `read_time`, `created_by`, `created_at`, `updated_by`, `updated_at`) VALUES (46991056797780022, 46991056797779969, 1489652371943628838, b'0', NULL, 680083598598475778, '2026-01-19 15:56:24.554', 680083598598475778, '2026-01-19 15:56:24.554');
INSERT INTO `mdc_notice_recipient` (`id`, `notice_id`, `user_id`, `read`, `read_time`, `created_by`, `created_at`, `updated_by`, `updated_at`) VALUES (46991056797780023, 46991056797779969, 1489652371943628839, b'0', NULL, 680083598598475778, '2026-01-19 15:56:24.554', 680083598598475778, '2026-01-19 15:56:24.554');
INSERT INTO `mdc_notice_recipient` (`id`, `notice_id`, `user_id`, `read`, `read_time`, `created_by`, `created_at`, `updated_by`, `updated_at`) VALUES (46991056797780030, 46991056797780029, 680083598598475778, b'0', NULL, 680083598598475778, '2026-01-19 15:58:04.674', 680083598598475778, '2026-01-19 15:58:04.674');
INSERT INTO `mdc_notice_recipient` (`id`, `notice_id`, `user_id`, `read`, `read_time`, `created_by`, `created_at`, `updated_by`, `updated_at`) VALUES (46991056797780031, 46991056797780029, 680083598598475779, b'0', NULL, 680083598598475778, '2026-01-19 15:58:04.676', 680083598598475778, '2026-01-19 15:58:04.676');
INSERT INTO `mdc_notice_recipient` (`id`, `notice_id`, `user_id`, `read`, `read_time`, `created_by`, `created_at`, `updated_by`, `updated_at`) VALUES (46991056797780032, 46991056797780029, 680083598598475780, b'0', NULL, 680083598598475778, '2026-01-19 15:58:04.676', 680083598598475778, '2026-01-19 15:58:04.676');
INSERT INTO `mdc_notice_recipient` (`id`, `notice_id`, `user_id`, `read`, `read_time`, `created_by`, `created_at`, `updated_by`, `updated_at`) VALUES (46991056797780038, 46991056797780037, 680083598598475780, b'0', NULL, 680083598598475778, '2026-01-19 16:01:00.473', 680083598598475778, '2026-01-19 16:01:00.473');
INSERT INTO `mdc_notice_recipient` (`id`, `notice_id`, `user_id`, `read`, `read_time`, `created_by`, `created_at`, `updated_by`, `updated_at`) VALUES (46991056797780044, 46991056797780043, 1489652371943628837, b'0', NULL, 680083598598475778, '2026-01-19 16:01:18.048', 680083598598475778, '2026-01-19 16:01:18.048');
COMMIT;

-- ----------------------------
-- Table structure for mdc_org
-- ----------------------------
DROP TABLE IF EXISTS `mdc_org`;
CREATE TABLE `mdc_org` (
  `id` bigint NOT NULL COMMENT 'ID',
  `name` varchar(255) CHARACTER SET utf8mb4 COLLATE utf8mb4_general_ci NOT NULL COMMENT '名称',
  `org_type` char(2) CHARACTER SET utf8mb4 COLLATE utf8mb4_general_ci DEFAULT '10' COMMENT '类型\n[10-单位 20-部门]',
  `short_name` varchar(255) CHARACTER SET utf8mb4 COLLATE utf8mb4_general_ci DEFAULT NULL COMMENT '简称',
  `parent_id` bigint DEFAULT NULL COMMENT '父组织',
  `tree_path` varchar(1024) CHARACTER SET utf8mb4 COLLATE utf8mb4_general_ci DEFAULT NULL COMMENT '树路径',
  `weight` int DEFAULT '1' COMMENT '排序',
  `state` bit(1) DEFAULT b'1' COMMENT '状态\n[0-禁用 1-启用]',
  `remarks` varchar(255) CHARACTER SET utf8mb4 COLLATE utf8mb4_general_ci DEFAULT NULL COMMENT '备注',
  `created_at` datetime(3) DEFAULT NULL COMMENT '创建时间',
  `created_by` bigint DEFAULT NULL COMMENT '创建人',
  `updated_at` datetime(3) DEFAULT NULL COMMENT '修改时间',
  `updated_by` bigint DEFAULT NULL COMMENT '修改人',
  `deleted_by` bigint DEFAULT NULL COMMENT '删除人',
  `deleted_at` bigint NOT NULL DEFAULT '0' COMMENT '删除标识',
  PRIMARY KEY (`id`) USING BTREE
) ENGINE=InnoDB DEFAULT CHARSET=utf8mb4 COLLATE=utf8mb4_general_ci COMMENT='组织';

-- ----------------------------
-- Records of mdc_org
-- ----------------------------
BEGIN;
INSERT INTO `mdc_org` (`id`, `name`, `org_type`, `short_name`, `parent_id`, `tree_path`, `weight`, `state`, `remarks`, `created_at`, `created_by`, `updated_at`, `updated_by`, `deleted_by`, `deleted_at`) VALUES (26539745383887872, '111-1-11', '10', '1', 676656377904995329, '/676656377904995329/26539745383887872/', 1, b'1', NULL, '2025-11-25 12:29:39.593', 680083598598475778, '2025-11-25 12:32:07.269', 680083598598475778, NULL, 0);
INSERT INTO `mdc_org` (`id`, `name`, `org_type`, `short_name`, `parent_id`, `tree_path`, `weight`, `state`, `remarks`, `created_at`, `created_by`, `updated_at`, `updated_by`, `deleted_by`, `deleted_at`) VALUES (26539745383887876, '3333', '10', NULL, NULL, '/26539745383887876/', 1, b'1', NULL, '2025-11-25 12:56:43.156', 680083598598475778, '2025-11-25 12:56:43.156', 680083598598475778, NULL, 0);
INSERT INTO `mdc_org` (`id`, `name`, `org_type`, `short_name`, `parent_id`, `tree_path`, `weight`, `state`, `remarks`, `created_at`, `created_by`, `updated_at`, `updated_by`, `deleted_by`, `deleted_at`) VALUES (26539745383887878, '4444', '10', NULL, NULL, '/26539745383887878/', 1, b'1', NULL, '2025-11-25 12:56:47.703', 680083598598475778, '2025-11-25 12:56:47.703', 680083598598475778, NULL, 0);
INSERT INTO `mdc_org` (`id`, `name`, `org_type`, `short_name`, `parent_id`, `tree_path`, `weight`, `state`, `remarks`, `created_at`, `created_by`, `updated_at`, `updated_by`, `deleted_by`, `deleted_at`) VALUES (26539745383887880, '5555', '10', NULL, NULL, '/26539745383887880/', 1, b'1', NULL, '2025-11-25 12:56:53.359', 680083598598475778, '2025-11-25 12:56:53.359', 680083598598475778, NULL, 0);
INSERT INTO `mdc_org` (`id`, `name`, `org_type`, `short_name`, `parent_id`, `tree_path`, `weight`, `state`, `remarks`, `created_at`, `created_by`, `updated_at`, `updated_by`, `deleted_by`, `deleted_at`) VALUES (26547527864629248, '666', '10', NULL, NULL, '/26547527864629248/', 1, b'1', NULL, '2025-11-25 12:58:13.465', 680083598598475778, '2025-11-25 12:58:13.465', 680083598598475778, NULL, 0);
INSERT INTO `mdc_org` (`id`, `name`, `org_type`, `short_name`, `parent_id`, `tree_path`, `weight`, `state`, `remarks`, `created_at`, `created_by`, `updated_at`, `updated_by`, `deleted_by`, `deleted_at`) VALUES (26547527864629250, '777', '10', NULL, NULL, '/26547527864629250/', 1, b'1', NULL, '2025-11-25 12:58:17.077', 680083598598475778, '2025-11-25 12:58:17.077', 680083598598475778, NULL, 0);
INSERT INTO `mdc_org` (`id`, `name`, `org_type`, `short_name`, `parent_id`, `tree_path`, `weight`, `state`, `remarks`, `created_at`, `created_by`, `updated_at`, `updated_by`, `deleted_by`, `deleted_at`) VALUES (26547527864629252, '8888', '10', NULL, NULL, '/26547527864629252/', 1, b'1', NULL, '2025-11-25 12:58:19.380', 680083598598475778, '2025-11-25 12:58:19.380', 680083598598475778, NULL, 0);
INSERT INTO `mdc_org` (`id`, `name`, `org_type`, `short_name`, `parent_id`, `tree_path`, `weight`, `state`, `remarks`, `created_at`, `created_by`, `updated_at`, `updated_by`, `deleted_by`, `deleted_at`) VALUES (26547527864629254, '999', '10', NULL, NULL, '/26547527864629254/', 1, b'1', NULL, '2025-11-25 12:58:21.296', 680083598598475778, '2025-11-25 12:58:21.296', 680083598598475778, NULL, 0);
INSERT INTO `mdc_org` (`id`, `name`, `org_type`, `short_name`, `parent_id`, `tree_path`, `weight`, `state`, `remarks`, `created_at`, `created_by`, `updated_at`, `updated_by`, `deleted_by`, `deleted_at`) VALUES (26547527864629256, '1000', '10', NULL, NULL, '/26547527864629256/', 1, b'1', NULL, '2025-11-25 12:58:26.367', 680083598598475778, '2025-11-25 12:58:26.367', 680083598598475778, NULL, 0);
INSERT INTO `mdc_org` (`id`, `name`, `org_type`, `short_name`, `parent_id`, `tree_path`, `weight`, `state`, `remarks`, `created_at`, `created_by`, `updated_at`, `updated_by`, `deleted_by`, `deleted_at`) VALUES (26547527864629258, '1001', '10', NULL, NULL, '/26547527864629258/', 1, b'1', NULL, '2025-11-25 12:58:29.085', 680083598598475778, '2025-11-25 12:58:29.085', 680083598598475778, NULL, 0);
INSERT INTO `mdc_org` (`id`, `name`, `org_type`, `short_name`, `parent_id`, `tree_path`, `weight`, `state`, `remarks`, `created_at`, `created_by`, `updated_at`, `updated_by`, `deleted_by`, `deleted_at`) VALUES (26547527864629260, '1002', '10', NULL, NULL, '/26547527864629260/', 1, b'1', NULL, '2025-11-25 12:58:31.218', 680083598598475778, '2025-11-25 12:58:31.218', 680083598598475778, NULL, 0);
INSERT INTO `mdc_org` (`id`, `name`, `org_type`, `short_name`, `parent_id`, `tree_path`, `weight`, `state`, `remarks`, `created_at`, `created_by`, `updated_at`, `updated_by`, `deleted_by`, `deleted_at`) VALUES (26547527864629262, '1003', '10', NULL, NULL, '/26547527864629262/', 1, b'1', NULL, '2025-11-25 12:58:33.237', 680083598598475778, '2025-11-25 12:58:33.237', 680083598598475778, NULL, 0);
INSERT INTO `mdc_org` (`id`, `name`, `org_type`, `short_name`, `parent_id`, `tree_path`, `weight`, `state`, `remarks`, `created_at`, `created_by`, `updated_at`, `updated_by`, `deleted_by`, `deleted_at`) VALUES (26547527864629264, '1004', '10', NULL, NULL, '/26547527864629264/', 1, b'1', NULL, '2025-11-25 12:58:35.658', 680083598598475778, '2025-11-25 12:58:35.658', 680083598598475778, NULL, 0);
INSERT INTO `mdc_org` (`id`, `name`, `org_type`, `short_name`, `parent_id`, `tree_path`, `weight`, `state`, `remarks`, `created_at`, `created_by`, `updated_at`, `updated_by`, `deleted_by`, `deleted_at`) VALUES (26547527864629266, '1006', '10', NULL, NULL, '/26547527864629266/', 1, b'1', NULL, '2025-11-25 12:58:41.835', 680083598598475778, '2025-11-25 12:58:41.835', 680083598598475778, NULL, 0);
INSERT INTO `mdc_org` (`id`, `name`, `org_type`, `short_name`, `parent_id`, `tree_path`, `weight`, `state`, `remarks`, `created_at`, `created_by`, `updated_at`, `updated_by`, `deleted_by`, `deleted_at`) VALUES (26547527864629268, '1006-1', '20', NULL, 26547527864629266, '/26547527864629266/26547527864629268/', 1, b'1', NULL, '2025-11-25 12:58:49.890', 680083598598475778, '2025-11-25 12:58:49.890', 680083598598475778, NULL, 0);
INSERT INTO `mdc_org` (`id`, `name`, `org_type`, `short_name`, `parent_id`, `tree_path`, `weight`, `state`, `remarks`, `created_at`, `created_by`, `updated_at`, `updated_by`, `deleted_by`, `deleted_at`) VALUES (26547527864629270, '1006-2', '20', NULL, 26547527864629266, '/26547527864629266/26547527864629270/', 1, b'1', NULL, '2025-11-25 12:58:56.819', 680083598598475778, '2025-11-25 12:58:56.819', 680083598598475778, NULL, 0);
INSERT INTO `mdc_org` (`id`, `name`, `org_type`, `short_name`, `parent_id`, `tree_path`, `weight`, `state`, `remarks`, `created_at`, `created_by`, `updated_at`, `updated_by`, `deleted_by`, `deleted_at`) VALUES (43373586232915972, '138888888883296', '20', NULL, NULL, '/43373586232915972/', NULL, NULL, NULL, '2026-01-09 23:35:12.394', NULL, '2026-01-09 23:55:43.619', NULL, NULL, 0);
INSERT INTO `mdc_org` (`id`, `name`, `org_type`, `short_name`, `parent_id`, `tree_path`, `weight`, `state`, `remarks`, `created_at`, `created_by`, `updated_at`, `updated_by`, `deleted_by`, `deleted_at`) VALUES (43373586232915974, 'test1274', '10', NULL, NULL, '/43373586232915974/', 1, b'1', NULL, '2026-01-09 23:39:37.033', NULL, '2026-01-09 23:39:37.033', NULL, NULL, 0);
INSERT INTO `mdc_org` (`id`, `name`, `org_type`, `short_name`, `parent_id`, `tree_path`, `weight`, `state`, `remarks`, `created_at`, `created_by`, `updated_at`, `updated_by`, `deleted_by`, `deleted_at`) VALUES (44780535914739712, 'test4469', '10', NULL, NULL, '/44780535914739712/', 1, b'1', NULL, '2026-01-13 16:12:38.394', NULL, '2026-01-13 16:12:38.394', NULL, NULL, 0);
INSERT INTO `mdc_org` (`id`, `name`, `org_type`, `short_name`, `parent_id`, `tree_path`, `weight`, `state`, `remarks`, `created_at`, `created_by`, `updated_at`, `updated_by`, `deleted_by`, `deleted_at`) VALUES (44782344095972352, 'test1197', '10', NULL, NULL, '/44782344095972352/', 1, b'1', NULL, '2026-01-13 16:19:27.810', NULL, '2026-01-13 16:19:27.810', NULL, NULL, 0);
INSERT INTO `mdc_org` (`id`, `name`, `org_type`, `short_name`, `parent_id`, `tree_path`, `weight`, `state`, `remarks`, `created_at`, `created_by`, `updated_at`, `updated_by`, `deleted_by`, `deleted_at`) VALUES (44782344095972359, 'test598', '10', NULL, NULL, '/44782344095972359/', 1, b'1', NULL, '2026-01-13 16:26:13.476', NULL, '2026-01-13 16:26:13.476', NULL, NULL, 0);
INSERT INTO `mdc_org` (`id`, `name`, `org_type`, `short_name`, `parent_id`, `tree_path`, `weight`, `state`, `remarks`, `created_at`, `created_by`, `updated_at`, `updated_by`, `deleted_by`, `deleted_at`) VALUES (44782344095972369, '测试新增事件推送3', '10', NULL, NULL, '/44782344095972369/', 1, b'1', '11', '2026-01-13 16:32:55.554', 680083598598475778, '2026-01-13 23:30:47.527', 680083598598475778, NULL, 0);
INSERT INTO `mdc_org` (`id`, `name`, `org_type`, `short_name`, `parent_id`, `tree_path`, `weight`, `state`, `remarks`, `created_at`, `created_by`, `updated_at`, `updated_by`, `deleted_by`, `deleted_at`) VALUES (180724033313046540, '小A有限公司', '10', '研究院', 1451532667655815168, '/1451532667655815168/180724033313046540/', 1, b'1', NULL, '2021-12-12 12:12:12.000', 1452186486253289472, '2025-10-10 15:30:05.157', 11, NULL, 0);
INSERT INTO `mdc_org` (`id`, `name`, `org_type`, `short_name`, `parent_id`, `tree_path`, `weight`, `state`, `remarks`, `created_at`, `created_by`, `updated_at`, `updated_by`, `deleted_by`, `deleted_at`) VALUES (180724033313046541, '公司经营层', '20', NULL, 1451532773234835456, '/1451532667655815168/1451532773234835456/180724033313046541/', 1, b'1', NULL, '2021-12-12 12:12:12.000', 0, '2021-12-12 12:12:12.000', 1452186486253289472, 11, 1760081417244);
INSERT INTO `mdc_org` (`id`, `name`, `org_type`, `short_name`, `parent_id`, `tree_path`, `weight`, `state`, `remarks`, `created_at`, `created_by`, `updated_at`, `updated_by`, `deleted_by`, `deleted_at`) VALUES (180724033313046543, '业务部', '20', NULL, 180724033313046540, '/1451532667655815168/180724033313046540/180724033313046543/', 1, b'1', NULL, '2021-12-12 12:12:12.000', 1452186486253289472, '2021-12-12 12:12:12.000', 1452186486253289472, NULL, 0);
INSERT INTO `mdc_org` (`id`, `name`, `org_type`, `short_name`, `parent_id`, `tree_path`, `weight`, `state`, `remarks`, `created_at`, `created_by`, `updated_at`, `updated_by`, `deleted_by`, `deleted_at`) VALUES (180724033313046546, '市场部', '20', NULL, 180724033313046540, '/1451532667655815168/180724033313046540/180724033313046546/', 2, b'1', NULL, '2021-12-12 12:12:12.000', 1452186486253289472, '2021-12-12 12:12:12.000', 1452186486253289472, NULL, 0);
INSERT INTO `mdc_org` (`id`, `name`, `org_type`, `short_name`, `parent_id`, `tree_path`, `weight`, `state`, `remarks`, `created_at`, `created_by`, `updated_at`, `updated_by`, `deleted_by`, `deleted_at`) VALUES (180724033313046553, '公司管理层', '20', '', 1451532773234835456, '/1451532667655815168/1451532773234835456/180724033313046553/', 2, b'1', '', '2021-12-12 12:12:12.000', 1452186486253289472, '2021-12-12 12:12:12.000', 1452186486253289472, 11, 1760081417244);
INSERT INTO `mdc_org` (`id`, `name`, `org_type`, `short_name`, `parent_id`, `tree_path`, `weight`, `state`, `remarks`, `created_at`, `created_by`, `updated_at`, `updated_by`, `deleted_by`, `deleted_at`) VALUES (676656377904995328, '测试111-1', '10', '1', NULL, '/676656377904995328/', 9999, b'1', '', '2025-09-12 11:09:57.700', 11, '2025-09-15 12:25:36.121', 11, NULL, 0);
INSERT INTO `mdc_org` (`id`, `name`, `org_type`, `short_name`, `parent_id`, `tree_path`, `weight`, `state`, `remarks`, `created_at`, `created_by`, `updated_at`, `updated_by`, `deleted_by`, `deleted_at`) VALUES (676656377904995329, '111-1-1', '10', NULL, NULL, '/676656377904995329/', 1, b'1', NULL, '2025-09-12 11:34:53.178', 11, '2025-11-25 12:32:07.269', 680083598598475778, NULL, 0);
INSERT INTO `mdc_org` (`id`, `name`, `org_type`, `short_name`, `parent_id`, `tree_path`, `weight`, `state`, `remarks`, `created_at`, `created_by`, `updated_at`, `updated_by`, `deleted_by`, `deleted_at`) VALUES (676656377904995330, '111-1-2', '10', NULL, 676656377904995328, '/676656377904995328/676656377904995330/', 1, b'1', NULL, '2025-09-12 11:35:03.453', 11, '2025-09-12 11:35:03.453', 11, NULL, 0);
INSERT INTO `mdc_org` (`id`, `name`, `org_type`, `short_name`, `parent_id`, `tree_path`, `weight`, `state`, `remarks`, `created_at`, `created_by`, `updated_at`, `updated_by`, `deleted_by`, `deleted_at`) VALUES (677598448916605952, '1112', '20', '12', NULL, '/677598448916605952/', 11111211, b'0', '11121', '2025-09-15 00:04:52.866', 11, '2025-09-15 00:05:00.004', 11, 11, 1757865912814);
INSERT INTO `mdc_org` (`id`, `name`, `org_type`, `short_name`, `parent_id`, `tree_path`, `weight`, `state`, `remarks`, `created_at`, `created_by`, `updated_at`, `updated_by`, `deleted_by`, `deleted_at`) VALUES (687106879444787201, '内置运维公司', '10', NULL, NULL, '/687106879444787201/', 9999, b'1', '系统内置公司，请勿删除', '2025-10-10 15:42:03.032', 11, '2025-10-10 15:42:03.032', 11, NULL, 0);
INSERT INTO `mdc_org` (`id`, `name`, `org_type`, `short_name`, `parent_id`, `tree_path`, `weight`, `state`, `remarks`, `created_at`, `created_by`, `updated_at`, `updated_by`, `deleted_by`, `deleted_at`) VALUES (687106879444787202, '内置开发者', '10', NULL, NULL, '/26539745383887874/', 9998, b'1', '系统内置公司，请勿删除', '2025-11-25 12:56:40.478', 11, '2025-11-25 12:56:40.478', 680083598598475778, NULL, 0);
INSERT INTO `mdc_org` (`id`, `name`, `org_type`, `short_name`, `parent_id`, `tree_path`, `weight`, `state`, `remarks`, `created_at`, `created_by`, `updated_at`, `updated_by`, `deleted_by`, `deleted_at`) VALUES (1451532667655815168, '总集团', '10', '能源', NULL, '/1451532667655815168/', 1, b'1', NULL, '2021-12-12 12:12:12.000', 2, '2025-10-10 15:29:29.609', 11, NULL, 0);
INSERT INTO `mdc_org` (`id`, `name`, `org_type`, `short_name`, `parent_id`, `tree_path`, `weight`, `state`, `remarks`, `created_at`, `created_by`, `updated_at`, `updated_by`, `deleted_by`, `deleted_at`) VALUES (1451532727697276928, '企鹅集团', '10', '1', NULL, '/1451532727697276928/', 1, b'1', NULL, '2021-12-12 12:12:12.000', 2, '2025-09-12 10:56:11.903', 11, NULL, 0);
INSERT INTO `mdc_org` (`id`, `name`, `org_type`, `short_name`, `parent_id`, `tree_path`, `weight`, `state`, `remarks`, `created_at`, `created_by`, `updated_at`, `updated_by`, `deleted_by`, `deleted_at`) VALUES (1451532773234835456, '总经办', '20', NULL, 1451532667655815168, '/1451532667655815168/1451532773234835456/', 2, b'1', NULL, '2021-12-12 12:12:12.000', 2, '2025-11-25 14:11:21.055', 680083598598475778, NULL, 0);
INSERT INTO `mdc_org` (`id`, `name`, `org_type`, `short_name`, `parent_id`, `tree_path`, `weight`, `state`, `remarks`, `created_at`, `created_by`, `updated_at`, `updated_by`, `deleted_by`, `deleted_at`) VALUES (1451532821628715008, '产品部', '20', NULL, 1451532727697276928, '/1451532727697276928/1451532821628715008/', 1, b'1', NULL, '2021-12-12 12:12:12.000', 2, '2025-09-12 10:56:11.904', 11, NULL, 0);
COMMIT;

-- ----------------------------
-- Table structure for mdc_org_nature
-- ----------------------------
DROP TABLE IF EXISTS `mdc_org_nature`;
CREATE TABLE `mdc_org_nature` (
  `id` bigint NOT NULL COMMENT 'id',
  `org_id` bigint DEFAULT NULL COMMENT '组织id',
  `nature` int DEFAULT NULL COMMENT '组织性质\n[1-默认 90-开发者 99-运维]',
  `created_at` datetime(3) DEFAULT NULL COMMENT '创建日期',
  `created_by` bigint DEFAULT NULL COMMENT '创建人',
  PRIMARY KEY (`id`) USING BTREE
) ENGINE=InnoDB DEFAULT CHARSET=utf8mb4 COLLATE=utf8mb4_general_ci COMMENT='组织性质';

-- ----------------------------
-- Records of mdc_org_nature
-- ----------------------------
BEGIN;
INSERT INTO `mdc_org_nature` (`id`, `org_id`, `nature`, `created_at`, `created_by`) VALUES (26539745383887873, 26539745383887872, 1, '2025-11-25 12:29:39.613', 680083598598475778);
INSERT INTO `mdc_org_nature` (`id`, `org_id`, `nature`, `created_at`, `created_by`) VALUES (26539745383887875, 26539745383887874, 1, '2025-11-25 12:56:40.505', 680083598598475778);
INSERT INTO `mdc_org_nature` (`id`, `org_id`, `nature`, `created_at`, `created_by`) VALUES (26539745383887877, 26539745383887876, 1, '2025-11-25 12:56:43.183', 680083598598475778);
INSERT INTO `mdc_org_nature` (`id`, `org_id`, `nature`, `created_at`, `created_by`) VALUES (26539745383887879, 26539745383887878, 1, '2025-11-25 12:56:47.714', 680083598598475778);
INSERT INTO `mdc_org_nature` (`id`, `org_id`, `nature`, `created_at`, `created_by`) VALUES (26539745383887881, 26539745383887880, 1, '2025-11-25 12:56:53.372', 680083598598475778);
INSERT INTO `mdc_org_nature` (`id`, `org_id`, `nature`, `created_at`, `created_by`) VALUES (26547527864629249, 26547527864629248, 1, '2025-11-25 12:58:13.534', 680083598598475778);
INSERT INTO `mdc_org_nature` (`id`, `org_id`, `nature`, `created_at`, `created_by`) VALUES (26547527864629251, 26547527864629250, 1, '2025-11-25 12:58:17.094', 680083598598475778);
INSERT INTO `mdc_org_nature` (`id`, `org_id`, `nature`, `created_at`, `created_by`) VALUES (26547527864629253, 26547527864629252, 1, '2025-11-25 12:58:19.394', 680083598598475778);
INSERT INTO `mdc_org_nature` (`id`, `org_id`, `nature`, `created_at`, `created_by`) VALUES (26547527864629255, 26547527864629254, 1, '2025-11-25 12:58:21.310', 680083598598475778);
INSERT INTO `mdc_org_nature` (`id`, `org_id`, `nature`, `created_at`, `created_by`) VALUES (26547527864629257, 26547527864629256, 1, '2025-11-25 12:58:26.377', 680083598598475778);
INSERT INTO `mdc_org_nature` (`id`, `org_id`, `nature`, `created_at`, `created_by`) VALUES (26547527864629259, 26547527864629258, 1, '2025-11-25 12:58:29.099', 680083598598475778);
INSERT INTO `mdc_org_nature` (`id`, `org_id`, `nature`, `created_at`, `created_by`) VALUES (26547527864629261, 26547527864629260, 1, '2025-11-25 12:58:31.239', 680083598598475778);
INSERT INTO `mdc_org_nature` (`id`, `org_id`, `nature`, `created_at`, `created_by`) VALUES (26547527864629263, 26547527864629262, 1, '2025-11-25 12:58:33.248', 680083598598475778);
INSERT INTO `mdc_org_nature` (`id`, `org_id`, `nature`, `created_at`, `created_by`) VALUES (26547527864629265, 26547527864629264, 1, '2025-11-25 12:58:35.674', 680083598598475778);
INSERT INTO `mdc_org_nature` (`id`, `org_id`, `nature`, `created_at`, `created_by`) VALUES (26547527864629267, 26547527864629266, 1, '2025-11-25 12:58:41.848', 680083598598475778);
INSERT INTO `mdc_org_nature` (`id`, `org_id`, `nature`, `created_at`, `created_by`) VALUES (26547527864629269, 26547527864629268, 1, '2025-11-25 12:58:49.902', 680083598598475778);
INSERT INTO `mdc_org_nature` (`id`, `org_id`, `nature`, `created_at`, `created_by`) VALUES (26547527864629271, 26547527864629270, 1, '2025-11-25 12:58:56.827', 680083598598475778);
INSERT INTO `mdc_org_nature` (`id`, `org_id`, `nature`, `created_at`, `created_by`) VALUES (43373586232915973, 43373586232915972, 1, '2026-01-09 23:35:12.444', NULL);
INSERT INTO `mdc_org_nature` (`id`, `org_id`, `nature`, `created_at`, `created_by`) VALUES (43373586232915975, 43373586232915974, 1, '2026-01-09 23:39:37.048', NULL);
INSERT INTO `mdc_org_nature` (`id`, `org_id`, `nature`, `created_at`, `created_by`) VALUES (44780535914739713, 44780535914739712, 1, '2026-01-13 16:12:38.467', NULL);
INSERT INTO `mdc_org_nature` (`id`, `org_id`, `nature`, `created_at`, `created_by`) VALUES (44782344095972353, 44782344095972352, 1, '2026-01-13 16:19:27.886', NULL);
INSERT INTO `mdc_org_nature` (`id`, `org_id`, `nature`, `created_at`, `created_by`) VALUES (44782344095972360, 44782344095972359, 1, '2026-01-13 16:26:13.490', NULL);
INSERT INTO `mdc_org_nature` (`id`, `org_id`, `nature`, `created_at`, `created_by`) VALUES (44782344095972370, 44782344095972369, 1, '2026-01-13 16:32:55.578', 680083598598475778);
INSERT INTO `mdc_org_nature` (`id`, `org_id`, `nature`, `created_at`, `created_by`) VALUES (1451532727697276127, 687106879444787201, 99, '2025-10-20 12:00:00.000', 11);
INSERT INTO `mdc_org_nature` (`id`, `org_id`, `nature`, `created_at`, `created_by`) VALUES (1451532727697276128, 687106879444787202, 90, '2025-10-20 12:00:00.000', 11);
COMMIT;

-- ----------------------------
-- Table structure for mdc_position
-- ----------------------------
DROP TABLE IF EXISTS `mdc_position`;
CREATE TABLE `mdc_position` (
  `id` bigint NOT NULL COMMENT 'ID',
  `org_id` bigint DEFAULT NULL COMMENT '所属组织\n#sys_org\n@Echo(api = EchoApi.ORG_ID_CLASS)',
  `name` varchar(255) CHARACTER SET utf8mb4 COLLATE utf8mb4_general_ci NOT NULL DEFAULT '' COMMENT '名称',
  `state` bit(1) DEFAULT b'1' COMMENT '状态\n0-禁用 1-启用',
  `remarks` varchar(255) CHARACTER SET utf8mb4 COLLATE utf8mb4_general_ci DEFAULT '' COMMENT '备注',
  `created_at` datetime(3) DEFAULT NULL COMMENT '创建时间',
  `created_by` bigint DEFAULT NULL COMMENT '创建人',
  `updated_at` datetime(3) DEFAULT NULL COMMENT '修改时间',
  `updated_by` bigint DEFAULT NULL COMMENT '修改人',
  PRIMARY KEY (`id`) USING BTREE,
  UNIQUE KEY `uk_name` (`name`) USING BTREE
) ENGINE=InnoDB DEFAULT CHARSET=utf8mb4 COLLATE=utf8mb4_general_ci COMMENT='岗位';

-- ----------------------------
-- Records of mdc_position
-- ----------------------------
BEGIN;
INSERT INTO `mdc_position` (`id`, `org_id`, `name`, `state`, `remarks`, `created_at`, `created_by`, `updated_at`, `updated_by`) VALUES (611002876458778839, 1451532821628715008, '项目经理', b'1', '', '2025-03-19 15:58:38.000', 2, '2025-11-25 14:22:38.412', 680083598598475778);
INSERT INTO `mdc_position` (`id`, `org_id`, `name`, `state`, `remarks`, `created_at`, `created_by`, `updated_at`, `updated_by`) VALUES (613250879521378541, 1451532727697276928, '数据分析师', b'1', '', '2025-03-25 15:35:00.000', 2, '2025-11-25 14:22:14.476', 680083598598475778);
INSERT INTO `mdc_position` (`id`, `org_id`, `name`, `state`, `remarks`, `created_at`, `created_by`, `updated_at`, `updated_by`) VALUES (640292972870011032, 1451532727697276928, '数据库工程师', b'1', '', '2025-06-06 12:12:54.000', 2, '2025-11-25 14:21:56.136', 680083598598475778);
INSERT INTO `mdc_position` (`id`, `org_id`, `name`, `state`, `remarks`, `created_at`, `created_by`, `updated_at`, `updated_by`) VALUES (640292972870011035, 1451532773234835456, '高级工程师', b'1', '', '2025-06-06 12:13:06.000', 2, '2025-11-25 14:20:48.144', 680083598598475778);
INSERT INTO `mdc_position` (`id`, `org_id`, `name`, `state`, `remarks`, `created_at`, `created_by`, `updated_at`, `updated_by`) VALUES (661291939858545724, 1451532821628715008, 'UI设计师', b'1', '', '2025-08-02 20:27:31.000', 2, '2025-08-02 20:27:31.000', 2);
INSERT INTO `mdc_position` (`id`, `org_id`, `name`, `state`, `remarks`, `created_at`, `created_by`, `updated_at`, `updated_by`) VALUES (677968623557914624, 1451532727697276928, '架构师', b'1', '1', '2025-09-16 12:38:14.266', 11, '2025-11-25 14:20:38.894', 680083598598475778);
INSERT INTO `mdc_position` (`id`, `org_id`, `name`, `state`, `remarks`, `created_at`, `created_by`, `updated_at`, `updated_by`) VALUES (1451532876054003712, 1451532667655815168, '技术总监', b'1', '1', '2021-12-12 12:12:12.000', 2, '2025-11-25 14:20:28.653', 680083598598475778);
INSERT INTO `mdc_position` (`id`, `org_id`, `name`, `state`, `remarks`, `created_at`, `created_by`, `updated_at`, `updated_by`) VALUES (1458051094994223104, 1451532821628715008, '产品总监', b'1', '', '2021-12-12 12:12:12.000', 1452186486253289472, '2025-11-25 14:20:09.340', 680083598598475778);
COMMIT;

-- ----------------------------
-- Table structure for mdc_request_log
-- ----------------------------
DROP TABLE IF EXISTS `mdc_request_log`;
CREATE TABLE `mdc_request_log` (
  `id` bigint NOT NULL COMMENT '主键',
  `ip_address` varchar(50) CHARACTER SET utf8mb4 COLLATE utf8mb4_general_ci DEFAULT '' COMMENT 'IP地址',
  `abnormal` bit(1) DEFAULT b'0' COMMENT '是否异常',
  `log_type` char(1) CHARACTER SET utf8mb4 COLLATE utf8mb4_general_ci NOT NULL DEFAULT '1' COMMENT '日志类型\n[1-查询 2-新增 3-修改 4-删除 9-其他]',
  `user_id` bigint DEFAULT NULL COMMENT '用户id',
  `user_name` varchar(50) CHARACTER SET utf8mb4 COLLATE utf8mb4_general_ci DEFAULT '' COMMENT '操作人',
  `class_path` varchar(255) CHARACTER SET utf8mb4 COLLATE utf8mb4_general_ci DEFAULT '' COMMENT '类路径',
  `method_name` varchar(50) CHARACTER SET utf8mb4 COLLATE utf8mb4_general_ci DEFAULT '' COMMENT '方法名',
  `http_uri` varchar(500) CHARACTER SET utf8mb4 COLLATE utf8mb4_general_ci DEFAULT '' COMMENT '请求地址',
  `http_method` varchar(10) CHARACTER SET utf8mb4 COLLATE utf8mb4_general_ci DEFAULT 'GET' COMMENT '请求类型\n#HttpMethod{GET:GET请求;POST:POST请求;PUT:PUT请求;DELETE:DELETE请求;PATCH:PATCH请求;TRACE:TRACE请求;HEAD:HEAD请求;OPTIONS:OPTIONS请求;}',
  `http_param` longtext CHARACTER SET utf8mb4 COLLATE utf8mb4_general_ci COMMENT '请求参数',
  `http_response` longtext CHARACTER SET utf8mb4 COLLATE utf8mb4_general_ci COMMENT '返回值',
  `description` varchar(255) CHARACTER SET utf8mb4 COLLATE utf8mb4_general_ci DEFAULT '' COMMENT '操作描述',
  `ex_info` longtext CHARACTER SET utf8mb4 COLLATE utf8mb4_general_ci COMMENT '异常日志',
  `start_time` datetime(3) DEFAULT NULL COMMENT '开始时间',
  `finish_time` datetime(3) DEFAULT NULL COMMENT '完成时间',
  `consuming_time` bigint DEFAULT '0' COMMENT '消耗时间',
  `ua` varchar(500) CHARACTER SET utf8mb4 COLLATE utf8mb4_general_ci DEFAULT '' COMMENT '浏览器',
  `created_at` datetime(3) DEFAULT NULL COMMENT '创建时间',
  `created_by` bigint DEFAULT NULL COMMENT '创建人',
  PRIMARY KEY (`id`) USING BTREE
) ENGINE=InnoDB DEFAULT CHARSET=utf8mb4 COLLATE=utf8mb4_general_ci ROW_FORMAT=DYNAMIC COMMENT='请求日志';

-- ----------------------------
-- Records of mdc_request_log
-- ----------------------------
BEGIN;
COMMIT;

-- ----------------------------
-- Table structure for mdc_request_log_detail
-- ----------------------------
DROP TABLE IF EXISTS `mdc_request_log_detail`;
CREATE TABLE `mdc_request_log_detail` (
  `id` bigint NOT NULL COMMENT '主键',
  `request_body` longtext CHARACTER SET utf8mb4 COLLATE utf8mb4_general_ci COMMENT '请求参数',
  `response_body` longtext CHARACTER SET utf8mb4 COLLATE utf8mb4_general_ci COMMENT '返回值',
  `exception_stack` longtext CHARACTER SET utf8mb4 COLLATE utf8mb4_general_ci COMMENT '异常堆栈',
  `created_at` datetime(3) DEFAULT NULL COMMENT '创建时间',
  `created_by` bigint DEFAULT NULL COMMENT '创建人',
  PRIMARY KEY (`id`) USING BTREE
) ENGINE=InnoDB DEFAULT CHARSET=utf8mb4 COLLATE=utf8mb4_general_ci ROW_FORMAT=DYNAMIC COMMENT='请求日志';

-- ----------------------------
-- Records of mdc_request_log_detail
-- ----------------------------
BEGIN;
COMMIT;

-- ----------------------------
-- Table structure for mdc_resource_button
-- ----------------------------
DROP TABLE IF EXISTS `mdc_resource_button`;
CREATE TABLE `mdc_resource_button` (
  `id` bigint NOT NULL COMMENT 'ID',
  `menu_id` bigint NOT NULL COMMENT '所属菜单',
  `code` varchar(255) CHARACTER SET utf8mb4 COLLATE utf8mb4_general_ci NOT NULL COMMENT '编码\n唯一编码，用于区分资源',
  `name` varchar(255) CHARACTER SET utf8mb4 COLLATE utf8mb4_general_ci NOT NULL COMMENT '名称',
  `icon` varchar(255) CHARACTER SET utf8mb4 COLLATE utf8mb4_general_ci DEFAULT '' COMMENT '图标',
  `show_mode` char(2) CHARACTER SET utf8mb4 COLLATE utf8mb4_general_ci DEFAULT '1' COMMENT '显示方式\n [01-文字 02-图标 03-文字和图标]',
  `btn_type` char(2) CHARACTER SET utf8mb4 COLLATE utf8mb4_general_ci DEFAULT NULL COMMENT '按钮类型 \n[01-default 02-primary 03-info 04-success 05-warning 06-error]',
  `state` bit(1) NOT NULL DEFAULT b'1' COMMENT '状态\n[0-禁用 1-启用]',
  `created_by` bigint DEFAULT NULL COMMENT '创建人id',
  `created_at` datetime(3) NOT NULL COMMENT '创建时间',
  `updated_by` bigint DEFAULT NULL COMMENT '更新人id',
  `updated_at` datetime(3) NOT NULL COMMENT '更新时间',
  `deleted_by` bigint DEFAULT NULL COMMENT '删除人',
  `deleted_at` bigint NOT NULL DEFAULT '0' COMMENT '删除标志',
  PRIMARY KEY (`id`) USING BTREE,
  UNIQUE KEY `uk_resource_code` (`code`) USING BTREE
) ENGINE=InnoDB DEFAULT CHARSET=utf8mb4 COLLATE=utf8mb4_general_ci COMMENT='按钮';

-- ----------------------------
-- Records of mdc_resource_button
-- ----------------------------
BEGIN;
INSERT INTO `mdc_resource_button` (`id`, `menu_id`, `code`, `name`, `icon`, `show_mode`, `btn_type`, `state`, `created_by`, `created_at`, `updated_by`, `updated_at`, `deleted_by`, `deleted_at`) VALUES (527689865354270720, 0, '1', '1', '1', '', '', b'1', 1, '2024-08-07 00:26:40.058', 1, '2024-08-07 00:26:40.058', NULL, 0);
COMMIT;

-- ----------------------------
-- Table structure for mdc_resource_data_perm
-- ----------------------------
DROP TABLE IF EXISTS `mdc_resource_data_perm`;
CREATE TABLE `mdc_resource_data_perm` (
  `id` bigint NOT NULL COMMENT 'ID',
  `menu_id` bigint NOT NULL COMMENT '所属菜单',
  `code` varchar(255) CHARACTER SET utf8mb4 COLLATE utf8mb4_general_ci NOT NULL COMMENT '编码\n唯一编码，用于区分资源',
  `name` varchar(255) CHARACTER SET utf8mb4 COLLATE utf8mb4_general_ci NOT NULL COMMENT '名称',
  `state` bit(1) NOT NULL DEFAULT b'1' COMMENT '状态\n[0-禁用 1-启用]',
  `is_def` bit(1) NOT NULL DEFAULT b'0' COMMENT '默认权限',
  `data_scope` char(2) CHARACTER SET utf8mb4 COLLATE utf8mb4_general_ci NOT NULL COMMENT '数据范围\n[01-全部 02-本单位及子级 03-本单位 04-本部门及子级 05-本部门 06-个人 07-自定义]',
  `custom_class` varchar(255) CHARACTER SET utf8mb4 COLLATE utf8mb4_general_ci DEFAULT NULL COMMENT '实现类',
  `weight` int DEFAULT '1' COMMENT '顺序号',
  `created_by` bigint DEFAULT NULL COMMENT '创建人id',
  `created_at` datetime(3) NOT NULL COMMENT '创建时间',
  `updated_by` bigint DEFAULT NULL COMMENT '更新人id',
  `updated_at` datetime(3) NOT NULL COMMENT '更新时间',
  `deleted_by` bigint DEFAULT NULL COMMENT '删除人',
  `deleted_at` bigint NOT NULL DEFAULT '0' COMMENT '删除标志',
  PRIMARY KEY (`id`) USING BTREE,
  UNIQUE KEY `uk_resource_code` (`code`) USING BTREE
) ENGINE=InnoDB DEFAULT CHARSET=utf8mb4 COLLATE=utf8mb4_general_ci COMMENT='数据权限';

-- ----------------------------
-- Records of mdc_resource_data_perm
-- ----------------------------
BEGIN;
COMMIT;

-- ----------------------------
-- Table structure for mdc_resource_field
-- ----------------------------
DROP TABLE IF EXISTS `mdc_resource_field`;
CREATE TABLE `mdc_resource_field` (
  `id` bigint NOT NULL COMMENT 'ID',
  `menu_id` bigint NOT NULL COMMENT '所属菜单',
  `property` varchar(255) CHARACTER SET utf8mb4 COLLATE utf8mb4_general_ci NOT NULL COMMENT '实体类字段',
  `name` varchar(255) CHARACTER SET utf8mb4 COLLATE utf8mb4_general_ci NOT NULL COMMENT '名称',
  `state` bit(1) NOT NULL DEFAULT b'1' COMMENT '状态\n[0-禁用 1-启用]',
  `created_by` bigint DEFAULT NULL COMMENT '创建人id',
  `created_at` datetime(3) NOT NULL COMMENT '创建时间',
  `updated_by` bigint DEFAULT NULL COMMENT '更新人id',
  `updated_at` datetime(3) NOT NULL COMMENT '更新时间',
  `deleted_by` bigint DEFAULT NULL COMMENT '删除人',
  `deleted_at` bigint NOT NULL DEFAULT '0' COMMENT '删除标志',
  PRIMARY KEY (`id`) USING BTREE,
  UNIQUE KEY `uk_resource_code` (`property`) USING BTREE
) ENGINE=InnoDB DEFAULT CHARSET=utf8mb4 COLLATE=utf8mb4_general_ci COMMENT='字段权限';

-- ----------------------------
-- Records of mdc_resource_field
-- ----------------------------
BEGIN;
COMMIT;

-- ----------------------------
-- Table structure for mdc_resource_menu
-- ----------------------------
DROP TABLE IF EXISTS `mdc_resource_menu`;
CREATE TABLE `mdc_resource_menu` (
  `id` bigint NOT NULL COMMENT 'ID',
  `app_id` bigint NOT NULL COMMENT '所属应用',
  `code` varchar(255) CHARACTER SET utf8mb4 COLLATE utf8mb4_general_ci NOT NULL COMMENT '编码',
  `name` varchar(255) CHARACTER SET utf8mb4 COLLATE utf8mb4_general_ci NOT NULL COMMENT '名称',
  `menu_type` char(2) CHARACTER SET utf8mb4 COLLATE utf8mb4_general_ci NOT NULL DEFAULT '20' COMMENT '类型\n[10-目录  20-菜单 30-内链 40-外链]',
  `remarks` varchar(255) CHARACTER SET utf8mb4 COLLATE utf8mb4_general_ci DEFAULT '' COMMENT '备注',
  `path` varchar(255) CHARACTER SET utf8mb4 COLLATE utf8mb4_general_ci DEFAULT '' COMMENT '路由地址',
  `component` varchar(255) CHARACTER SET utf8mb4 COLLATE utf8mb4_general_ci DEFAULT '' COMMENT '页面地址',
  `redirect` varchar(255) CHARACTER SET utf8mb4 COLLATE utf8mb4_general_ci DEFAULT '' COMMENT '重定向',
  `state` bit(1) NOT NULL DEFAULT b'1' COMMENT '状态\n[0-禁用 1-启用]',
  `tree_path` varchar(1024) CHARACTER SET utf8mb4 COLLATE utf8mb4_general_ci DEFAULT '/' COMMENT '树路径',
  `parent_id` bigint DEFAULT NULL COMMENT '父级ID',
  `weight` int DEFAULT '1' COMMENT '顺序号',
  `meta` varchar(1024) CHARACTER SET utf8mb4 COLLATE utf8mb4_general_ci DEFAULT '{}' COMMENT '元数据\n',
  `created_by` bigint DEFAULT NULL COMMENT '创建人id',
  `created_at` datetime(3) NOT NULL COMMENT '创建时间',
  `updated_by` bigint DEFAULT NULL COMMENT '更新人id',
  `updated_at` datetime(3) NOT NULL COMMENT '更新时间',
  `deleted_by` bigint DEFAULT NULL COMMENT '删除人',
  `deleted_at` bigint NOT NULL DEFAULT '0' COMMENT '删除标志',
  PRIMARY KEY (`id`) USING BTREE,
  UNIQUE KEY `uk_resource_code` (`code`) USING BTREE,
  KEY `idx_app_type_sate_weight` (`app_id`,`menu_type`,`state`,`weight`) USING BTREE COMMENT '查询用户可用资源'
) ENGINE=InnoDB DEFAULT CHARSET=utf8mb4 COLLATE=utf8mb4_general_ci COMMENT='菜单';

-- ----------------------------
-- Records of mdc_resource_menu
-- ----------------------------
BEGIN;
INSERT INTO `mdc_resource_menu` (`id`, `app_id`, `code`, `name`, `menu_type`, `remarks`, `path`, `component`, `redirect`, `state`, `tree_path`, `parent_id`, `weight`, `meta`, `created_by`, `created_at`, `updated_by`, `updated_at`, `deleted_by`, `deleted_at`) VALUES (1001, 2, 'console:permission', '权限管理', '10', '', '/permission', 'LAYOUT', '', b'1', '/1001/', NULL, 2000, '{\"activeIcon\":\"\",\"activePath\":\"\",\"affixTab\":null,\"authority\":[],\"badge\":\"\",\"badgeType\":\"\",\"badgeVariants\":\"\",\"component\":\"\",\"fullPathKey\":null,\"hideChildrenInMenu\":null,\"hideInBreadcrumb\":null,\"hideInMenu\":null,\"hideInTab\":null,\"icon\":\"ant-design:group-outlined\",\"iframeSrc\":\"\",\"ignoreAccess\":null,\"keepAlive\":null,\"link\":\"\",\"menuVisibleWithForbidden\":null,\"openInNewWindow\":null,\"title\":\"权限管理\"}', NULL, '2024-06-30 21:58:33.000', 11, '2025-08-13 22:49:26.456', NULL, 0);
INSERT INTO `mdc_resource_menu` (`id`, `app_id`, `code`, `name`, `menu_type`, `remarks`, `path`, `component`, `redirect`, `state`, `tree_path`, `parent_id`, `weight`, `meta`, `created_by`, `created_at`, `updated_by`, `updated_at`, `deleted_by`, `deleted_at`) VALUES (100101, 2, 'console:permission:menu', '菜单管理', '20', '', '/permission/menu', 'console/permission/resourceMenu/index.vue', '', b'1', '/1001/100101/', 1001, 1, '{\"activeIcon\":\"\",\"activePath\":\"\",\"affixTab\":null,\"authority\":[],\"badge\":\"\",\"badgeType\":\"\",\"badgeVariants\":\"\",\"component\":\"\",\"fullPathKey\":null,\"hideChildrenInMenu\":null,\"hideInBreadcrumb\":null,\"hideInMenu\":null,\"hideInTab\":null,\"icon\":\"carbon:text-vertical-alignment\",\"iframeSrc\":\"\",\"ignoreAccess\":null,\"ignoreLogin\":null,\"keepAlive\":true,\"link\":\"\",\"menuVisibleWithForbidden\":null,\"openInNewWindow\":null,\"title\":\"菜单管理\"}', NULL, '2024-06-30 21:58:33.000', 680083598598475778, '2026-01-04 12:44:25.439', NULL, 0);
INSERT INTO `mdc_resource_menu` (`id`, `app_id`, `code`, `name`, `menu_type`, `remarks`, `path`, `component`, `redirect`, `state`, `tree_path`, `parent_id`, `weight`, `meta`, `created_by`, `created_at`, `updated_by`, `updated_at`, `deleted_by`, `deleted_at`) VALUES (10000001, 4, 'main:dev:codecreator:edit', '编辑生成信息', '20', '', '/main/generator/codecreator/edit/:id', 'main/generator/codecreator/modules/Edit.vue', '', b'1', '/508370703024718848/10000001/', 508370703024718848, 1, '{}', NULL, '2024-06-30 21:58:33.000', NULL, '2024-06-30 21:58:33.000', 11, 1755097563887);
INSERT INTO `mdc_resource_menu` (`id`, `app_id`, `code`, `name`, `menu_type`, `remarks`, `path`, `component`, `redirect`, `state`, `tree_path`, `parent_id`, `weight`, `meta`, `created_by`, `created_at`, `updated_by`, `updated_at`, `deleted_by`, `deleted_at`) VALUES (5083707030247188, 4, 'main:base:datasource', '数据源', '20', '', '/main/base/datasource', 'main/base/datasource/index.vue', '', b'1', '/508370703024718848/5083707030247188/', 508370703024718848, 1, '{}', NULL, '2024-06-30 21:58:33.000', NULL, '2024-06-30 21:58:33.000', 11, 1755097563887);
INSERT INTO `mdc_resource_menu` (`id`, `app_id`, `code`, `name`, `menu_type`, `remarks`, `path`, `component`, `redirect`, `state`, `tree_path`, `parent_id`, `weight`, `meta`, `created_by`, `created_at`, `updated_by`, `updated_at`, `deleted_by`, `deleted_at`) VALUES (25101335066649600, 1, 'workbench:user:application:list', '我的应用列表', '20', '', '/user/application/index', '/workbench/user/application/index', '', b'1', '/665609434256865280/25101335066649600/', 665609434256865280, 1, '{\"activeIcon\":\"\",\"activePath\":\"\",\"affixTab\":null,\"authority\":[],\"badge\":\"\",\"badgeType\":\"\",\"badgeVariants\":\"\",\"component\":\"\",\"fullPathKey\":null,\"hideChildrenInMenu\":null,\"hideInBreadcrumb\":null,\"hideInMenu\":true,\"hideInTab\":null,\"icon\":\"carbon:apps\",\"iframeSrc\":\"\",\"ignoreAccess\":null,\"ignoreLogin\":null,\"keepAlive\":true,\"link\":\"\",\"menuVisibleWithForbidden\":null,\"openInNewWindow\":null,\"title\":\"我的应用\"}', 680083598598475778, '2025-11-21 15:40:33.161', 680083598598475778, '2025-11-21 15:40:33.161', NULL, 0);
INSERT INTO `mdc_resource_menu` (`id`, `app_id`, `code`, `name`, `menu_type`, `remarks`, `path`, `component`, `redirect`, `state`, `tree_path`, `parent_id`, `weight`, `meta`, `created_by`, `created_at`, `updated_by`, `updated_at`, `deleted_by`, `deleted_at`) VALUES (27145464621658112, 2, 'open:admin:appApply', '应用审核', '20', '', '/manage/appApply', '/open/admin/appApply/index', '', b'1', '/693083240537805824/27145464621658112/', 693083240537805824, 20, '{\"activeIcon\":\"\",\"activePath\":\"\",\"affixTab\":null,\"authority\":[],\"badge\":\"\",\"badgeType\":\"\",\"badgeVariants\":\"\",\"component\":\"\",\"fullPathKey\":null,\"hideChildrenInMenu\":null,\"hideInBreadcrumb\":null,\"hideInMenu\":null,\"hideInTab\":null,\"icon\":\"ant-design:audit\",\"iframeSrc\":\"\",\"ignoreAccess\":null,\"ignoreLogin\":null,\"keepAlive\":true,\"link\":\"\",\"menuVisibleWithForbidden\":null,\"openInNewWindow\":null,\"title\":\"应用审核\"}', 680083598598475778, '2025-11-27 03:40:06.049', 680083598598475778, '2025-11-27 03:41:10.385', NULL, 0);
INSERT INTO `mdc_resource_menu` (`id`, `app_id`, `code`, `name`, `menu_type`, `remarks`, `path`, `component`, `redirect`, `state`, `tree_path`, `parent_id`, `weight`, `meta`, `created_by`, `created_at`, `updated_by`, `updated_at`, `deleted_by`, `deleted_at`) VALUES (28466224430280707, 2, 'console:organization:org:move_1', '协作', '50', '', '', '', '', b'1', '/676103409455534080/676103409455534081/29466224430280707/', 676103409455534081, 4, '{}', 680083598598475778, '2025-12-03 09:53:40.980', 680083598598475778, '2025-12-03 09:53:40.980', 680083598598475778, 1768482405778);
INSERT INTO `mdc_resource_menu` (`id`, `app_id`, `code`, `name`, `menu_type`, `remarks`, `path`, `component`, `redirect`, `state`, `tree_path`, `parent_id`, `weight`, `meta`, `created_by`, `created_at`, `updated_by`, `updated_at`, `deleted_by`, `deleted_at`) VALUES (28857597499663372, 2, 'console:permission:roleTemplate', '角色模板', '20', '', '/permission/roleTemplate', '/console/permission/roleTemplate/index', '', b'1', '/1001/28857597499663372/', 1001, 2, '{\"activeIcon\":\"\",\"activePath\":\"\",\"affixTab\":null,\"authority\":[],\"badge\":\"\",\"badgeType\":\"\",\"badgeVariants\":\"\",\"component\":\"\",\"fullPathKey\":null,\"hideChildrenInMenu\":null,\"hideInBreadcrumb\":null,\"hideInMenu\":null,\"hideInTab\":null,\"icon\":\"carbon:user-role\",\"iframeSrc\":\"\",\"ignoreAccess\":null,\"ignoreLogin\":null,\"keepAlive\":true,\"link\":\"\",\"menuVisibleWithForbidden\":null,\"openInNewWindow\":null,\"title\":\"角色模板\"}', 680083598598475778, '2025-12-01 18:27:37.668', 680083598598475778, '2025-12-01 18:27:37.668', NULL, 0);
INSERT INTO `mdc_resource_menu` (`id`, `app_id`, `code`, `name`, `menu_type`, `remarks`, `path`, `component`, `redirect`, `state`, `tree_path`, `parent_id`, `weight`, `meta`, `created_by`, `created_at`, `updated_by`, `updated_at`, `deleted_by`, `deleted_at`) VALUES (29466224430280704, 2, 'console:organization:org:add', '新增', '50', '', '', '', '', b'1', '/676103409455534080/676103409455534081/29466224430280704/', 676103409455534081, 1, '{\"activeIcon\":\"\",\"activePath\":\"\",\"affixTab\":null,\"authority\":[],\"badge\":\"\",\"badgeType\":\"\",\"badgeVariants\":\"\",\"component\":\"\",\"fullPathKey\":null,\"hideChildrenInMenu\":null,\"hideInBreadcrumb\":null,\"hideInMenu\":null,\"hideInTab\":null,\"icon\":\"\",\"iframeSrc\":\"\",\"ignoreAccess\":null,\"ignoreLogin\":null,\"keepAlive\":true,\"link\":\"\",\"menuVisibleWithForbidden\":null,\"openInNewWindow\":null,\"title\":\"新增\"}', 680083598598475778, '2025-12-03 09:45:57.146', 680083598598475778, '2025-12-03 09:45:57.146', NULL, 0);
INSERT INTO `mdc_resource_menu` (`id`, `app_id`, `code`, `name`, `menu_type`, `remarks`, `path`, `component`, `redirect`, `state`, `tree_path`, `parent_id`, `weight`, `meta`, `created_by`, `created_at`, `updated_by`, `updated_at`, `deleted_by`, `deleted_at`) VALUES (29466224430280705, 2, 'console:organization:org:edit', '编辑', '50', '', '', '', '', b'1', '/676103409455534080/676103409455534081/29466224430280705/', 676103409455534081, 2, '{\"activeIcon\":\"\",\"activePath\":\"\",\"affixTab\":null,\"authority\":[],\"badge\":\"\",\"badgeType\":\"\",\"badgeVariants\":\"\",\"component\":\"\",\"fullPathKey\":null,\"hideChildrenInMenu\":null,\"hideInBreadcrumb\":null,\"hideInMenu\":null,\"hideInTab\":null,\"icon\":\"\",\"iframeSrc\":\"\",\"ignoreAccess\":null,\"ignoreLogin\":null,\"keepAlive\":true,\"link\":\"\",\"menuVisibleWithForbidden\":null,\"openInNewWindow\":null,\"title\":\"编辑\"}', 680083598598475778, '2025-12-03 09:53:13.727', 680083598598475778, '2025-12-03 09:53:13.727', NULL, 0);
INSERT INTO `mdc_resource_menu` (`id`, `app_id`, `code`, `name`, `menu_type`, `remarks`, `path`, `component`, `redirect`, `state`, `tree_path`, `parent_id`, `weight`, `meta`, `created_by`, `created_at`, `updated_by`, `updated_at`, `deleted_by`, `deleted_at`) VALUES (29466224430280706, 2, 'console:organization:org:delete', '删除', '50', '', '', '', '', b'1', '/676103409455534080/676103409455534081/29466224430280706/', 676103409455534081, 3, '{\"activeIcon\":\"\",\"activePath\":\"\",\"affixTab\":null,\"authority\":[],\"badge\":\"\",\"badgeType\":\"\",\"badgeVariants\":\"\",\"component\":\"\",\"fullPathKey\":null,\"hideChildrenInMenu\":null,\"hideInBreadcrumb\":null,\"hideInMenu\":null,\"hideInTab\":null,\"icon\":\"\",\"iframeSrc\":\"\",\"ignoreAccess\":null,\"ignoreLogin\":null,\"keepAlive\":true,\"link\":\"\",\"menuVisibleWithForbidden\":null,\"openInNewWindow\":null,\"title\":\"删除\"}', 680083598598475778, '2025-12-03 09:53:24.186', 680083598598475778, '2025-12-03 09:53:24.186', NULL, 0);
INSERT INTO `mdc_resource_menu` (`id`, `app_id`, `code`, `name`, `menu_type`, `remarks`, `path`, `component`, `redirect`, `state`, `tree_path`, `parent_id`, `weight`, `meta`, `created_by`, `created_at`, `updated_by`, `updated_at`, `deleted_by`, `deleted_at`) VALUES (29466224430280707, 2, 'console:organization:org:move', '移动', '50', '', '', '', '', b'1', '/676103409455534080/676103409455534081/29466224430280707/', 676103409455534081, 4, '{\"activeIcon\":\"\",\"activePath\":\"\",\"affixTab\":null,\"authority\":[],\"badge\":\"\",\"badgeType\":\"\",\"badgeVariants\":\"\",\"component\":\"\",\"fullPathKey\":null,\"hideChildrenInMenu\":null,\"hideInBreadcrumb\":null,\"hideInMenu\":null,\"hideInTab\":null,\"icon\":\"\",\"iframeSrc\":\"\",\"ignoreAccess\":null,\"ignoreLogin\":null,\"keepAlive\":true,\"link\":\"\",\"menuVisibleWithForbidden\":null,\"openInNewWindow\":null,\"title\":\"移动\"}', 680083598598475778, '2025-12-03 09:53:40.980', 680083598598475778, '2025-12-03 09:53:40.980', 680083598598475778, 1768482405778);
INSERT INTO `mdc_resource_menu` (`id`, `app_id`, `code`, `name`, `menu_type`, `remarks`, `path`, `component`, `redirect`, `state`, `tree_path`, `parent_id`, `weight`, `meta`, `created_by`, `created_at`, `updated_by`, `updated_at`, `deleted_by`, `deleted_at`) VALUES (29466224430280708, 2, 'console:organization:org:move_2', '配置管理配置管理配置管理', '50', '', '', '', '', b'1', '/676103409455534080/676103409455534081/29466224430280708/', 676103409455534081, 4, '{}', 680083598598475778, '2025-12-03 09:53:40.980', 680083598598475778, '2025-12-03 09:53:40.980', 680083598598475778, 1768482405790);
INSERT INTO `mdc_resource_menu` (`id`, `app_id`, `code`, `name`, `menu_type`, `remarks`, `path`, `component`, `redirect`, `state`, `tree_path`, `parent_id`, `weight`, `meta`, `created_by`, `created_at`, `updated_by`, `updated_at`, `deleted_by`, `deleted_at`) VALUES (29466224430280709, 2, 'console:organization:org:move_3', '数据同步数据同步数据同步', '20', '', '', '', '', b'1', '/676103409455534080/676103409455534081/29466224430280709/', 676103409455534081, 4, '{\"hideInMenu\": true,\"title\":\"数据同步\"}', 680083598598475778, '2025-12-03 09:53:40.980', 680083598598475778, '2025-12-03 09:53:40.980', 680083598598475778, 1768482405798);
INSERT INTO `mdc_resource_menu` (`id`, `app_id`, `code`, `name`, `menu_type`, `remarks`, `path`, `component`, `redirect`, `state`, `tree_path`, `parent_id`, `weight`, `meta`, `created_by`, `created_at`, `updated_by`, `updated_at`, `deleted_by`, `deleted_at`) VALUES (29466224430280710, 2, 'console:organization:org:move_4', '权限分配权限分配权限分配', '50', '', '', '', '', b'1', '/676103409455534080/676103409455534081/29466224430280710/', 676103409455534081, 4, '{}', 680083598598475778, '2025-12-03 09:53:40.980', 680083598598475778, '2025-12-03 09:53:40.980', 680083598598475778, 1768482405805);
INSERT INTO `mdc_resource_menu` (`id`, `app_id`, `code`, `name`, `menu_type`, `remarks`, `path`, `component`, `redirect`, `state`, `tree_path`, `parent_id`, `weight`, `meta`, `created_by`, `created_at`, `updated_by`, `updated_at`, `deleted_by`, `deleted_at`) VALUES (29466224430280711, 2, 'console:organization:org:move_5', '日志查询', '20', '', '', '', '', b'1', '/676103409455534080/676103409455534081/29466224430280711/', 676103409455534081, 4, '{\"hideInMenu\": true,\"title\":\"日志查询\"}', 680083598598475778, '2025-12-03 09:53:40.980', 680083598598475778, '2025-12-03 09:53:40.980', 680083598598475778, 1768482405812);
INSERT INTO `mdc_resource_menu` (`id`, `app_id`, `code`, `name`, `menu_type`, `remarks`, `path`, `component`, `redirect`, `state`, `tree_path`, `parent_id`, `weight`, `meta`, `created_by`, `created_at`, `updated_by`, `updated_at`, `deleted_by`, `deleted_at`) VALUES (29466224430280712, 2, 'console:organization:org:move_6', '批量操作', '50', '', '', '', '', b'1', '/676103409455534080/676103409455534081/29466224430280712/', 676103409455534081, 4, '{}', 680083598598475778, '2025-12-03 09:53:40.980', 680083598598475778, '2025-12-03 09:53:40.980', 680083598598475778, 1768482405818);
INSERT INTO `mdc_resource_menu` (`id`, `app_id`, `code`, `name`, `menu_type`, `remarks`, `path`, `component`, `redirect`, `state`, `tree_path`, `parent_id`, `weight`, `meta`, `created_by`, `created_at`, `updated_by`, `updated_at`, `deleted_by`, `deleted_at`) VALUES (29466224430280713, 2, 'console:organization:org:move_7', '模板管理', '20', '', '', '', '', b'1', '/676103409455534080/676103409455534081/29466224430280713/', 676103409455534081, 0, '{\"hideInMenu\": true,\"title\":\"模板管理\"}', 680083598598475778, '2025-12-03 09:53:40.980', 680083598598475778, '2025-12-03 09:53:40.980', 680083598598475778, 1768482405824);
INSERT INTO `mdc_resource_menu` (`id`, `app_id`, `code`, `name`, `menu_type`, `remarks`, `path`, `component`, `redirect`, `state`, `tree_path`, `parent_id`, `weight`, `meta`, `created_by`, `created_at`, `updated_by`, `updated_at`, `deleted_by`, `deleted_at`) VALUES (29466224430280714, 2, 'console:organization:org:move_8', '流程配置', '50', '', '', '', '', b'1', '/676103409455534080/676103409455534081/29466224430280714/', 676103409455534081, 4, '{}', 680083598598475778, '2025-12-03 09:53:40.980', 680083598598475778, '2025-12-03 09:53:40.980', 680083598598475778, 1768482405829);
INSERT INTO `mdc_resource_menu` (`id`, `app_id`, `code`, `name`, `menu_type`, `remarks`, `path`, `component`, `redirect`, `state`, `tree_path`, `parent_id`, `weight`, `meta`, `created_by`, `created_at`, `updated_by`, `updated_at`, `deleted_by`, `deleted_at`) VALUES (29466224430280715, 2, 'console:organization:org:move_9', '统计分析', '50', '', '', '', '', b'1', '/676103409455534080/676103409455534081/29466224430280715/', 676103409455534081, 4, '{}', 680083598598475778, '2025-12-03 09:53:40.980', 680083598598475778, '2025-12-03 09:53:40.980', 680083598598475778, 1768482405836);
INSERT INTO `mdc_resource_menu` (`id`, `app_id`, `code`, `name`, `menu_type`, `remarks`, `path`, `component`, `redirect`, `state`, `tree_path`, `parent_id`, `weight`, `meta`, `created_by`, `created_at`, `updated_by`, `updated_at`, `deleted_by`, `deleted_at`) VALUES (29466224430280716, 2, 'console:organization:org:move_10', '系统设置', '50', '', '', '', '', b'1', '/676103409455534080/676103409455534081/29466224430280716/', 676103409455534081, 4, '{}', 680083598598475778, '2025-12-03 09:53:40.980', 680083598598475778, '2025-12-03 09:53:40.980', 680083598598475778, 1768482405842);
INSERT INTO `mdc_resource_menu` (`id`, `app_id`, `code`, `name`, `menu_type`, `remarks`, `path`, `component`, `redirect`, `state`, `tree_path`, `parent_id`, `weight`, `meta`, `created_by`, `created_at`, `updated_by`, `updated_at`, `deleted_by`, `deleted_at`) VALUES (29685645719521281, 4, '10:10:200', 'y长菜单2', '20', '', '/10/10/200', '/_core/authentication/login', '', b'1', '/661064637303128065/527679858080470016/661064637303128067/29685645719521281/', 661064637303128067, 2, '{\"activeIcon\":\"\",\"activePath\":\"\",\"affixTab\":null,\"authority\":[],\"badge\":\"\",\"badgeType\":\"\",\"badgeVariants\":\"\",\"component\":\"\",\"fullPathKey\":null,\"hideChildrenInMenu\":null,\"hideInBreadcrumb\":null,\"hideInMenu\":true,\"hideInTab\":null,\"icon\":\"ant-design:api-outlined\",\"iframeSrc\":\"\",\"ignoreAccess\":null,\"ignoreLogin\":null,\"keepAlive\":true,\"link\":\"\",\"menuVisibleWithForbidden\":null,\"openInNewWindow\":null,\"title\":\"y长菜单2\"}', 680083598598475778, '2025-12-04 00:10:48.347', 680083598598475778, '2025-12-04 00:10:48.347', NULL, 0);
INSERT INTO `mdc_resource_menu` (`id`, `app_id`, `code`, `name`, `menu_type`, `remarks`, `path`, `component`, `redirect`, `state`, `tree_path`, `parent_id`, `weight`, `meta`, `created_by`, `created_at`, `updated_by`, `updated_at`, `deleted_by`, `deleted_at`) VALUES (36547152327661569, 2, 'console:message', '消息中心', '10', '', '/message', 'LAYOUT', '', b'1', '/36547152327661569/', NULL, 4000, '{\"activeIcon\":\"\",\"activePath\":\"\",\"affixTab\":null,\"authority\":[],\"badge\":\"\",\"badgeType\":\"\",\"badgeVariants\":\"\",\"component\":\"\",\"fullPathKey\":null,\"hideChildrenInMenu\":null,\"hideInBreadcrumb\":null,\"hideInMenu\":null,\"hideInTab\":null,\"icon\":\"ant-design:message-outlined\",\"iframeSrc\":\"\",\"ignoreAccess\":null,\"ignoreLogin\":null,\"keepAlive\":true,\"link\":\"\",\"menuVisibleWithForbidden\":null,\"openInNewWindow\":null,\"title\":\"消息中心\"}', 680083598598475778, '2025-12-22 12:20:12.804', 680083598598475778, '2025-12-22 12:20:12.804', NULL, 0);
INSERT INTO `mdc_resource_menu` (`id`, `app_id`, `code`, `name`, `menu_type`, `remarks`, `path`, `component`, `redirect`, `state`, `tree_path`, `parent_id`, `weight`, `meta`, `created_by`, `created_at`, `updated_by`, `updated_at`, `deleted_by`, `deleted_at`) VALUES (36547152327661570, 2, 'console:message:msg', '消息管理', '20', '', '/message/msg', '/console/message/msgManage/index', '', b'1', '/36547152327661569/36547152327661570/', 36547152327661569, 10, '{\"activeIcon\":\"\",\"activePath\":\"\",\"affixTab\":null,\"authority\":[],\"badge\":\"\",\"badgeType\":\"\",\"badgeVariants\":\"\",\"component\":\"\",\"fullPathKey\":null,\"hideChildrenInMenu\":null,\"hideInBreadcrumb\":null,\"hideInMenu\":null,\"hideInTab\":null,\"icon\":\"carbon:chat\",\"iframeSrc\":\"\",\"ignoreAccess\":null,\"ignoreLogin\":null,\"keepAlive\":true,\"link\":\"\",\"menuVisibleWithForbidden\":null,\"openInNewWindow\":null,\"title\":\"消息管理\"}', 680083598598475778, '2025-12-22 12:44:49.434', 680083598598475778, '2026-01-19 00:50:45.215', NULL, 0);
INSERT INTO `mdc_resource_menu` (`id`, `app_id`, `code`, `name`, `menu_type`, `remarks`, `path`, `component`, `redirect`, `state`, `tree_path`, `parent_id`, `weight`, `meta`, `created_by`, `created_at`, `updated_by`, `updated_at`, `deleted_by`, `deleted_at`) VALUES (36547152327661571, 2, 'console:message:msgTemplate', '消息模板', '20', '', '/message/msgTemplate', '/console/message/msgTemplate/index', '', b'1', '/36547152327661569/36547152327661571/', 36547152327661569, 20, '{\"activeIcon\":\"\",\"activePath\":\"\",\"affixTab\":null,\"authority\":[],\"badge\":\"\",\"badgeType\":\"\",\"badgeVariants\":\"\",\"component\":\"\",\"fullPathKey\":null,\"hideChildrenInMenu\":null,\"hideInBreadcrumb\":null,\"hideInMenu\":null,\"hideInTab\":null,\"icon\":\"carbon:chat-launch\",\"iframeSrc\":\"\",\"ignoreAccess\":null,\"ignoreLogin\":null,\"keepAlive\":true,\"link\":\"\",\"menuVisibleWithForbidden\":null,\"openInNewWindow\":null,\"title\":\"消息模板\"}', 680083598598475778, '2025-12-22 12:47:12.738', 680083598598475778, '2025-12-22 12:47:12.738', NULL, 0);
INSERT INTO `mdc_resource_menu` (`id`, `app_id`, `code`, `name`, `menu_type`, `remarks`, `path`, `component`, `redirect`, `state`, `tree_path`, `parent_id`, `weight`, `meta`, `created_by`, `created_at`, `updated_by`, `updated_at`, `deleted_by`, `deleted_at`) VALUES (36547152327661572, 2, 'console:message:interfaceConfig', '接口配置', '20', '', '/message/interfaceConfig', '/console/message/interfaceConfig/index', '', b'1', '/36547152327661569/36547152327661572/', 36547152327661569, 30, '{\"activeIcon\":\"\",\"activePath\":\"\",\"affixTab\":null,\"authority\":[],\"badge\":\"\",\"badgeType\":\"\",\"badgeVariants\":\"\",\"component\":\"\",\"fullPathKey\":null,\"hideChildrenInMenu\":null,\"hideInBreadcrumb\":null,\"hideInMenu\":null,\"hideInTab\":null,\"icon\":\"carbon:interface-usage-alt\",\"iframeSrc\":\"\",\"ignoreAccess\":null,\"ignoreLogin\":null,\"keepAlive\":true,\"link\":\"\",\"menuVisibleWithForbidden\":null,\"openInNewWindow\":null,\"title\":\"接口配置\"}', 680083598598475778, '2025-12-22 12:48:33.647', 680083598598475778, '2025-12-22 12:48:33.647', NULL, 0);
INSERT INTO `mdc_resource_menu` (`id`, `app_id`, `code`, `name`, `menu_type`, `remarks`, `path`, `component`, `redirect`, `state`, `tree_path`, `parent_id`, `weight`, `meta`, `created_by`, `created_at`, `updated_by`, `updated_at`, `deleted_by`, `deleted_at`) VALUES (36547152327661573, 2, 'console:message:interfaceStat', '接口统计', '20', '', '/message/interfaceStat', '/console/message/interfaceStat/index', '', b'1', '/36547152327661569/36547152327661573/', 36547152327661569, 40, '{\"activeIcon\":\"\",\"activePath\":\"\",\"affixTab\":null,\"authority\":[],\"badge\":\"\",\"badgeType\":\"\",\"badgeVariants\":\"\",\"component\":\"\",\"fullPathKey\":null,\"hideChildrenInMenu\":null,\"hideInBreadcrumb\":null,\"hideInMenu\":null,\"hideInTab\":null,\"icon\":\"carbon:intersect\",\"iframeSrc\":\"\",\"ignoreAccess\":null,\"ignoreLogin\":null,\"keepAlive\":true,\"link\":\"\",\"menuVisibleWithForbidden\":null,\"openInNewWindow\":null,\"title\":\"接口统计\"}', 680083598598475778, '2025-12-22 12:49:37.047', 680083598598475778, '2025-12-22 12:49:37.047', NULL, 0);
INSERT INTO `mdc_resource_menu` (`id`, `app_id`, `code`, `name`, `menu_type`, `remarks`, `path`, `component`, `redirect`, `state`, `tree_path`, `parent_id`, `weight`, `meta`, `created_by`, `created_at`, `updated_by`, `updated_at`, `deleted_by`, `deleted_at`) VALUES (36741005676571743, 2, 'console:message:interfaceStat:log', '接口日志', '20', '', '/message/interfaceLog/:id', '/console/message/interfaceLog/index', '', b'1', '/36547152327661569/36547152327661573/36741005676571743/', 36547152327661573, 1, '{\"activeIcon\":\"\",\"activePath\":\"\",\"affixTab\":null,\"authority\":[],\"badge\":\"\",\"badgeType\":\"\",\"badgeVariants\":\"\",\"component\":\"\",\"fullPathKey\":null,\"hideChildrenInMenu\":null,\"hideInBreadcrumb\":null,\"hideInMenu\":true,\"hideInTab\":null,\"icon\":\"carbon:logo-flickr\",\"iframeSrc\":\"\",\"ignoreAccess\":null,\"ignoreLogin\":null,\"keepAlive\":true,\"link\":\"\",\"menuVisibleWithForbidden\":null,\"openInNewWindow\":null,\"title\":\"接口日志\"}', 680083598598475778, '2025-12-23 00:54:31.193', 680083598598475778, '2025-12-23 09:30:55.776', NULL, 0);
INSERT INTO `mdc_resource_menu` (`id`, `app_id`, `code`, `name`, `menu_type`, `remarks`, `path`, `component`, `redirect`, `state`, `tree_path`, `parent_id`, `weight`, `meta`, `created_by`, `created_at`, `updated_by`, `updated_at`, `deleted_by`, `deleted_at`) VALUES (36897114852880388, 2, 'console:message:publish', '发布消息', '20', '', '/message/msg/:id', '/console/message/msgManage/modules/form.vue', '', b'1', '/36547152327661569/36547152327661570/36897114852880388/', 36547152327661570, 1, '{\"activeIcon\":\"\",\"activePath\":\"/message/msg\",\"affixTab\":null,\"authority\":[],\"badge\":\"\",\"badgeType\":\"\",\"badgeVariants\":\"\",\"component\":\"\",\"fullPathKey\":null,\"hideChildrenInMenu\":null,\"hideInBreadcrumb\":null,\"hideInMenu\":true,\"hideInTab\":null,\"icon\":\"ant-design:send-outlined\",\"iframeSrc\":\"\",\"ignoreAccess\":null,\"ignoreLogin\":null,\"keepAlive\":true,\"link\":\"\",\"menuVisibleWithForbidden\":null,\"openInNewWindow\":null,\"title\":\"发布消息\"}', 680083598598475778, '2025-12-23 15:29:32.523', 680083598598475778, '2026-01-19 12:44:01.800', NULL, 0);
INSERT INTO `mdc_resource_menu` (`id`, `app_id`, `code`, `name`, `menu_type`, `remarks`, `path`, `component`, `redirect`, `state`, `tree_path`, `parent_id`, `weight`, `meta`, `created_by`, `created_at`, `updated_by`, `updated_at`, `deleted_by`, `deleted_at`) VALUES (38019754879550464, 1, 'workbench:user:msg:view', '查看消息', '20', '', '/user/notice/view/:id', '/workbench/user/notice/modules/view', '', b'1', '/665612754266586115/38019754879550464/', 665612754266586115, 10, '{\"activeIcon\":\"\",\"activePath\":\"\",\"affixTab\":null,\"authority\":[],\"badge\":\"\",\"badgeType\":\"\",\"badgeVariants\":\"\",\"component\":\"\",\"fullPathKey\":null,\"hideChildrenInMenu\":null,\"hideInBreadcrumb\":null,\"hideInMenu\":true,\"hideInTab\":null,\"icon\":\"carbon:notification\",\"iframeSrc\":\"\",\"ignoreAccess\":null,\"ignoreLogin\":null,\"keepAlive\":true,\"link\":\"\",\"menuVisibleWithForbidden\":null,\"openInNewWindow\":null,\"title\":\"查看消息\"}', 680083598598475778, '2025-12-26 11:19:36.832', 680083598598475778, '2025-12-26 12:34:36.515', NULL, 0);
INSERT INTO `mdc_resource_menu` (`id`, `app_id`, `code`, `name`, `menu_type`, `remarks`, `path`, `component`, `redirect`, `state`, `tree_path`, `parent_id`, `weight`, `meta`, `created_by`, `created_at`, `updated_by`, `updated_at`, `deleted_by`, `deleted_at`) VALUES (38019754879550472, 1, 'workbench:user:msg:index', '我的消息', '20', '', '/user/notice/index', '/workbench/user/notice/index', '', b'1', '/665612754266586115/38019754879550472/', 665612754266586115, 1, '{\"activeIcon\":\"\",\"activePath\":\"\",\"affixTab\":null,\"authority\":[],\"badge\":\"\",\"badgeType\":\"\",\"badgeVariants\":\"\",\"component\":\"\",\"fullPathKey\":null,\"hideChildrenInMenu\":null,\"hideInBreadcrumb\":null,\"hideInMenu\":true,\"hideInTab\":null,\"icon\":\"ant-design:message\",\"iframeSrc\":\"\",\"ignoreAccess\":null,\"ignoreLogin\":null,\"keepAlive\":true,\"link\":\"\",\"menuVisibleWithForbidden\":null,\"openInNewWindow\":null,\"title\":\"消息中心\"}', 680083598598475778, '2025-12-26 12:33:53.494', 680083598598475778, '2025-12-26 12:33:53.494', NULL, 0);
INSERT INTO `mdc_resource_menu` (`id`, `app_id`, `code`, `name`, `menu_type`, `remarks`, `path`, `component`, `redirect`, `state`, `tree_path`, `parent_id`, `weight`, `meta`, `created_by`, `created_at`, `updated_by`, `updated_at`, `deleted_by`, `deleted_at`) VALUES (41382868891172868, 2, 'open:admin:eventType', '事件管理', '20', '', '/manage/eventType', '/open/admin/eventType/index', '', b'1', '/693083240537805824/41382868891172868/', 693083240537805824, 60, '{\"activeIcon\":\"\",\"activePath\":\"\",\"affixTab\":null,\"authority\":[],\"badge\":\"\",\"badgeType\":\"\",\"badgeVariants\":\"\",\"component\":\"\",\"fullPathKey\":null,\"hideChildrenInMenu\":null,\"hideInBreadcrumb\":null,\"hideInMenu\":null,\"hideInTab\":null,\"icon\":\"carbon:event-change\",\"iframeSrc\":\"\",\"ignoreAccess\":null,\"ignoreLogin\":null,\"keepAlive\":true,\"link\":\"\",\"menuVisibleWithForbidden\":null,\"openInNewWindow\":null,\"title\":\"事件管理\"}', 680083598598475778, '2026-01-04 12:44:19.746', 680083598598475778, '2026-01-04 12:44:19.746', NULL, 0);
INSERT INTO `mdc_resource_menu` (`id`, `app_id`, `code`, `name`, `menu_type`, `remarks`, `path`, `component`, `redirect`, `state`, `tree_path`, `parent_id`, `weight`, `meta`, `created_by`, `created_at`, `updated_by`, `updated_at`, `deleted_by`, `deleted_at`) VALUES (44703565805825024, 2, 'open:admin:apiCallLog', '接口调用日志', '20', '', '/manage/apiCallLog', '/open/admin/apiCallLog/index', '', b'1', '/693083240537805824/44703565805825024/', 693083240537805824, 70, '{\"activeIcon\":\"\",\"activePath\":\"\",\"affixTab\":null,\"authority\":[],\"badge\":\"\",\"badgeType\":\"\",\"badgeVariants\":\"\",\"component\":\"\",\"fullPathKey\":null,\"hideChildrenInMenu\":null,\"hideInBreadcrumb\":null,\"hideInMenu\":null,\"hideInTab\":null,\"icon\":\"carbon:3d-curve-auto-colon\",\"iframeSrc\":\"\",\"ignoreAccess\":null,\"ignoreLogin\":null,\"keepAlive\":true,\"link\":\"\",\"menuVisibleWithForbidden\":null,\"openInNewWindow\":null,\"title\":\"接口调用日志\"}', 680083598598475778, '2026-01-13 11:36:31.999', 680083598598475778, '2026-01-13 11:36:31.999', NULL, 0);
INSERT INTO `mdc_resource_menu` (`id`, `app_id`, `code`, `name`, `menu_type`, `remarks`, `path`, `component`, `redirect`, `state`, `tree_path`, `parent_id`, `weight`, `meta`, `created_by`, `created_at`, `updated_by`, `updated_at`, `deleted_by`, `deleted_at`) VALUES (44703565805825025, 2, 'open:admin:notifyInfo', '接口回调记录', '20', '', '/manage/notifyInfo', '/open/admin/notifyInfo/index', '', b'1', '/693083240537805824/44703565805825025/', 693083240537805824, 80, '{\"activeIcon\":\"\",\"activePath\":\"\",\"affixTab\":null,\"authority\":[],\"badge\":\"\",\"badgeType\":\"\",\"badgeVariants\":\"\",\"component\":\"\",\"fullPathKey\":null,\"hideChildrenInMenu\":null,\"hideInBreadcrumb\":null,\"hideInMenu\":null,\"hideInTab\":null,\"icon\":\"carbon:reset-alt\",\"iframeSrc\":\"\",\"ignoreAccess\":null,\"ignoreLogin\":null,\"keepAlive\":true,\"link\":\"\",\"menuVisibleWithForbidden\":null,\"openInNewWindow\":null,\"title\":\"接口回调记录\"}', 680083598598475778, '2026-01-13 11:44:47.324', 680083598598475778, '2026-01-13 11:44:47.323', NULL, 0);
INSERT INTO `mdc_resource_menu` (`id`, `app_id`, `code`, `name`, `menu_type`, `remarks`, `path`, `component`, `redirect`, `state`, `tree_path`, `parent_id`, `weight`, `meta`, `created_by`, `created_at`, `updated_by`, `updated_at`, `deleted_by`, `deleted_at`) VALUES (44703565805825026, 2, 'open:admin:notifyInfoLog', '接口回调日志', '20', '', '/manage/notifyInfoLog/:notifyInfoId', '/open/admin/notifyInfoLog/index', '', b'1', '/693083240537805824/44703565805825025/44703565805825026/', 44703565805825025, 90, '{\"activeIcon\":\"\",\"activePath\":\"/manage/notifyInfo\",\"affixTab\":null,\"authority\":[],\"badge\":\"\",\"badgeType\":\"\",\"badgeVariants\":\"\",\"component\":\"\",\"fullPathKey\":null,\"hideChildrenInMenu\":null,\"hideInBreadcrumb\":null,\"hideInMenu\":true,\"hideInTab\":null,\"icon\":\"carbon:notification-counter\",\"iframeSrc\":\"\",\"ignoreAccess\":null,\"ignoreLogin\":null,\"keepAlive\":true,\"link\":\"\",\"menuVisibleWithForbidden\":null,\"openInNewWindow\":null,\"title\":\"接口回调日志\"}', 680083598598475778, '2026-01-13 11:46:38.011', 680083598598475778, '2026-01-14 00:54:31.098', NULL, 0);
INSERT INTO `mdc_resource_menu` (`id`, `app_id`, `code`, `name`, `menu_type`, `remarks`, `path`, `component`, `redirect`, `state`, `tree_path`, `parent_id`, `weight`, `meta`, `created_by`, `created_at`, `updated_by`, `updated_at`, `deleted_by`, `deleted_at`) VALUES (44703565805825027, 2, 'open:admin:eventTrigger', '事件触发', '20', '', '/manage/eventTrigger', '/open/admin/eventTrigger/index', '', b'1', '/693083240537805824/44703565805825027/', 693083240537805824, 100, '{\"activeIcon\":\"\",\"activePath\":\"\",\"affixTab\":null,\"authority\":[],\"badge\":\"\",\"badgeType\":\"\",\"badgeVariants\":\"\",\"component\":\"\",\"fullPathKey\":null,\"hideChildrenInMenu\":null,\"hideInBreadcrumb\":null,\"hideInMenu\":null,\"hideInTab\":null,\"icon\":\"carbon:status-change\",\"iframeSrc\":\"\",\"ignoreAccess\":null,\"ignoreLogin\":null,\"keepAlive\":true,\"link\":\"\",\"menuVisibleWithForbidden\":null,\"openInNewWindow\":null,\"title\":\"事件触发\"}', 680083598598475778, '2026-01-13 12:16:25.400', 680083598598475778, '2026-01-13 12:16:25.400', NULL, 0);
INSERT INTO `mdc_resource_menu` (`id`, `app_id`, `code`, `name`, `menu_type`, `remarks`, `path`, `component`, `redirect`, `state`, `tree_path`, `parent_id`, `weight`, `meta`, `created_by`, `created_at`, `updated_by`, `updated_at`, `deleted_by`, `deleted_at`) VALUES (44703565805825028, 2, 'open:admin:eventPush', '事件推送记录', '20', '', '/manage/eventPush', '/open/admin/eventPush/index', '', b'1', '/693083240537805824/44703565805825028/', 693083240537805824, 110, '{\"activeIcon\":\"\",\"activePath\":\"\",\"affixTab\":null,\"authority\":[],\"badge\":\"\",\"badgeType\":\"\",\"badgeVariants\":\"\",\"component\":\"\",\"fullPathKey\":null,\"hideChildrenInMenu\":null,\"hideInBreadcrumb\":null,\"hideInMenu\":null,\"hideInTab\":null,\"icon\":\"carbon:container-image-push\",\"iframeSrc\":\"\",\"ignoreAccess\":null,\"ignoreLogin\":null,\"keepAlive\":true,\"link\":\"\",\"menuVisibleWithForbidden\":null,\"openInNewWindow\":null,\"title\":\"事件推送记录\"}', 680083598598475778, '2026-01-13 12:17:18.260', 680083598598475778, '2026-01-13 12:17:18.260', NULL, 0);
INSERT INTO `mdc_resource_menu` (`id`, `app_id`, `code`, `name`, `menu_type`, `remarks`, `path`, `component`, `redirect`, `state`, `tree_path`, `parent_id`, `weight`, `meta`, `created_by`, `created_at`, `updated_by`, `updated_at`, `deleted_by`, `deleted_at`) VALUES (44703565805825029, 2, 'open:admin:eventPushLog', '事件推送日志', '20', '', '/manage/eventPushLog/:eventPushId', '/open/admin/eventPushLog/index', '', b'1', '/693083240537805824/44703565805825028/44703565805825029/', 44703565805825028, 120, '{\"activeIcon\":\"\",\"activePath\":\"/manage/eventPush\",\"affixTab\":null,\"authority\":[],\"badge\":\"\",\"badgeType\":\"\",\"badgeVariants\":\"\",\"component\":\"\",\"fullPathKey\":null,\"hideChildrenInMenu\":null,\"hideInBreadcrumb\":null,\"hideInMenu\":true,\"hideInTab\":null,\"icon\":\"carbon:radio-push-to-talk\",\"iframeSrc\":\"\",\"ignoreAccess\":null,\"ignoreLogin\":null,\"keepAlive\":true,\"link\":\"\",\"menuVisibleWithForbidden\":null,\"openInNewWindow\":null,\"title\":\"事件推送日志\"}', 680083598598475778, '2026-01-13 12:17:44.439', 680083598598475778, '2026-01-14 00:54:21.216', NULL, 0);
INSERT INTO `mdc_resource_menu` (`id`, `app_id`, `code`, `name`, `menu_type`, `remarks`, `path`, `component`, `redirect`, `state`, `tree_path`, `parent_id`, `weight`, `meta`, `created_by`, `created_at`, `updated_by`, `updated_at`, `deleted_by`, `deleted_at`) VALUES (45451182173128704, 2, 'open:admin:helpDoc', '帮助文档', '20', '', '/manage/helpDoc', '/open/admin/helpDoc/index', '', b'1', '/693083240537805824/45451182173128704/', 693083240537805824, 35, '{\"activeIcon\":\"\",\"activePath\":\"\",\"affixTab\":null,\"authority\":[],\"badge\":\"\",\"badgeType\":\"\",\"badgeVariants\":\"\",\"component\":\"\",\"fullPathKey\":null,\"hideChildrenInMenu\":null,\"hideInBreadcrumb\":null,\"hideInMenu\":null,\"hideInTab\":null,\"icon\":\"carbon:documentation\",\"iframeSrc\":\"\",\"ignoreAccess\":null,\"ignoreLogin\":null,\"keepAlive\":true,\"link\":\"\",\"menuVisibleWithForbidden\":null,\"openInNewWindow\":null,\"title\":\"帮助文档\"}', 680083598598475778, '2026-01-15 11:36:54.587', 680083598598475778, '2026-01-15 11:36:54.586', NULL, 0);
INSERT INTO `mdc_resource_menu` (`id`, `app_id`, `code`, `name`, `menu_type`, `remarks`, `path`, `component`, `redirect`, `state`, `tree_path`, `parent_id`, `weight`, `meta`, `created_by`, `created_at`, `updated_by`, `updated_at`, `deleted_by`, `deleted_at`) VALUES (45452754131160069, 3, 'open:client:helpDoc', '帮助文档', '20', '', '/helpdoc', '/open/client/helpDoc/index', '', b'1', '/45452754131160069/', NULL, 50, '{\"activeIcon\":\"\",\"activePath\":\"\",\"affixTab\":null,\"authority\":[],\"badge\":\"\",\"badgeType\":\"\",\"badgeVariants\":\"\",\"component\":\"\",\"fullPathKey\":null,\"hideChildrenInMenu\":null,\"hideInBreadcrumb\":null,\"hideInMenu\":null,\"hideInTab\":null,\"icon\":\"\",\"iframeSrc\":\"\",\"ignoreAccess\":null,\"ignoreLogin\":null,\"keepAlive\":true,\"link\":\"\",\"menuVisibleWithForbidden\":null,\"openInNewWindow\":null,\"title\":\"帮助文档\"}', 680083598598475778, '2026-01-15 14:53:55.870', 680083598598475778, '2026-01-15 14:53:55.870', NULL, 0);
INSERT INTO `mdc_resource_menu` (`id`, `app_id`, `code`, `name`, `menu_type`, `remarks`, `path`, `component`, `redirect`, `state`, `tree_path`, `parent_id`, `weight`, `meta`, `created_by`, `created_at`, `updated_by`, `updated_at`, `deleted_by`, `deleted_at`) VALUES (46768775060341760, 2, 'console:message:msgTask', '消息任务', '20', '', '/message/msgTask', '/console/message/msgTask/index', '', b'1', '/36547152327661569/46768775060341760/', 36547152327661569, 5, '{\"activeIcon\":\"\",\"activePath\":\"\",\"affixTab\":null,\"authority\":[],\"badge\":\"\",\"badgeType\":\"\",\"badgeVariants\":\"\",\"component\":\"\",\"fullPathKey\":null,\"hideChildrenInMenu\":null,\"hideInBreadcrumb\":null,\"hideInMenu\":null,\"hideInTab\":null,\"icon\":\"carbon:message-queue\",\"iframeSrc\":\"\",\"ignoreAccess\":null,\"ignoreLogin\":null,\"keepAlive\":true,\"link\":\"\",\"menuVisibleWithForbidden\":null,\"openInNewWindow\":null,\"title\":\"消息任务\"}', 680083598598475778, '2026-01-19 00:49:13.418', 680083598598475778, '2026-01-19 00:49:13.418', NULL, 0);
INSERT INTO `mdc_resource_menu` (`id`, `app_id`, `code`, `name`, `menu_type`, `remarks`, `path`, `component`, `redirect`, `state`, `tree_path`, `parent_id`, `weight`, `meta`, `created_by`, `created_at`, `updated_by`, `updated_at`, `deleted_by`, `deleted_at`) VALUES (46768775060341761, 2, 'console:message:msgTask:view', '消息任务查看', '20', '', '/message/msgTask/:id', '/console/message/msgManage/modules/form.vue', '', b'1', '/36547152327661569/46768775060341760/46768775060341761/', 46768775060341760, 1, '{\"activeIcon\":\"\",\"activePath\":\"/message/msgTask\",\"affixTab\":null,\"authority\":[],\"badge\":\"\",\"badgeType\":\"\",\"badgeVariants\":\"\",\"component\":\"\",\"fullPathKey\":null,\"hideChildrenInMenu\":null,\"hideInBreadcrumb\":null,\"hideInMenu\":true,\"hideInTab\":null,\"icon\":\"\",\"iframeSrc\":\"\",\"ignoreAccess\":null,\"ignoreLogin\":null,\"keepAlive\":true,\"link\":\"\",\"menuVisibleWithForbidden\":null,\"openInNewWindow\":null,\"title\":\"消息任务查看\"}', 680083598598475778, '2026-01-19 00:56:30.747', 680083598598475778, '2026-01-19 12:48:33.450', NULL, 0);
INSERT INTO `mdc_resource_menu` (`id`, `app_id`, `code`, `name`, `menu_type`, `remarks`, `path`, `component`, `redirect`, `state`, `tree_path`, `parent_id`, `weight`, `meta`, `created_by`, `created_at`, `updated_by`, `updated_at`, `deleted_by`, `deleted_at`) VALUES (50837070302422881, 4, 'main:generator:codebaseclass', '基类管理', '20', '', '/main/generator/codebaseclass', 'main/generator/codebaseclass/index.vue', '', b'1', '/508370703024718848/50837070302422881/', 508370703024718848, 1, '{}', NULL, '2024-06-30 21:58:33.000', NULL, '2024-06-30 21:58:33.000', 11, 1755097563887);
INSERT INTO `mdc_resource_menu` (`id`, `app_id`, `code`, `name`, `menu_type`, `remarks`, `path`, `component`, `redirect`, `state`, `tree_path`, `parent_id`, `weight`, `meta`, `created_by`, `created_at`, `updated_by`, `updated_at`, `deleted_by`, `deleted_at`) VALUES (50837070302471881, 4, 'main:generator:codecreator:preview', '预览', '20', '', '/main/generator/codecreator/preview', 'main/generator/codecreator/modules/PreviewCode.vue', '', b'1', '/508370703024718848/50837070302471881/', 508370703024718848, 1, '{}', NULL, '2024-06-30 21:58:33.000', NULL, '2024-06-30 21:58:33.000', 11, 1755097563887);
INSERT INTO `mdc_resource_menu` (`id`, `app_id`, `code`, `name`, `menu_type`, `remarks`, `path`, `component`, `redirect`, `state`, `tree_path`, `parent_id`, `weight`, `meta`, `created_by`, `created_at`, `updated_by`, `updated_at`, `deleted_by`, `deleted_at`) VALUES (508370703024718848, 4, 'main:dev', '开发者管理', '10', '', '/main/generator', 'LAYOUT', '', b'1', '/508370703024718848/', NULL, 1, '{}', NULL, '2024-06-30 21:58:33.000', NULL, '2024-06-30 21:58:33.000', 11, 1755097563887);
INSERT INTO `mdc_resource_menu` (`id`, `app_id`, `code`, `name`, `menu_type`, `remarks`, `path`, `component`, `redirect`, `state`, `tree_path`, `parent_id`, `weight`, `meta`, `created_by`, `created_at`, `updated_by`, `updated_at`, `deleted_by`, `deleted_at`) VALUES (508370703024718849, 4, 'main:dev:codecreator', '代码生成', '20', '', '/main/generator/codecreator', 'main/generator/codecreator/index.vue', '', b'1', '/508370703024718848/508370703024718849/', 508370703024718848, 1, '{}', NULL, '2024-06-30 21:58:33.000', NULL, '2024-06-30 21:58:33.000', 11, 1755097563887);
INSERT INTO `mdc_resource_menu` (`id`, `app_id`, `code`, `name`, `menu_type`, `remarks`, `path`, `component`, `redirect`, `state`, `tree_path`, `parent_id`, `weight`, `meta`, `created_by`, `created_at`, `updated_by`, `updated_at`, `deleted_by`, `deleted_at`) VALUES (508370703024718850, 4, 'main:dev:dragcreator', '拖拽生成', '20', '', '/main/dragcreator', 'main/dev/dragcreator/index.vue', '', b'1', '/508370703024718848/508370703024718850/', 508370703024718848, 2, '{}', NULL, '2024-06-30 21:58:33.000', NULL, '2024-06-30 21:58:33.000', 11, 1755097563887);
INSERT INTO `mdc_resource_menu` (`id`, `app_id`, `code`, `name`, `menu_type`, `remarks`, `path`, `component`, `redirect`, `state`, `tree_path`, `parent_id`, `weight`, `meta`, `created_by`, `created_at`, `updated_by`, `updated_at`, `deleted_by`, `deleted_at`) VALUES (527679858080470016, 4, '11:222', '2级目录', '10', '', '/aaa/aa', 'LAYOUT', '', b'1', '/661064637303128065/527679858080470016/', 661064637303128065, 2, '{\"activeIcon\":\"\",\"activePath\":\"\",\"affixTab\":null,\"authority\":[],\"badge\":\"\",\"badgeType\":\"\",\"badgeVariants\":\"\",\"component\":\"\",\"fullPathKey\":null,\"hideChildrenInMenu\":null,\"hideInBreadcrumb\":null,\"hideInMenu\":null,\"hideInTab\":null,\"icon\":\"\",\"iframeSrc\":\"\",\"ignoreAccess\":null,\"ignoreLogin\":null,\"keepAlive\":null,\"link\":\"\",\"menuVisibleWithForbidden\":null,\"openInNewWindow\":null,\"title\":\"2级目录\"}', 1, '2024-08-06 23:51:15.479', 680083598598475778, '2025-12-03 11:19:18.595', NULL, 0);
INSERT INTO `mdc_resource_menu` (`id`, `app_id`, `code`, `name`, `menu_type`, `remarks`, `path`, `component`, `redirect`, `state`, `tree_path`, `parent_id`, `weight`, `meta`, `created_by`, `created_at`, `updated_by`, `updated_at`, `deleted_by`, `deleted_at`) VALUES (527679858080470017, 2, 'console:permission:role', '角色管理', '20', '', '/permission/role', '/console/permission/role/index', '', b'1', '/1001/527679858080470017/', 1001, 3, '{\"activeIcon\":\"\",\"activePath\":\"\",\"affixTab\":null,\"authority\":[],\"badge\":\"\",\"badgeType\":\"\",\"badgeVariants\":\"\",\"component\":\"\",\"fullPathKey\":null,\"hideChildrenInMenu\":null,\"hideInBreadcrumb\":null,\"hideInMenu\":null,\"hideInTab\":null,\"icon\":\"carbon:user-role\",\"iframeSrc\":\"\",\"ignoreAccess\":null,\"keepAlive\":true,\"link\":\"\",\"menuVisibleWithForbidden\":null,\"openInNewWindow\":null,\"title\":\"角色管理\"}', 1, '2024-08-07 00:00:23.203', 11, '2025-09-10 23:25:35.480', NULL, 0);
INSERT INTO `mdc_resource_menu` (`id`, `app_id`, `code`, `name`, `menu_type`, `remarks`, `path`, `component`, `redirect`, `state`, `tree_path`, `parent_id`, `weight`, `meta`, `created_by`, `created_at`, `updated_by`, `updated_at`, `deleted_by`, `deleted_at`) VALUES (527679858080470018, 4, '04', '04', '20', '', '/01/04', '/demo/components/file/index', '', b'1', '/661064637303128065/527679858080470018/', 661064637303128065, 4, '{\"activeIcon\":\"\",\"activePath\":\"\",\"affixTab\":null,\"authority\":[],\"badge\":\"\",\"badgeType\":\"\",\"badgeVariants\":\"\",\"component\":\"\",\"fullPathKey\":null,\"hideChildrenInMenu\":null,\"hideInBreadcrumb\":null,\"hideInMenu\":null,\"hideInTab\":null,\"icon\":\"ant-design:account-book-outlined\",\"iframeSrc\":\"\",\"ignoreAccess\":null,\"ignoreLogin\":null,\"keepAlive\":null,\"link\":\"\",\"menuVisibleWithForbidden\":null,\"openInNewWindow\":null,\"title\":\"04\"}', 1, '2024-08-07 00:01:39.223', 680083598598475778, '2025-11-06 19:57:19.706', NULL, 0);
INSERT INTO `mdc_resource_menu` (`id`, `app_id`, `code`, `name`, `menu_type`, `remarks`, `path`, `component`, `redirect`, `state`, `tree_path`, `parent_id`, `weight`, `meta`, `created_by`, `created_at`, `updated_by`, `updated_at`, `deleted_by`, `deleted_at`) VALUES (527679858080470021, 4, 'one:nl', '内链', '30', '', '/01/05', 'IFRAME', '', b'1', '/661064637303128065/527679858080470021/', 661064637303128065, 5, '{\"activeIcon\":\"\",\"activePath\":\"\",\"affixTab\":null,\"authority\":[],\"badge\":\"\",\"badgeType\":\"\",\"badgeVariants\":\"\",\"component\":\"\",\"fullPathKey\":null,\"hideChildrenInMenu\":null,\"hideInBreadcrumb\":null,\"hideInMenu\":null,\"hideInTab\":null,\"icon\":\"svg:card\",\"iframeSrc\":\"https://www.antdv.com/components/form-cn\",\"ignoreAccess\":null,\"keepAlive\":null,\"link\":\"\",\"menuVisibleWithForbidden\":null,\"openInNewWindow\":null,\"title\":\"内链\"}', 1, '2024-08-07 00:16:03.719', 11, '2025-09-27 23:20:02.816', NULL, 0);
INSERT INTO `mdc_resource_menu` (`id`, `app_id`, `code`, `name`, `menu_type`, `remarks`, `path`, `component`, `redirect`, `state`, `tree_path`, `parent_id`, `weight`, `meta`, `created_by`, `created_at`, `updated_by`, `updated_at`, `deleted_by`, `deleted_at`) VALUES (527679858080470022, 4, 'one:wl', '外链', '40', '6', '/one/wl', 'IFRAME', '', b'1', '/661064637303128065/527679858080470022/', 661064637303128065, 6, '{\"activeIcon\":\"\",\"activePath\":\"\",\"affixTab\":null,\"authority\":[],\"badge\":\"\",\"badgeType\":\"\",\"badgeVariants\":\"\",\"component\":\"\",\"fullPathKey\":null,\"hideChildrenInMenu\":null,\"hideInBreadcrumb\":null,\"hideInMenu\":null,\"hideInTab\":null,\"icon\":\"ant-design:android-filled\",\"iframeSrc\":\"\",\"ignoreAccess\":null,\"keepAlive\":null,\"link\":\"https://www.antdv.com/components/form-cn\",\"menuVisibleWithForbidden\":null,\"openInNewWindow\":null,\"title\":\"外链\"}', 1, '2024-08-07 00:16:22.569', 11, '2025-09-27 23:09:49.681', NULL, 0);
INSERT INTO `mdc_resource_menu` (`id`, `app_id`, `code`, `name`, `menu_type`, `remarks`, `path`, `component`, `redirect`, `state`, `tree_path`, `parent_id`, `weight`, `meta`, `created_by`, `created_at`, `updated_by`, `updated_at`, `deleted_by`, `deleted_at`) VALUES (661064637303128065, 4, '100', '一级菜单', '10', '', '/10000', 'LAYOUT', '', b'1', '/661064637303128065/', NULL, 1000, '{\"activeIcon\":\"carbon:arrow-shift-down\",\"activePath\":\"\",\"affixTab\":null,\"authority\":[],\"badge\":\"\",\"badgeType\":\"\",\"badgeVariants\":\"\",\"component\":\"\",\"fullPathKey\":null,\"hideChildrenInMenu\":null,\"hideInBreadcrumb\":null,\"hideInMenu\":null,\"hideInTab\":null,\"icon\":\"carbon:align-box-top-left\",\"iframeSrc\":\"\",\"ignoreAccess\":null,\"keepAlive\":null,\"link\":\"\",\"menuVisibleWithForbidden\":null,\"openInNewWindow\":null,\"title\":\"一级菜单\"}', NULL, '2025-08-01 10:45:49.663', 11, '2025-08-01 23:13:33.538', NULL, 0);
INSERT INTO `mdc_resource_menu` (`id`, `app_id`, `code`, `name`, `menu_type`, `remarks`, `path`, `component`, `redirect`, `state`, `tree_path`, `parent_id`, `weight`, `meta`, `created_by`, `created_at`, `updated_by`, `updated_at`, `deleted_by`, `deleted_at`) VALUES (661064637303128067, 4, '10:10', '二级菜单', '20', '123', '/100/100', '/demos/baisc/index', '', b'1', '/661064637303128065/527679858080470016/661064637303128067/', 527679858080470016, 1000, '{\"activeIcon\":\"carbon:arrow-up-left\",\"activePath\":\"\",\"affixTab\":null,\"authority\":[],\"badge\":\"aa的啊的\",\"badgeType\":\"normal\",\"badgeVariants\":\"primary\",\"component\":\"\",\"fullPathKey\":null,\"hideChildrenInMenu\":null,\"hideInBreadcrumb\":null,\"hideInMenu\":false,\"hideInTab\":null,\"icon\":\"carbon:arrange-vertical\",\"iframeSrc\":\"\",\"ignoreAccess\":null,\"keepAlive\":null,\"link\":\"\",\"menuVisibleWithForbidden\":null,\"openInNewWindow\":null,\"title\":\"二级菜单\"}', NULL, '2025-08-01 10:48:45.559', 11, '2025-08-01 23:25:09.356', NULL, 0);
INSERT INTO `mdc_resource_menu` (`id`, `app_id`, `code`, `name`, `menu_type`, `remarks`, `path`, `component`, `redirect`, `state`, `tree_path`, `parent_id`, `weight`, `meta`, `created_by`, `created_at`, `updated_by`, `updated_at`, `deleted_by`, `deleted_at`) VALUES (661253697468544000, 4, '100:101', '二级内链', '30', '', '/100/101', 'IFRAME', '', b'1', '/661064637303128065/661253697468544000/', 661064637303128065, 1001, '{\"activeIcon\":\"carbon:add-filled\",\"activePath\":\"\",\"affixTab\":false,\"authority\":[],\"badge\":\"\",\"badgeType\":\"dot\",\"badgeVariants\":\"primary\",\"component\":\"\",\"fullPathKey\":null,\"hideChildrenInMenu\":null,\"hideInBreadcrumb\":true,\"hideInMenu\":null,\"hideInTab\":false,\"icon\":\"carbon:add-large\",\"iframeSrc\":\"http://tangyh.top/\",\"ignoreAccess\":null,\"keepAlive\":true,\"link\":\"\",\"menuVisibleWithForbidden\":null,\"openInNewWindow\":null,\"title\":\"二级内链\"}', 11, '2025-08-01 22:49:10.874', 11, '2025-08-05 20:07:37.357', NULL, 0);
INSERT INTO `mdc_resource_menu` (`id`, `app_id`, `code`, `name`, `menu_type`, `remarks`, `path`, `component`, `redirect`, `state`, `tree_path`, `parent_id`, `weight`, `meta`, `created_by`, `created_at`, `updated_by`, `updated_at`, `deleted_by`, `deleted_at`) VALUES (661253697468544001, 4, '100:102', '二级外链', '40', '', '/100/102', 'IFRAME', '', b'1', '/661064637303128065/661253697468544001/', 661064637303128065, 1002, '{\"activeIcon\":\"\",\"activePath\":\"\",\"affixTab\":null,\"authority\":[],\"badge\":\"哇喔\",\"badgeType\":\"normal\",\"badgeVariants\":\"warning\",\"component\":\"\",\"fullPathKey\":null,\"hideChildrenInMenu\":null,\"hideInBreadcrumb\":null,\"hideInMenu\":null,\"hideInTab\":null,\"icon\":\"carbon:add-comment\",\"iframeSrc\":\"\",\"ignoreAccess\":null,\"keepAlive\":true,\"link\":\"https://www.antdv.com/components/auto-complete-cn\",\"menuVisibleWithForbidden\":null,\"openInNewWindow\":null,\"title\":\"二级外链\"}', 11, '2025-08-01 22:50:12.402', 11, '2025-08-01 22:50:12.402', NULL, 0);
INSERT INTO `mdc_resource_menu` (`id`, `app_id`, `code`, `name`, `menu_type`, `remarks`, `path`, `component`, `redirect`, `state`, `tree_path`, `parent_id`, `weight`, `meta`, `created_by`, `created_at`, `updated_by`, `updated_at`, `deleted_by`, `deleted_at`) VALUES (661253697468544002, 4, '10:10:10', '隐藏菜单', '20', '', '/100/100/100', '/demos/antd/index', '', b'1', '/661064637303128065/527679858080470016/661064637303128067/661253697468544002/', 661064637303128067, 1, '{\"activeIcon\":\"\",\"activePath\":\"\",\"affixTab\":null,\"authority\":[],\"badge\":\"\",\"badgeType\":\"\",\"badgeVariants\":\"\",\"component\":\"\",\"fullPathKey\":null,\"hideChildrenInMenu\":null,\"hideInBreadcrumb\":null,\"hideInMenu\":true,\"hideInTab\":null,\"icon\":\"carbon:area\",\"iframeSrc\":\"\",\"ignoreAccess\":null,\"keepAlive\":true,\"link\":\"\",\"menuVisibleWithForbidden\":null,\"openInNewWindow\":null,\"title\":\"隐藏菜单\"}', 11, '2025-08-01 23:18:31.591', 11, '2025-08-01 23:18:31.591', NULL, 0);
INSERT INTO `mdc_resource_menu` (`id`, `app_id`, `code`, `name`, `menu_type`, `remarks`, `path`, `component`, `redirect`, `state`, `tree_path`, `parent_id`, `weight`, `meta`, `created_by`, `created_at`, `updated_by`, `updated_at`, `deleted_by`, `deleted_at`) VALUES (662697699833204736, 2, 'console:system', '系统管理', '10', '', '/system', 'LAYOUT', '', b'1', '/662697699833204736/', NULL, 9000, '{\"activeIcon\":\"\",\"activePath\":\"\",\"affixTab\":null,\"authority\":[],\"badge\":\"\",\"badgeType\":\"\",\"badgeVariants\":\"\",\"component\":\"\",\"fullPathKey\":null,\"hideChildrenInMenu\":null,\"hideInBreadcrumb\":null,\"hideInMenu\":null,\"hideInTab\":null,\"icon\":\"carbon:settings\",\"iframeSrc\":\"\",\"ignoreAccess\":null,\"keepAlive\":true,\"link\":\"\",\"menuVisibleWithForbidden\":null,\"openInNewWindow\":null,\"title\":\"系统管理\"}', 11, '2025-08-05 23:29:09.280', 11, '2025-08-13 22:49:48.019', NULL, 0);
INSERT INTO `mdc_resource_menu` (`id`, `app_id`, `code`, `name`, `menu_type`, `remarks`, `path`, `component`, `redirect`, `state`, `tree_path`, `parent_id`, `weight`, `meta`, `created_by`, `created_at`, `updated_by`, `updated_at`, `deleted_by`, `deleted_at`) VALUES (662697699833204737, 2, 'console:system:dict', '字典管理', '20', '', '/system/dict', '/console/system/dict/index', '', b'1', '/662697699833204736/662697699833204737/', 662697699833204736, 1, '{\"activeIcon\":\"\",\"activePath\":\"\",\"affixTab\":null,\"authority\":[],\"badge\":\"\",\"badgeType\":\"\",\"badgeVariants\":\"\",\"component\":\"\",\"fullPathKey\":null,\"hideChildrenInMenu\":null,\"hideInBreadcrumb\":null,\"hideInMenu\":null,\"hideInTab\":null,\"icon\":\"carbon:notebook-reference\",\"iframeSrc\":\"\",\"ignoreAccess\":null,\"keepAlive\":true,\"link\":\"\",\"menuVisibleWithForbidden\":null,\"openInNewWindow\":null,\"title\":\"字典管理\"}', 11, '2025-08-05 23:32:27.097', 11, '2025-08-13 22:49:57.109', NULL, 0);
INSERT INTO `mdc_resource_menu` (`id`, `app_id`, `code`, `name`, `menu_type`, `remarks`, `path`, `component`, `redirect`, `state`, `tree_path`, `parent_id`, `weight`, `meta`, `created_by`, `created_at`, `updated_by`, `updated_at`, `deleted_by`, `deleted_at`) VALUES (662697699833204738, 2, 'console:system:config', '系统配置', '20', '', '/system/config', '/console/system/config/index', '', b'1', '/662697699833204736/662697699833204738/', 662697699833204736, 2, '{\"activeIcon\":\"\",\"activePath\":\"\",\"affixTab\":null,\"authority\":[],\"badge\":\"\",\"badgeType\":\"\",\"badgeVariants\":\"\",\"component\":\"\",\"fullPathKey\":null,\"hideChildrenInMenu\":null,\"hideInBreadcrumb\":null,\"hideInMenu\":null,\"hideInTab\":null,\"icon\":\"carbon:parameter\",\"iframeSrc\":\"\",\"ignoreAccess\":null,\"ignoreLogin\":null,\"keepAlive\":true,\"link\":\"\",\"menuVisibleWithForbidden\":null,\"openInNewWindow\":null,\"title\":\"系统配置\"}', 11, '2025-08-05 23:33:36.675', 680083598598475778, '2025-12-01 12:31:38.088', NULL, 0);
INSERT INTO `mdc_resource_menu` (`id`, `app_id`, `code`, `name`, `menu_type`, `remarks`, `path`, `component`, `redirect`, `state`, `tree_path`, `parent_id`, `weight`, `meta`, `created_by`, `created_at`, `updated_by`, `updated_at`, `deleted_by`, `deleted_at`) VALUES (665609434256865280, 1, 'workbench:user:application', '我的应用', '10', '', '/user/application', 'LAYOUT', '/user/application/index', b'1', '/665609434256865280/', NULL, 10, '{\"activeIcon\":\"\",\"activePath\":\"\",\"affixTab\":null,\"authority\":[],\"badge\":\"\",\"badgeType\":\"\",\"badgeVariants\":\"\",\"component\":\"\",\"fullPathKey\":null,\"hideChildrenInMenu\":null,\"hideInBreadcrumb\":null,\"hideInMenu\":null,\"hideInTab\":null,\"icon\":\"carbon:app\",\"iframeSrc\":\"\",\"ignoreAccess\":null,\"ignoreLogin\":null,\"keepAlive\":true,\"link\":\"\",\"menuVisibleWithForbidden\":null,\"openInNewWindow\":null,\"title\":\"我的应用\"}', 11, '2025-08-13 16:35:01.275', 680083598598475778, '2025-11-21 15:40:48.259', NULL, 0);
INSERT INTO `mdc_resource_menu` (`id`, `app_id`, `code`, `name`, `menu_type`, `remarks`, `path`, `component`, `redirect`, `state`, `tree_path`, `parent_id`, `weight`, `meta`, `created_by`, `created_at`, `updated_by`, `updated_at`, `deleted_by`, `deleted_at`) VALUES (665612754266586112, 1, 'workbench:user:profile', '个人中心', '20', '', '/user/profile', '/workbench/user/profile/index', '', b'1', '/665612754266586112/', NULL, 20, '{\"activeIcon\":\"\",\"activePath\":\"\",\"affixTab\":null,\"authority\":[],\"badge\":\"\",\"badgeType\":\"\",\"badgeVariants\":\"\",\"component\":\"\",\"fullPathKey\":null,\"hideChildrenInMenu\":null,\"hideInBreadcrumb\":null,\"hideInMenu\":null,\"hideInTab\":null,\"icon\":\"carbon:user\",\"iframeSrc\":\"\",\"ignoreAccess\":null,\"keepAlive\":true,\"link\":\"\",\"menuVisibleWithForbidden\":null,\"openInNewWindow\":null,\"title\":\"个人中心\"}', 11, '2025-08-13 16:40:57.157', 11, '2025-08-13 16:40:57.157', NULL, 0);
INSERT INTO `mdc_resource_menu` (`id`, `app_id`, `code`, `name`, `menu_type`, `remarks`, `path`, `component`, `redirect`, `state`, `tree_path`, `parent_id`, `weight`, `meta`, `created_by`, `created_at`, `updated_by`, `updated_at`, `deleted_by`, `deleted_at`) VALUES (665612754266586113, 1, 'workbench:user:security', '安全设置', '20', '', '/user/security', '/workbench/user/security/index', '', b'1', '/665612754266586113/', NULL, 30, '{\"activeIcon\":\"\",\"activePath\":\"\",\"affixTab\":null,\"authority\":[],\"badge\":\"\",\"badgeType\":\"\",\"badgeVariants\":\"\",\"component\":\"\",\"fullPathKey\":null,\"hideChildrenInMenu\":null,\"hideInBreadcrumb\":null,\"hideInMenu\":null,\"hideInTab\":null,\"icon\":\"carbon:group-security\",\"iframeSrc\":\"\",\"ignoreAccess\":null,\"keepAlive\":true,\"link\":\"\",\"menuVisibleWithForbidden\":null,\"openInNewWindow\":null,\"title\":\"安全设置\"}', 11, '2025-08-13 16:43:22.178', 11, '2025-08-13 16:43:22.178', NULL, 0);
INSERT INTO `mdc_resource_menu` (`id`, `app_id`, `code`, `name`, `menu_type`, `remarks`, `path`, `component`, `redirect`, `state`, `tree_path`, `parent_id`, `weight`, `meta`, `created_by`, `created_at`, `updated_by`, `updated_at`, `deleted_by`, `deleted_at`) VALUES (665612754266586114, 1, 'workbench:user:logging', '登录日志', '20', '', '/user/logging', '/workbench/user/loginLog/index', '', b'1', '/665612754266586114/', NULL, 40, '{\"activeIcon\":\"\",\"activePath\":\"\",\"affixTab\":null,\"authority\":[],\"badge\":\"\",\"badgeType\":\"\",\"badgeVariants\":\"\",\"component\":\"\",\"fullPathKey\":null,\"hideChildrenInMenu\":null,\"hideInBreadcrumb\":null,\"hideInMenu\":null,\"hideInTab\":null,\"icon\":\"carbon:ibm-knowledge-catalog-standard\",\"iframeSrc\":\"\",\"ignoreAccess\":null,\"ignoreLogin\":null,\"keepAlive\":true,\"link\":\"\",\"menuVisibleWithForbidden\":null,\"openInNewWindow\":null,\"title\":\"登录日志\"}', 11, '2025-08-13 16:44:38.213', 680083598598475778, '2025-12-14 01:10:21.879', NULL, 0);
INSERT INTO `mdc_resource_menu` (`id`, `app_id`, `code`, `name`, `menu_type`, `remarks`, `path`, `component`, `redirect`, `state`, `tree_path`, `parent_id`, `weight`, `meta`, `created_by`, `created_at`, `updated_by`, `updated_at`, `deleted_by`, `deleted_at`) VALUES (665612754266586115, 1, 'workbench:user:msg', '消息中心', '10', '', '/user/notice', 'LAYOUT', '/user/notice/index', b'1', '/665612754266586115/', NULL, 50, '{\"activeIcon\":\"\",\"activePath\":\"\",\"affixTab\":null,\"authority\":[],\"badge\":\"\",\"badgeType\":\"\",\"badgeVariants\":\"\",\"component\":\"\",\"fullPathKey\":null,\"hideChildrenInMenu\":null,\"hideInBreadcrumb\":null,\"hideInMenu\":null,\"hideInTab\":null,\"icon\":\"carbon:notification\",\"iframeSrc\":\"\",\"ignoreAccess\":null,\"ignoreLogin\":null,\"keepAlive\":true,\"link\":\"\",\"menuVisibleWithForbidden\":null,\"openInNewWindow\":null,\"title\":\"消息中心\"}', 11, '2025-08-13 16:46:18.436', 680083598598475778, '2025-12-26 12:43:02.502', NULL, 0);
INSERT INTO `mdc_resource_menu` (`id`, `app_id`, `code`, `name`, `menu_type`, `remarks`, `path`, `component`, `redirect`, `state`, `tree_path`, `parent_id`, `weight`, `meta`, `created_by`, `created_at`, `updated_by`, `updated_at`, `deleted_by`, `deleted_at`) VALUES (665712328788380672, 3, 'open:application', '应用管理', '10', '', '/application', 'LAYOUT', '', b'1', '/665712328788380672/', NULL, 10, '{\"activeIcon\":\"\",\"activePath\":\"\",\"affixTab\":null,\"authority\":[],\"badge\":\"\",\"badgeType\":\"\",\"badgeVariants\":\"\",\"component\":\"\",\"fullPathKey\":null,\"hideChildrenInMenu\":null,\"hideInBreadcrumb\":null,\"hideInMenu\":null,\"hideInTab\":null,\"icon\":\"carbon:application-web\",\"iframeSrc\":\"\",\"ignoreAccess\":null,\"keepAlive\":true,\"link\":\"\",\"menuVisibleWithForbidden\":null,\"openInNewWindow\":null,\"title\":\"应用管理\"}', 11, '2025-08-13 23:12:59.256', 11, '2025-08-13 23:12:59.256', 680083598598475778, 1762181380534);
INSERT INTO `mdc_resource_menu` (`id`, `app_id`, `code`, `name`, `menu_type`, `remarks`, `path`, `component`, `redirect`, `state`, `tree_path`, `parent_id`, `weight`, `meta`, `created_by`, `created_at`, `updated_by`, `updated_at`, `deleted_by`, `deleted_at`) VALUES (665712328788380673, 3, 'open:doc', '文档管理', '10', '', '/doc', 'LAYOUT', '', b'1', '/665712328788380673/', NULL, 20, '{\"activeIcon\":\"\",\"activePath\":\"\",\"affixTab\":null,\"authority\":[],\"badge\":\"\",\"badgeType\":\"\",\"badgeVariants\":\"\",\"component\":\"\",\"fullPathKey\":null,\"hideChildrenInMenu\":null,\"hideInBreadcrumb\":null,\"hideInMenu\":null,\"hideInTab\":null,\"icon\":\"carbon:ibm-software-watsonx-document-library\",\"iframeSrc\":\"\",\"ignoreAccess\":null,\"keepAlive\":true,\"link\":\"\",\"menuVisibleWithForbidden\":null,\"openInNewWindow\":null,\"title\":\"文档管理\"}', 11, '2025-08-13 23:14:14.955', 11, '2025-08-13 23:14:14.955', 680083598598475778, 1762181380548);
INSERT INTO `mdc_resource_menu` (`id`, `app_id`, `code`, `name`, `menu_type`, `remarks`, `path`, `component`, `redirect`, `state`, `tree_path`, `parent_id`, `weight`, `meta`, `created_by`, `created_at`, `updated_by`, `updated_at`, `deleted_by`, `deleted_at`) VALUES (665712328788380674, 3, 'open:application:list', '应用列表', '20', '', '/application/list', '/open/app/app/index', '', b'1', '/665712328788380672/665712328788380674/', 665712328788380672, 1, '{\"activeIcon\":\"\",\"activePath\":\"\",\"affixTab\":null,\"authority\":[],\"badge\":\"\",\"badgeType\":\"\",\"badgeVariants\":\"\",\"component\":\"\",\"fullPathKey\":null,\"hideChildrenInMenu\":null,\"hideInBreadcrumb\":null,\"hideInMenu\":null,\"hideInTab\":null,\"icon\":\"carbon:app\",\"iframeSrc\":\"\",\"ignoreAccess\":null,\"keepAlive\":true,\"link\":\"\",\"menuVisibleWithForbidden\":null,\"openInNewWindow\":null,\"title\":\"应用列表\"}', 11, '2025-08-13 23:16:26.521', 11, '2025-08-13 23:21:56.369', 680083598598475778, 1762181380534);
INSERT INTO `mdc_resource_menu` (`id`, `app_id`, `code`, `name`, `menu_type`, `remarks`, `path`, `component`, `redirect`, `state`, `tree_path`, `parent_id`, `weight`, `meta`, `created_by`, `created_at`, `updated_by`, `updated_at`, `deleted_by`, `deleted_at`) VALUES (665712328788380675, 3, 'open:application:apply', '应用审核', '20', '', '/application/apply', '/open/app/apply/index', '', b'1', '/665712328788380672/665712328788380675/', 665712328788380672, 2, '{\"activeIcon\":\"\",\"activePath\":\"\",\"affixTab\":null,\"authority\":[],\"badge\":\"\",\"badgeType\":\"\",\"badgeVariants\":\"\",\"component\":\"\",\"fullPathKey\":null,\"hideChildrenInMenu\":null,\"hideInBreadcrumb\":null,\"hideInMenu\":null,\"hideInTab\":null,\"icon\":\"carbon:task-approved\",\"iframeSrc\":\"\",\"ignoreAccess\":null,\"keepAlive\":true,\"link\":\"\",\"menuVisibleWithForbidden\":null,\"openInNewWindow\":null,\"title\":\"应用审核\"}', 11, '2025-08-13 23:18:21.727', 11, '2025-08-13 23:22:55.940', 680083598598475778, 1762181380534);
INSERT INTO `mdc_resource_menu` (`id`, `app_id`, `code`, `name`, `menu_type`, `remarks`, `path`, `component`, `redirect`, `state`, `tree_path`, `parent_id`, `weight`, `meta`, `created_by`, `created_at`, `updated_by`, `updated_at`, `deleted_by`, `deleted_at`) VALUES (665712328788380676, 3, 'open:doc:list', '文档列表', '20', '', '/doc/list', '/open/doc/doc/index', '', b'1', '/665712328788380673/665712328788380676/', 665712328788380673, 1, '{\"activeIcon\":\"\",\"activePath\":\"\",\"affixTab\":null,\"authority\":[],\"badge\":\"\",\"badgeType\":\"\",\"badgeVariants\":\"\",\"component\":\"\",\"fullPathKey\":null,\"hideChildrenInMenu\":null,\"hideInBreadcrumb\":null,\"hideInMenu\":null,\"hideInTab\":null,\"icon\":\"carbon:doc\",\"iframeSrc\":\"\",\"ignoreAccess\":null,\"keepAlive\":true,\"link\":\"\",\"menuVisibleWithForbidden\":null,\"openInNewWindow\":null,\"title\":\"文档列表\"}', 11, '2025-08-13 23:19:46.817', 11, '2025-08-13 23:19:46.817', 680083598598475778, 1762181380548);
INSERT INTO `mdc_resource_menu` (`id`, `app_id`, `code`, `name`, `menu_type`, `remarks`, `path`, `component`, `redirect`, `state`, `tree_path`, `parent_id`, `weight`, `meta`, `created_by`, `created_at`, `updated_by`, `updated_at`, `deleted_by`, `deleted_at`) VALUES (665712328788380677, 3, 'open:doc:config', '文档配置', '20', '', '/doc/config', '/open/doc/docConfig/index', '', b'1', '/665712328788380673/665712328788380677/', 665712328788380673, 2, '{\"activeIcon\":\"\",\"activePath\":\"\",\"affixTab\":null,\"authority\":[],\"badge\":\"\",\"badgeType\":\"\",\"badgeVariants\":\"\",\"component\":\"\",\"fullPathKey\":null,\"hideChildrenInMenu\":null,\"hideInBreadcrumb\":null,\"hideInMenu\":null,\"hideInTab\":null,\"icon\":\"carbon:document-configuration\",\"iframeSrc\":\"\",\"ignoreAccess\":null,\"keepAlive\":true,\"link\":\"\",\"menuVisibleWithForbidden\":null,\"openInNewWindow\":null,\"title\":\"文档配置\"}', 11, '2025-08-13 23:20:47.734', 11, '2025-08-13 23:20:47.734', 680083598598475778, 1762181380548);
INSERT INTO `mdc_resource_menu` (`id`, `app_id`, `code`, `name`, `menu_type`, `remarks`, `path`, `component`, `redirect`, `state`, `tree_path`, `parent_id`, `weight`, `meta`, `created_by`, `created_at`, `updated_by`, `updated_at`, `deleted_by`, `deleted_at`) VALUES (665712328788380678, 3, 'open:doc:api', '接口管理', '20', '', '/doc/api', '/open/doc/api/index', '', b'1', '/665712328788380673/665712328788380678/', 665712328788380673, 3, '{\"activeIcon\":\"\",\"activePath\":\"\",\"affixTab\":null,\"authority\":[],\"badge\":\"\",\"badgeType\":\"\",\"badgeVariants\":\"\",\"component\":\"\",\"fullPathKey\":null,\"hideChildrenInMenu\":null,\"hideInBreadcrumb\":null,\"hideInMenu\":null,\"hideInTab\":null,\"icon\":\"carbon:api-1\",\"iframeSrc\":\"\",\"ignoreAccess\":null,\"keepAlive\":true,\"link\":\"\",\"menuVisibleWithForbidden\":null,\"openInNewWindow\":null,\"title\":\"接口管理\"}', 11, '2025-08-13 23:21:43.286', 11, '2025-08-13 23:21:43.286', 680083598598475778, 1762181380548);
INSERT INTO `mdc_resource_menu` (`id`, `app_id`, `code`, `name`, `menu_type`, `remarks`, `path`, `component`, `redirect`, `state`, `tree_path`, `parent_id`, `weight`, `meta`, `created_by`, `created_at`, `updated_by`, `updated_at`, `deleted_by`, `deleted_at`) VALUES (676103409455534080, 2, 'console:organization', '组织架构', '10', '', '/organization', 'LAYOUT', '', b'1', '/676103409455534080/', NULL, 1000, '{\"activeIcon\":\"\",\"activePath\":\"\",\"affixTab\":null,\"authority\":[],\"badge\":\"\",\"badgeType\":\"\",\"badgeVariants\":\"\",\"component\":\"\",\"fullPathKey\":null,\"hideChildrenInMenu\":null,\"hideInBreadcrumb\":null,\"hideInMenu\":null,\"hideInTab\":null,\"icon\":\"carbon:column-dependency\",\"iframeSrc\":\"\",\"ignoreAccess\":null,\"keepAlive\":true,\"link\":\"\",\"menuVisibleWithForbidden\":null,\"openInNewWindow\":null,\"title\":\"组织架构\"}', 11, '2025-09-10 23:17:25.243', 11, '2025-09-10 23:17:25.243', NULL, 0);
INSERT INTO `mdc_resource_menu` (`id`, `app_id`, `code`, `name`, `menu_type`, `remarks`, `path`, `component`, `redirect`, `state`, `tree_path`, `parent_id`, `weight`, `meta`, `created_by`, `created_at`, `updated_by`, `updated_at`, `deleted_by`, `deleted_at`) VALUES (676103409455534081, 2, 'console:organization:org', '组织管理', '20', '', '/organization/org', '/console/organization/org/index', '', b'1', '/676103409455534080/676103409455534081/', 676103409455534080, 1, '{\"activeIcon\":\"\",\"activePath\":\"\",\"affixTab\":null,\"authority\":[],\"badge\":\"\",\"badgeType\":\"\",\"badgeVariants\":\"\",\"component\":\"\",\"fullPathKey\":null,\"hideChildrenInMenu\":null,\"hideInBreadcrumb\":null,\"hideInMenu\":null,\"hideInTab\":null,\"icon\":\"carbon:load-balancer-vpc\",\"iframeSrc\":\"\",\"ignoreAccess\":null,\"keepAlive\":true,\"link\":\"\",\"menuVisibleWithForbidden\":null,\"openInNewWindow\":null,\"title\":\"组织管理\"}', 11, '2025-09-10 23:21:34.963', 11, '2025-09-10 23:21:34.963', NULL, 0);
INSERT INTO `mdc_resource_menu` (`id`, `app_id`, `code`, `name`, `menu_type`, `remarks`, `path`, `component`, `redirect`, `state`, `tree_path`, `parent_id`, `weight`, `meta`, `created_by`, `created_at`, `updated_by`, `updated_at`, `deleted_by`, `deleted_at`) VALUES (676103409455534082, 2, 'console:organization:postion', '岗位管理', '20', '', '/organization/position', '/console/organization/position/index', '', b'1', '/676103409455534080/676103409455534082/', 676103409455534080, 2, '{\"activeIcon\":\"\",\"activePath\":\"\",\"affixTab\":null,\"authority\":[],\"badge\":\"\",\"badgeType\":\"\",\"badgeVariants\":\"\",\"component\":\"\",\"fullPathKey\":null,\"hideChildrenInMenu\":null,\"hideInBreadcrumb\":null,\"hideInMenu\":null,\"hideInTab\":null,\"icon\":\"carbon:user-data\",\"iframeSrc\":\"\",\"ignoreAccess\":null,\"keepAlive\":true,\"link\":\"\",\"menuVisibleWithForbidden\":null,\"openInNewWindow\":null,\"title\":\"岗位管理\"}', 11, '2025-09-10 23:23:11.682', 11, '2025-09-10 23:23:11.682', NULL, 0);
INSERT INTO `mdc_resource_menu` (`id`, `app_id`, `code`, `name`, `menu_type`, `remarks`, `path`, `component`, `redirect`, `state`, `tree_path`, `parent_id`, `weight`, `meta`, `created_by`, `created_at`, `updated_by`, `updated_at`, `deleted_by`, `deleted_at`) VALUES (676103409455534083, 2, 'console:organization:user', '用户管理', '20', '', '/organization/user', '/console/organization/user/index', '', b'1', '/676103409455534080/676103409455534083/', 676103409455534080, 3, '{\"activeIcon\":\"\",\"activePath\":\"\",\"affixTab\":null,\"authority\":[],\"badge\":\"\",\"badgeType\":\"\",\"badgeVariants\":\"\",\"component\":\"\",\"fullPathKey\":null,\"hideChildrenInMenu\":null,\"hideInBreadcrumb\":null,\"hideInMenu\":null,\"hideInTab\":null,\"icon\":\"carbon:user-avatar\",\"iframeSrc\":\"\",\"ignoreAccess\":null,\"keepAlive\":true,\"link\":\"\",\"menuVisibleWithForbidden\":null,\"openInNewWindow\":null,\"title\":\"用户管理\"}', 11, '2025-09-10 23:23:54.524', 11, '2025-09-10 23:23:54.524', NULL, 0);
INSERT INTO `mdc_resource_menu` (`id`, `app_id`, `code`, `name`, `menu_type`, `remarks`, `path`, `component`, `redirect`, `state`, `tree_path`, `parent_id`, `weight`, `meta`, `created_by`, `created_at`, `updated_by`, `updated_at`, `deleted_by`, `deleted_at`) VALUES (693083240537805824, 2, 'open:admin', '开放平台', '10', '', '/manage', 'LAYOUT', '', b'1', '/693083240537805824/', NULL, 10000, '{\"activeIcon\":\"\",\"activePath\":\"\",\"affixTab\":null,\"authority\":[],\"badge\":\"\",\"badgeType\":\"\",\"badgeVariants\":\"\",\"component\":\"\",\"fullPathKey\":null,\"hideChildrenInMenu\":null,\"hideInBreadcrumb\":null,\"hideInMenu\":null,\"hideInTab\":null,\"icon\":\"carbon:folder-open\",\"iframeSrc\":\"\",\"ignoreAccess\":null,\"keepAlive\":true,\"link\":\"\",\"menuVisibleWithForbidden\":null,\"openInNewWindow\":null,\"title\":\"开放平台\"}', 680083598598475778, '2025-10-26 17:20:24.111', 680083598598475778, '2025-10-26 17:21:37.840', NULL, 0);
INSERT INTO `mdc_resource_menu` (`id`, `app_id`, `code`, `name`, `menu_type`, `remarks`, `path`, `component`, `redirect`, `state`, `tree_path`, `parent_id`, `weight`, `meta`, `created_by`, `created_at`, `updated_by`, `updated_at`, `deleted_by`, `deleted_at`) VALUES (693083240537805825, 2, 'open:admin:app', '应用管理', '20', '', '/manage/app', '/open/admin/app/index', '', b'1', '/693083240537805824/693083240537805825/', 693083240537805824, 10, '{\"activeIcon\":\"\",\"activePath\":\"\",\"affixTab\":null,\"authority\":[],\"badge\":\"\",\"badgeType\":\"\",\"badgeVariants\":\"\",\"component\":\"\",\"fullPathKey\":null,\"hideChildrenInMenu\":null,\"hideInBreadcrumb\":null,\"hideInMenu\":null,\"hideInTab\":null,\"icon\":\"ant-design:appstore-add\",\"iframeSrc\":\"\",\"ignoreAccess\":null,\"ignoreLogin\":null,\"keepAlive\":true,\"link\":\"\",\"menuVisibleWithForbidden\":null,\"openInNewWindow\":null,\"title\":\"应用管理\"}', 680083598598475778, '2025-10-26 17:21:21.159', 680083598598475778, '2025-11-27 03:40:12.367', NULL, 0);
INSERT INTO `mdc_resource_menu` (`id`, `app_id`, `code`, `name`, `menu_type`, `remarks`, `path`, `component`, `redirect`, `state`, `tree_path`, `parent_id`, `weight`, `meta`, `created_by`, `created_at`, `updated_by`, `updated_at`, `deleted_by`, `deleted_at`) VALUES (694452411687278593, 2, 'open:admin:api', '开放接口', '20', '', '/manage/api', '/open/admin/api/index', '', b'1', '/693083240537805824/694452411687278593/', 693083240537805824, 20, '{\"activeIcon\":\"\",\"activePath\":\"\",\"affixTab\":null,\"authority\":[],\"badge\":\"\",\"badgeType\":\"\",\"badgeVariants\":\"\",\"component\":\"\",\"fullPathKey\":null,\"hideChildrenInMenu\":null,\"hideInBreadcrumb\":null,\"hideInMenu\":null,\"hideInTab\":null,\"icon\":\"ant-design:api-outlined\",\"iframeSrc\":\"\",\"ignoreAccess\":null,\"ignoreLogin\":null,\"keepAlive\":true,\"link\":\"\",\"menuVisibleWithForbidden\":null,\"openInNewWindow\":null,\"title\":\"开放接口\"}', 680083598598475778, '2025-10-30 11:21:01.098', 680083598598475778, '2025-11-27 03:40:40.700', NULL, 0);
INSERT INTO `mdc_resource_menu` (`id`, `app_id`, `code`, `name`, `menu_type`, `remarks`, `path`, `component`, `redirect`, `state`, `tree_path`, `parent_id`, `weight`, `meta`, `created_by`, `created_at`, `updated_by`, `updated_at`, `deleted_by`, `deleted_at`) VALUES (694452411687278594, 2, 'open:admin:doc', '接口文档', '20', '', '/manage/doc', '/open/admin/docInfo/index', '', b'1', '/693083240537805824/694452411687278594/', 693083240537805824, 30, '{\"activeIcon\":\"\",\"activePath\":\"\",\"affixTab\":null,\"authority\":[],\"badge\":\"\",\"badgeType\":\"\",\"badgeVariants\":\"\",\"component\":\"\",\"fullPathKey\":null,\"hideChildrenInMenu\":null,\"hideInBreadcrumb\":null,\"hideInMenu\":null,\"hideInTab\":null,\"icon\":\"carbon:document-attachment\",\"iframeSrc\":\"\",\"ignoreAccess\":null,\"ignoreLogin\":null,\"keepAlive\":true,\"link\":\"\",\"menuVisibleWithForbidden\":null,\"openInNewWindow\":null,\"title\":\"接口文档\"}', 680083598598475778, '2025-10-30 11:22:24.931', 680083598598475778, '2026-01-15 11:35:50.875', NULL, 0);
INSERT INTO `mdc_resource_menu` (`id`, `app_id`, `code`, `name`, `menu_type`, `remarks`, `path`, `component`, `redirect`, `state`, `tree_path`, `parent_id`, `weight`, `meta`, `created_by`, `created_at`, `updated_by`, `updated_at`, `deleted_by`, `deleted_at`) VALUES (694452411687278595, 2, 'open:admin:oauth2scope', 'Oauth2权限', '20', '', '/manage/scope', '/open/admin/oauthScope/index', '', b'1', '/693083240537805824/694452411687278595/', 693083240537805824, 40, '{\"activeIcon\":\"\",\"activePath\":\"\",\"affixTab\":null,\"authority\":[],\"badge\":\"\",\"badgeType\":\"\",\"badgeVariants\":\"\",\"component\":\"\",\"fullPathKey\":null,\"hideChildrenInMenu\":null,\"hideInBreadcrumb\":null,\"hideInMenu\":null,\"hideInTab\":null,\"icon\":\"carbon:text-vertical-alignment\",\"iframeSrc\":\"\",\"ignoreAccess\":null,\"ignoreLogin\":null,\"keepAlive\":true,\"link\":\"\",\"menuVisibleWithForbidden\":null,\"openInNewWindow\":null,\"title\":\"Oauth2权限\"}', 680083598598475778, '2025-10-30 11:26:55.331', 680083598598475778, '2025-11-27 03:40:36.398', NULL, 0);
INSERT INTO `mdc_resource_menu` (`id`, `app_id`, `code`, `name`, `menu_type`, `remarks`, `path`, `component`, `redirect`, `state`, `tree_path`, `parent_id`, `weight`, `meta`, `created_by`, `created_at`, `updated_by`, `updated_at`, `deleted_by`, `deleted_at`) VALUES (694452411687278596, 2, 'open:admin:group', '权限组', '20', '', '/manage/group', '/open/admin/scopeGroup/index', '', b'1', '/693083240537805824/694452411687278596/', 693083240537805824, 50, '{\"activeIcon\":\"\",\"activePath\":\"\",\"affixTab\":null,\"authority\":[],\"badge\":\"\",\"badgeType\":\"\",\"badgeVariants\":\"\",\"component\":\"\",\"fullPathKey\":null,\"hideChildrenInMenu\":null,\"hideInBreadcrumb\":null,\"hideInMenu\":null,\"hideInTab\":null,\"icon\":\"carbon:group-security\",\"iframeSrc\":\"\",\"ignoreAccess\":null,\"ignoreLogin\":null,\"keepAlive\":true,\"link\":\"\",\"menuVisibleWithForbidden\":null,\"openInNewWindow\":null,\"title\":\"权限组\"}', 680083598598475778, '2025-10-30 11:28:00.786', 680083598598475778, '2025-11-27 03:40:21.972', NULL, 0);
INSERT INTO `mdc_resource_menu` (`id`, `app_id`, `code`, `name`, `menu_type`, `remarks`, `path`, `component`, `redirect`, `state`, `tree_path`, `parent_id`, `weight`, `meta`, `created_by`, `created_at`, `updated_by`, `updated_at`, `deleted_by`, `deleted_at`) VALUES (696090808566726656, 3, 'open:client:index', '首页', '20', '', '/index', '/_core/home/index', '', b'1', '/696090808566726656/', NULL, 10, '{\"activeIcon\":\"\",\"activePath\":\"\",\"affixTab\":null,\"authority\":[],\"badge\":\"\",\"badgeType\":\"\",\"badgeVariants\":\"\",\"component\":\"\",\"fullPathKey\":null,\"hideChildrenInMenu\":null,\"hideInBreadcrumb\":null,\"hideInMenu\":null,\"hideInTab\":null,\"icon\":\"\",\"iframeSrc\":\"\",\"ignoreAccess\":false,\"ignoreLogin\":true,\"keepAlive\":true,\"link\":\"\",\"menuVisibleWithForbidden\":null,\"openInNewWindow\":null,\"title\":\"首页\"}', 680083598598475778, '2025-11-03 22:53:10.145', 680083598598475778, '2025-11-04 16:40:15.046', NULL, 0);
INSERT INTO `mdc_resource_menu` (`id`, `app_id`, `code`, `name`, `menu_type`, `remarks`, `path`, `component`, `redirect`, `state`, `tree_path`, `parent_id`, `weight`, `meta`, `created_by`, `created_at`, `updated_by`, `updated_at`, `deleted_by`, `deleted_at`) VALUES (696090808566726657, 3, 'open:client:application', '应用管理', '10', '', '/application', 'LAYOUT', '/application/list', b'1', '/696090808566726657/', NULL, 20, '{\"activeIcon\":\"\",\"activePath\":\"\",\"affixTab\":null,\"authority\":[],\"badge\":\"\",\"badgeType\":\"\",\"badgeVariants\":\"\",\"component\":\"\",\"fullPathKey\":null,\"hideChildrenInMenu\":null,\"hideInBreadcrumb\":null,\"hideInMenu\":null,\"hideInTab\":null,\"icon\":\"\",\"iframeSrc\":\"\",\"ignoreAccess\":null,\"ignoreLogin\":null,\"keepAlive\":true,\"link\":\"\",\"menuVisibleWithForbidden\":null,\"openInNewWindow\":null,\"title\":\"应用管理\"}', 680083598598475778, '2025-11-03 22:56:33.267', 680083598598475778, '2025-11-08 23:47:18.916', NULL, 0);
INSERT INTO `mdc_resource_menu` (`id`, `app_id`, `code`, `name`, `menu_type`, `remarks`, `path`, `component`, `redirect`, `state`, `tree_path`, `parent_id`, `weight`, `meta`, `created_by`, `created_at`, `updated_by`, `updated_at`, `deleted_by`, `deleted_at`) VALUES (696090808566726658, 3, 'open:client:applicationApply', '应用申请', '20', '', '/apply', '/open/client/appApply/index', '', b'1', '/696090808566726658/', NULL, 30, '{\"activeIcon\":\"\",\"activePath\":\"\",\"affixTab\":null,\"authority\":[],\"badge\":\"\",\"badgeType\":\"\",\"badgeVariants\":\"\",\"component\":\"\",\"fullPathKey\":null,\"hideChildrenInMenu\":null,\"hideInBreadcrumb\":null,\"hideInMenu\":null,\"hideInTab\":null,\"icon\":\"\",\"iframeSrc\":\"\",\"ignoreAccess\":null,\"keepAlive\":true,\"link\":\"\",\"menuVisibleWithForbidden\":null,\"openInNewWindow\":null,\"title\":\"应用申请\"}', 680083598598475778, '2025-11-03 22:57:52.298', 680083598598475778, '2025-11-03 22:57:52.298', NULL, 0);
INSERT INTO `mdc_resource_menu` (`id`, `app_id`, `code`, `name`, `menu_type`, `remarks`, `path`, `component`, `redirect`, `state`, `tree_path`, `parent_id`, `weight`, `meta`, `created_by`, `created_at`, `updated_by`, `updated_at`, `deleted_by`, `deleted_at`) VALUES (696090808566726659, 3, 'open:client:doc', '开发文档', '10', '', '/doc', 'LAYOUT', '/doc/index', b'1', '/696090808566726659/', NULL, 40, '{\"activeIcon\":\"\",\"activePath\":\"\",\"affixTab\":null,\"authority\":[],\"badge\":\"\",\"badgeType\":\"\",\"badgeVariants\":\"\",\"component\":\"\",\"fullPathKey\":null,\"hideChildrenInMenu\":null,\"hideInBreadcrumb\":null,\"hideInMenu\":null,\"hideInTab\":null,\"icon\":\"\",\"iframeSrc\":\"\",\"ignoreAccess\":null,\"ignoreLogin\":true,\"keepAlive\":true,\"link\":\"\",\"menuVisibleWithForbidden\":null,\"openInNewWindow\":null,\"title\":\"开发文档\"}', 680083598598475778, '2025-11-03 23:04:19.566', 680083598598475778, '2025-11-04 16:41:32.110', NULL, 0);
INSERT INTO `mdc_resource_menu` (`id`, `app_id`, `code`, `name`, `menu_type`, `remarks`, `path`, `component`, `redirect`, `state`, `tree_path`, `parent_id`, `weight`, `meta`, `created_by`, `created_at`, `updated_by`, `updated_at`, `deleted_by`, `deleted_at`) VALUES (696090808566726660, 3, 'open:client:doc:info', '文档', '20', '', '/doc/index', '/open/client/doc/index', '', b'1', '/696090808566726659/696090808566726660/', 696090808566726659, 1, '{\"activeIcon\":\"\",\"activePath\":\"/doc\",\"affixTab\":null,\"authority\":[],\"badge\":\"\",\"badgeType\":\"\",\"badgeVariants\":\"\",\"component\":\"\",\"fullPathKey\":null,\"hideChildrenInMenu\":null,\"hideInBreadcrumb\":null,\"hideInMenu\":true,\"hideInTab\":null,\"icon\":\"\",\"iframeSrc\":\"\",\"ignoreAccess\":false,\"ignoreLogin\":true,\"keepAlive\":true,\"link\":\"\",\"menuVisibleWithForbidden\":null,\"openInNewWindow\":null,\"title\":\"开发文档\"}', 680083598598475778, '2025-11-03 23:06:37.074', 680083598598475778, '2025-11-04 20:57:11.557', NULL, 0);
INSERT INTO `mdc_resource_menu` (`id`, `app_id`, `code`, `name`, `menu_type`, `remarks`, `path`, `component`, `redirect`, `state`, `tree_path`, `parent_id`, `weight`, `meta`, `created_by`, `created_at`, `updated_by`, `updated_at`, `deleted_by`, `deleted_at`) VALUES (696090808566726661, 3, 'open:client:doc:sign', '签名算法', '20', '', '/doc/sign', '/open/client/sign/index', '', b'1', '/696090808566726659/696090808566726661/', 696090808566726659, 2, '{\"activeIcon\":\"\",\"activePath\":\"/doc\",\"affixTab\":null,\"authority\":[],\"badge\":\"\",\"badgeType\":\"\",\"badgeVariants\":\"\",\"component\":\"\",\"fullPathKey\":null,\"hideChildrenInMenu\":null,\"hideInBreadcrumb\":null,\"hideInMenu\":true,\"hideInTab\":null,\"icon\":\"\",\"iframeSrc\":\"\",\"ignoreAccess\":false,\"ignoreLogin\":true,\"keepAlive\":true,\"link\":\"\",\"menuVisibleWithForbidden\":null,\"openInNewWindow\":null,\"title\":\"签名算法\"}', 680083598598475778, '2025-11-03 23:07:37.117', 680083598598475778, '2025-11-04 20:57:17.043', NULL, 0);
INSERT INTO `mdc_resource_menu` (`id`, `app_id`, `code`, `name`, `menu_type`, `remarks`, `path`, `component`, `redirect`, `state`, `tree_path`, `parent_id`, `weight`, `meta`, `created_by`, `created_at`, `updated_by`, `updated_at`, `deleted_by`, `deleted_at`) VALUES (696090808566726662, 3, 'open:client:doc:code', '全局响应码', '20', '', '/doc/code', '/open/client/code/index', '', b'1', '/696090808566726659/696090808566726662/', 696090808566726659, 3, '{\"activeIcon\":\"\",\"activePath\":\"/doc\",\"affixTab\":null,\"authority\":[],\"badge\":\"\",\"badgeType\":\"\",\"badgeVariants\":\"\",\"component\":\"\",\"fullPathKey\":null,\"hideChildrenInMenu\":null,\"hideInBreadcrumb\":null,\"hideInMenu\":true,\"hideInTab\":null,\"icon\":\"\",\"iframeSrc\":\"\",\"ignoreAccess\":false,\"ignoreLogin\":true,\"keepAlive\":true,\"link\":\"\",\"menuVisibleWithForbidden\":null,\"openInNewWindow\":null,\"title\":\"全局响应码\"}', 680083598598475778, '2025-11-03 23:08:28.146', 680083598598475778, '2025-11-04 20:57:21.308', NULL, 0);
INSERT INTO `mdc_resource_menu` (`id`, `app_id`, `code`, `name`, `menu_type`, `remarks`, `path`, `component`, `redirect`, `state`, `tree_path`, `parent_id`, `weight`, `meta`, `created_by`, `created_at`, `updated_by`, `updated_at`, `deleted_by`, `deleted_at`) VALUES (698004963821419520, 3, 'open:client:application:list', '应用列表', '20', '', '/application/list', '/open/client/app/index', '', b'1', '/696090808566726657/698004963821419520/', 696090808566726657, 1, '{\"activeIcon\":\"\",\"activePath\":\"\",\"affixTab\":null,\"authority\":[],\"badge\":\"\",\"badgeType\":\"\",\"badgeVariants\":\"\",\"component\":\"\",\"fullPathKey\":null,\"hideChildrenInMenu\":null,\"hideInBreadcrumb\":null,\"hideInMenu\":true,\"hideInTab\":null,\"icon\":\"\",\"iframeSrc\":\"\",\"ignoreAccess\":null,\"ignoreLogin\":false,\"keepAlive\":true,\"link\":\"\",\"menuVisibleWithForbidden\":null,\"openInNewWindow\":null,\"title\":\"应用列表\"}', 680083598598475778, '2025-11-08 23:47:05.996', 680083598598475778, '2025-11-08 23:49:19.357', NULL, 0);
INSERT INTO `mdc_resource_menu` (`id`, `app_id`, `code`, `name`, `menu_type`, `remarks`, `path`, `component`, `redirect`, `state`, `tree_path`, `parent_id`, `weight`, `meta`, `created_by`, `created_at`, `updated_by`, `updated_at`, `deleted_by`, `deleted_at`) VALUES (698004963821419521, 3, 'open:client:application:', '应用详情', '20', '', '/application/view/:id', '/open/client/app/modules/view', '', b'1', '/696090808566726657/698004963821419521/', 696090808566726657, 2, '{\"activeIcon\":\"\",\"activePath\":\"\",\"affixTab\":null,\"authority\":[],\"badge\":\"\",\"badgeType\":\"\",\"badgeVariants\":\"\",\"component\":\"\",\"fullPathKey\":null,\"hideChildrenInMenu\":null,\"hideInBreadcrumb\":null,\"hideInMenu\":true,\"hideInTab\":null,\"icon\":\"\",\"iframeSrc\":\"\",\"ignoreAccess\":null,\"ignoreLogin\":null,\"keepAlive\":true,\"link\":\"\",\"menuVisibleWithForbidden\":null,\"openInNewWindow\":null,\"title\":\"应用详情\"}', 680083598598475778, '2025-11-08 23:48:34.955', 680083598598475778, '2025-11-08 23:56:19.501', NULL, 0);
COMMIT;

-- ----------------------------
-- Table structure for mdc_resource_uri
-- ----------------------------
DROP TABLE IF EXISTS `mdc_resource_uri`;
CREATE TABLE `mdc_resource_uri` (
  `id` bigint NOT NULL COMMENT 'ID',
  `menu_id` bigint NOT NULL COMMENT '所属菜单',
  `application_name` varchar(255) CHARACTER SET utf8mb4 COLLATE utf8mb4_general_ci NOT NULL COMMENT '所属应用',
  `controller` varchar(255) CHARACTER SET utf8mb4 COLLATE utf8mb4_general_ci NOT NULL COMMENT '类名',
  `name` varchar(255) CHARACTER SET utf8mb4 COLLATE utf8mb4_general_ci NOT NULL DEFAULT '' COMMENT '接口名',
  `uri` varchar(255) CHARACTER SET utf8mb4 COLLATE utf8mb4_general_ci DEFAULT '1' COMMENT '接口地址',
  `request_method` varchar(255) CHARACTER SET utf8mb4 COLLATE utf8mb4_general_ci DEFAULT '' COMMENT '请求方式',
  `is_input` bit(1) DEFAULT b'0' COMMENT '手动录入',
  `created_by` bigint DEFAULT NULL COMMENT '创建人id',
  `created_at` datetime(3) NOT NULL COMMENT '创建时间',
  PRIMARY KEY (`id`) USING BTREE,
  UNIQUE KEY `uk_resource_code` (`controller`) USING BTREE
) ENGINE=InnoDB DEFAULT CHARSET=utf8mb4 COLLATE=utf8mb4_general_ci COMMENT='接口权限';

-- ----------------------------
-- Records of mdc_resource_uri
-- ----------------------------
BEGIN;
COMMIT;

-- ----------------------------
-- Table structure for mdc_role
-- ----------------------------
DROP TABLE IF EXISTS `mdc_role`;
CREATE TABLE `mdc_role` (
  `id` bigint NOT NULL COMMENT 'ID',
  `code` varchar(255) CHARACTER SET utf8mb4 COLLATE utf8mb4_general_ci NOT NULL COMMENT '角色编码',
  `name` varchar(255) CHARACTER SET utf8mb4 COLLATE utf8mb4_general_ci NOT NULL DEFAULT '' COMMENT '角色名称',
  `role_category` char(2) CHARACTER SET utf8mb4 COLLATE utf8mb4_general_ci DEFAULT '10' COMMENT '角色分类\n[10-普通角色 20-管理员角色 30-权限集合]',
  `role_type` char(2) CHARACTER SET utf8mb4 COLLATE utf8mb4_general_ci NOT NULL DEFAULT '10' COMMENT '角色类型\n[10-功能角色 20-桌面角色 30-数据角色]',
  `org_nature` int DEFAULT '1' COMMENT '组织性质\n[1-默认 90-开发者 99-运维]',
  `template_role` bit(1) NOT NULL DEFAULT b'0' COMMENT '是否模版',
  `remarks` varchar(255) CHARACTER SET utf8mb4 COLLATE utf8mb4_general_ci DEFAULT NULL COMMENT '说明',
  `state` bit(1) NOT NULL DEFAULT b'0' COMMENT '状态\n[0-禁用 1-启用]',
  `created_by` bigint DEFAULT NULL COMMENT '创建人id',
  `created_at` datetime(3) NOT NULL COMMENT '创建时间',
  `updated_by` bigint DEFAULT NULL COMMENT '更新人id',
  `updated_at` datetime(3) NOT NULL COMMENT '更新时间',
  `deleted_by` bigint DEFAULT NULL COMMENT '删除人',
  `deleted_at` bigint NOT NULL DEFAULT '0' COMMENT '删除标志',
  PRIMARY KEY (`id`) USING BTREE,
  UNIQUE KEY `uk_code_delete` (`role_category`,`code`,`deleted_by`) USING BTREE,
  KEY `idx_id_state` (`id`,`state`)
) ENGINE=InnoDB DEFAULT CHARSET=utf8mb4 COLLATE=utf8mb4_general_ci COMMENT='角色';

-- ----------------------------
-- Records of mdc_role
-- ----------------------------
BEGIN;
INSERT INTO `mdc_role` (`id`, `code`, `name`, `role_category`, `role_type`, `org_nature`, `template_role`, `remarks`, `state`, `created_by`, `created_at`, `updated_by`, `updated_at`, `deleted_by`, `deleted_at`) VALUES (1, 'OPERATIONS_ADMIN', '运维管理员', '20', '10', 99, b'1', '内置的最大权限管理员，一般用于给其他管理员分配权限。', b'1', 1, '2025-11-11 11:11:11.000', 680083598598475778, '2025-12-07 16:27:48.976', NULL, 0);
INSERT INTO `mdc_role` (`id`, `code`, `name`, `role_category`, `role_type`, `org_nature`, `template_role`, `remarks`, `state`, `created_by`, `created_at`, `updated_by`, `updated_at`, `deleted_by`, `deleted_at`) VALUES (29685645719521280, 'OPERATIONS_ADMIN', '运维管理员权限集合', '30', '10', 99, b'1', '用于配置 内置的运维管理员 能分配什么权限。', b'1', 680083598598475778, '2025-12-03 23:55:56.347', 680083598598475778, '2025-12-07 16:39:22.038', NULL, 0);
INSERT INTO `mdc_role` (`id`, `code`, `name`, `role_category`, `role_type`, `org_nature`, `template_role`, `remarks`, `state`, `created_by`, `created_at`, `updated_by`, `updated_at`, `deleted_by`, `deleted_at`) VALUES (30589663320895491, 'ADMIN', '管理员', '10', '10', 1, b'0', '普通公司的内置管理员', b'1', 680083598598475778, '2025-12-07 16:25:14.726', 680083598598475778, '2025-12-07 16:25:14.726', NULL, 0);
INSERT INTO `mdc_role` (`id`, `code`, `name`, `role_category`, `role_type`, `org_nature`, `template_role`, `remarks`, `state`, `created_by`, `created_at`, `updated_by`, `updated_at`, `deleted_by`, `deleted_at`) VALUES (30589663320895492, 'DEVELOPER_ADMIN', '开发者审核管理员模板', '20', '10', 90, b'1', '开发者审核管理员最大权限', b'1', 680083598598475778, '2025-12-07 16:45:06.064', 680083598598475778, '2025-12-07 16:45:06.064', NULL, 0);
INSERT INTO `mdc_role` (`id`, `code`, `name`, `role_category`, `role_type`, `org_nature`, `template_role`, `remarks`, `state`, `created_by`, `created_at`, `updated_by`, `updated_at`, `deleted_by`, `deleted_at`) VALUES (30589663320895493, 'DEVELOPER_USER', '开发者普通用户', '20', '10', 90, b'1', '自主注册的开发者，内置角色', b'1', 680083598598475778, '2025-12-07 16:45:41.534', 680083598598475778, '2025-12-07 16:45:41.534', NULL, 0);
INSERT INTO `mdc_role` (`id`, `code`, `name`, `role_category`, `role_type`, `org_nature`, `template_role`, `remarks`, `state`, `created_by`, `created_at`, `updated_by`, `updated_at`, `deleted_by`, `deleted_at`) VALUES (30589663320895494, 'DEFAULT_USER', '默认用户', '10', '10', 1, b'0', '新注册的用户内置角色', b'1', 680083598598475778, '2025-12-07 16:46:47.648', 680083598598475778, '2025-12-07 16:46:47.648', NULL, 0);
INSERT INTO `mdc_role` (`id`, `code`, `name`, `role_category`, `role_type`, `org_nature`, `template_role`, `remarks`, `state`, `created_by`, `created_at`, `updated_by`, `updated_at`, `deleted_by`, `deleted_at`) VALUES (31339294027844608, 'ADMIN', '管理员权限集合', '30', '10', 1, b'1', '内置数据，请勿删除', b'1', 680083598598475778, '2025-12-08 10:52:55.457', 680083598598475778, '2025-12-08 10:52:55.457', NULL, 0);
INSERT INTO `mdc_role` (`id`, `code`, `name`, `role_category`, `role_type`, `org_nature`, `template_role`, `remarks`, `state`, `created_by`, `created_at`, `updated_by`, `updated_at`, `deleted_by`, `deleted_at`) VALUES (31339294027844609, 'DEVELOPER_ADMIN_COLL', '开发者管理员权限集合', '30', '10', 90, b'1', '内置角色，请勿删除', b'1', 680083598598475778, '2025-12-08 11:00:12.821', 680083598598475778, '2025-12-08 11:00:12.821', 680083598598475778, 1765164248447);
COMMIT;

-- ----------------------------
-- Table structure for mdc_role_app_rel
-- ----------------------------
DROP TABLE IF EXISTS `mdc_role_app_rel`;
CREATE TABLE `mdc_role_app_rel` (
  `id` bigint NOT NULL COMMENT 'ID',
  `role_id` bigint NOT NULL COMMENT '所属角色',
  `app_id` bigint NOT NULL COMMENT '所属应用',
  `created_by` bigint DEFAULT NULL COMMENT '创建人id',
  `created_at` datetime(3) NOT NULL COMMENT '创建时间',
  PRIMARY KEY (`id`) USING BTREE,
  UNIQUE KEY `uk_role_app` (`role_id`,`app_id`) USING BTREE
) ENGINE=InnoDB DEFAULT CHARSET=utf8mb4 COLLATE=utf8mb4_general_ci COMMENT='角色应用关联';

-- ----------------------------
-- Records of mdc_role_app_rel
-- ----------------------------
BEGIN;
INSERT INTO `mdc_role_app_rel` (`id`, `role_id`, `app_id`, `created_by`, `created_at`) VALUES (3, 2, 3, NULL, '2025-11-11 22:22:22.000');
INSERT INTO `mdc_role_app_rel` (`id`, `role_id`, `app_id`, `created_by`, `created_at`) VALUES (31181780397227010, 30589663320895491, 1, 680083598598475778, '2025-12-08 09:14:04.372');
INSERT INTO `mdc_role_app_rel` (`id`, `role_id`, `app_id`, `created_by`, `created_at`) VALUES (31323260914926592, 29685645719521280, 1, 680083598598475778, '2025-12-08 09:56:14.547');
INSERT INTO `mdc_role_app_rel` (`id`, `role_id`, `app_id`, `created_by`, `created_at`) VALUES (31323260914926593, 29685645719521280, 2, 680083598598475778, '2025-12-08 09:56:21.508');
INSERT INTO `mdc_role_app_rel` (`id`, `role_id`, `app_id`, `created_by`, `created_at`) VALUES (31323260914926594, 29685645719521280, 3, 680083598598475778, '2025-12-08 09:56:21.508');
INSERT INTO `mdc_role_app_rel` (`id`, `role_id`, `app_id`, `created_by`, `created_at`) VALUES (31334350520485888, 30589663320895491, 2, 680083598598475778, '2025-12-08 10:38:13.294');
INSERT INTO `mdc_role_app_rel` (`id`, `role_id`, `app_id`, `created_by`, `created_at`) VALUES (31334350520485889, 30589663320895491, 3, 680083598598475778, '2025-12-08 10:38:13.303');
INSERT INTO `mdc_role_app_rel` (`id`, `role_id`, `app_id`, `created_by`, `created_at`) VALUES (31339294027844610, 29685645719521280, 4, 680083598598475778, '2025-12-08 11:04:19.701');
INSERT INTO `mdc_role_app_rel` (`id`, `role_id`, `app_id`, `created_by`, `created_at`) VALUES (31339294027844611, 29685645719521280, 5, 680083598598475778, '2025-12-08 11:04:19.706');
INSERT INTO `mdc_role_app_rel` (`id`, `role_id`, `app_id`, `created_by`, `created_at`) VALUES (31339294027844669, 31339294027844608, 1, 680083598598475778, '2025-12-08 11:04:49.503');
INSERT INTO `mdc_role_app_rel` (`id`, `role_id`, `app_id`, `created_by`, `created_at`) VALUES (31339294027844670, 31339294027844608, 2, 680083598598475778, '2025-12-08 11:04:49.504');
INSERT INTO `mdc_role_app_rel` (`id`, `role_id`, `app_id`, `created_by`, `created_at`) VALUES (31339294027844713, 1, 1, 680083598598475778, '2025-12-08 11:06:33.964');
INSERT INTO `mdc_role_app_rel` (`id`, `role_id`, `app_id`, `created_by`, `created_at`) VALUES (31339294027844714, 1, 2, 680083598598475778, '2025-12-08 11:06:33.965');
INSERT INTO `mdc_role_app_rel` (`id`, `role_id`, `app_id`, `created_by`, `created_at`) VALUES (31339294027844715, 1, 3, 680083598598475778, '2025-12-08 11:06:33.965');
INSERT INTO `mdc_role_app_rel` (`id`, `role_id`, `app_id`, `created_by`, `created_at`) VALUES (31339294027844716, 1, 4, 680083598598475778, '2025-12-08 11:06:33.966');
INSERT INTO `mdc_role_app_rel` (`id`, `role_id`, `app_id`, `created_by`, `created_at`) VALUES (31339294027844717, 1, 5, 680083598598475778, '2025-12-08 11:06:33.966');
INSERT INTO `mdc_role_app_rel` (`id`, `role_id`, `app_id`, `created_by`, `created_at`) VALUES (31339294027844777, 30589663320895492, 1, 680083598598475778, '2025-12-08 11:17:43.061');
INSERT INTO `mdc_role_app_rel` (`id`, `role_id`, `app_id`, `created_by`, `created_at`) VALUES (31339294027844778, 30589663320895492, 2, 680083598598475778, '2025-12-08 11:17:43.062');
INSERT INTO `mdc_role_app_rel` (`id`, `role_id`, `app_id`, `created_by`, `created_at`) VALUES (31339294027844792, 30589663320895493, 1, 680083598598475778, '2025-12-08 11:18:23.739');
INSERT INTO `mdc_role_app_rel` (`id`, `role_id`, `app_id`, `created_by`, `created_at`) VALUES (31339294027844793, 30589663320895493, 3, 680083598598475778, '2025-12-08 11:18:23.739');
COMMIT;

-- ----------------------------
-- Table structure for mdc_role_resource_rel
-- ----------------------------
DROP TABLE IF EXISTS `mdc_role_resource_rel`;
CREATE TABLE `mdc_role_resource_rel` (
  `id` bigint NOT NULL COMMENT 'ID',
  `role_id` bigint NOT NULL COMMENT '所属角色',
  `app_id` bigint NOT NULL COMMENT '应用ID',
  `resource_type` varchar(255) CHARACTER SET utf8mb4 COLLATE utf8mb4_general_ci NOT NULL DEFAULT '' COMMENT '资源类型',
  `resource_id` bigint NOT NULL COMMENT '所属资源',
  `created_by` bigint DEFAULT NULL COMMENT '创建人id',
  `created_at` datetime(3) NOT NULL COMMENT '创建时间',
  PRIMARY KEY (`id`) USING BTREE,
  UNIQUE KEY `uk_role_app_res` (`role_id`,`resource_id`,`app_id`) USING BTREE,
  KEY `idx_resource_app` (`resource_id`,`app_id`) USING BTREE
) ENGINE=InnoDB DEFAULT CHARSET=utf8mb4 COLLATE=utf8mb4_general_ci COMMENT='角色资源关联';

-- ----------------------------
-- Records of mdc_role_resource_rel
-- ----------------------------
BEGIN;
INSERT INTO `mdc_role_resource_rel` (`id`, `role_id`, `app_id`, `resource_type`, `resource_id`, `created_by`, `created_at`) VALUES (31339294027844659, 29685645719521280, 4, '', 661064637303128065, 680083598598475778, '2025-12-08 11:04:34.411');
INSERT INTO `mdc_role_resource_rel` (`id`, `role_id`, `app_id`, `resource_type`, `resource_id`, `created_by`, `created_at`) VALUES (31339294027844660, 29685645719521280, 4, '', 527679858080470016, 680083598598475778, '2025-12-08 11:04:34.411');
INSERT INTO `mdc_role_resource_rel` (`id`, `role_id`, `app_id`, `resource_type`, `resource_id`, `created_by`, `created_at`) VALUES (31339294027844661, 29685645719521280, 4, '', 661064637303128067, 680083598598475778, '2025-12-08 11:04:34.411');
INSERT INTO `mdc_role_resource_rel` (`id`, `role_id`, `app_id`, `resource_type`, `resource_id`, `created_by`, `created_at`) VALUES (31339294027844662, 29685645719521280, 4, '', 661253697468544002, 680083598598475778, '2025-12-08 11:04:34.412');
INSERT INTO `mdc_role_resource_rel` (`id`, `role_id`, `app_id`, `resource_type`, `resource_id`, `created_by`, `created_at`) VALUES (31339294027844663, 29685645719521280, 4, '', 29685645719521281, 680083598598475778, '2025-12-08 11:04:34.412');
INSERT INTO `mdc_role_resource_rel` (`id`, `role_id`, `app_id`, `resource_type`, `resource_id`, `created_by`, `created_at`) VALUES (31339294027844664, 29685645719521280, 4, '', 527679858080470018, 680083598598475778, '2025-12-08 11:04:34.412');
INSERT INTO `mdc_role_resource_rel` (`id`, `role_id`, `app_id`, `resource_type`, `resource_id`, `created_by`, `created_at`) VALUES (31339294027844665, 29685645719521280, 4, '', 527679858080470021, 680083598598475778, '2025-12-08 11:04:34.412');
INSERT INTO `mdc_role_resource_rel` (`id`, `role_id`, `app_id`, `resource_type`, `resource_id`, `created_by`, `created_at`) VALUES (31339294027844666, 29685645719521280, 4, '', 661253697468544000, 680083598598475778, '2025-12-08 11:04:34.412');
INSERT INTO `mdc_role_resource_rel` (`id`, `role_id`, `app_id`, `resource_type`, `resource_id`, `created_by`, `created_at`) VALUES (31339294027844667, 29685645719521280, 4, '', 527679858080470022, 680083598598475778, '2025-12-08 11:04:34.412');
INSERT INTO `mdc_role_resource_rel` (`id`, `role_id`, `app_id`, `resource_type`, `resource_id`, `created_by`, `created_at`) VALUES (31339294027844668, 29685645719521280, 4, '', 661253697468544001, 680083598598475778, '2025-12-08 11:04:34.412');
INSERT INTO `mdc_role_resource_rel` (`id`, `role_id`, `app_id`, `resource_type`, `resource_id`, `created_by`, `created_at`) VALUES (31339294027844671, 31339294027844608, 1, '', 665609434256865280, 680083598598475778, '2025-12-08 11:05:14.096');
INSERT INTO `mdc_role_resource_rel` (`id`, `role_id`, `app_id`, `resource_type`, `resource_id`, `created_by`, `created_at`) VALUES (31339294027844672, 31339294027844608, 1, '', 25101335066649600, 680083598598475778, '2025-12-08 11:05:14.096');
INSERT INTO `mdc_role_resource_rel` (`id`, `role_id`, `app_id`, `resource_type`, `resource_id`, `created_by`, `created_at`) VALUES (31339294027844673, 31339294027844608, 1, '', 665612754266586112, 680083598598475778, '2025-12-08 11:05:14.096');
INSERT INTO `mdc_role_resource_rel` (`id`, `role_id`, `app_id`, `resource_type`, `resource_id`, `created_by`, `created_at`) VALUES (31339294027844674, 31339294027844608, 1, '', 665612754266586113, 680083598598475778, '2025-12-08 11:05:14.096');
INSERT INTO `mdc_role_resource_rel` (`id`, `role_id`, `app_id`, `resource_type`, `resource_id`, `created_by`, `created_at`) VALUES (31339294027844675, 31339294027844608, 1, '', 665612754266586114, 680083598598475778, '2025-12-08 11:05:14.096');
INSERT INTO `mdc_role_resource_rel` (`id`, `role_id`, `app_id`, `resource_type`, `resource_id`, `created_by`, `created_at`) VALUES (31339294027844676, 31339294027844608, 1, '', 665612754266586115, 680083598598475778, '2025-12-08 11:05:14.097');
INSERT INTO `mdc_role_resource_rel` (`id`, `role_id`, `app_id`, `resource_type`, `resource_id`, `created_by`, `created_at`) VALUES (31339294027844677, 31339294027844608, 2, '', 676103409455534080, 680083598598475778, '2025-12-08 11:05:14.097');
INSERT INTO `mdc_role_resource_rel` (`id`, `role_id`, `app_id`, `resource_type`, `resource_id`, `created_by`, `created_at`) VALUES (31339294027844678, 31339294027844608, 2, '', 676103409455534081, 680083598598475778, '2025-12-08 11:05:14.097');
INSERT INTO `mdc_role_resource_rel` (`id`, `role_id`, `app_id`, `resource_type`, `resource_id`, `created_by`, `created_at`) VALUES (31339294027844679, 31339294027844608, 2, '', 29466224430280713, 680083598598475778, '2025-12-08 11:05:14.097');
INSERT INTO `mdc_role_resource_rel` (`id`, `role_id`, `app_id`, `resource_type`, `resource_id`, `created_by`, `created_at`) VALUES (31339294027844680, 31339294027844608, 2, '', 29466224430280709, 680083598598475778, '2025-12-08 11:05:14.097');
INSERT INTO `mdc_role_resource_rel` (`id`, `role_id`, `app_id`, `resource_type`, `resource_id`, `created_by`, `created_at`) VALUES (31339294027844681, 31339294027844608, 2, '', 29466224430280711, 680083598598475778, '2025-12-08 11:05:14.097');
INSERT INTO `mdc_role_resource_rel` (`id`, `role_id`, `app_id`, `resource_type`, `resource_id`, `created_by`, `created_at`) VALUES (31339294027844682, 31339294027844608, 2, '', 29466224430280704, 680083598598475778, '2025-12-08 11:05:14.097');
INSERT INTO `mdc_role_resource_rel` (`id`, `role_id`, `app_id`, `resource_type`, `resource_id`, `created_by`, `created_at`) VALUES (31339294027844683, 31339294027844608, 2, '', 29466224430280705, 680083598598475778, '2025-12-08 11:05:14.098');
INSERT INTO `mdc_role_resource_rel` (`id`, `role_id`, `app_id`, `resource_type`, `resource_id`, `created_by`, `created_at`) VALUES (31339294027844684, 31339294027844608, 2, '', 29466224430280706, 680083598598475778, '2025-12-08 11:05:14.098');
INSERT INTO `mdc_role_resource_rel` (`id`, `role_id`, `app_id`, `resource_type`, `resource_id`, `created_by`, `created_at`) VALUES (31339294027844685, 31339294027844608, 2, '', 29466224430280716, 680083598598475778, '2025-12-08 11:05:14.098');
INSERT INTO `mdc_role_resource_rel` (`id`, `role_id`, `app_id`, `resource_type`, `resource_id`, `created_by`, `created_at`) VALUES (31339294027844686, 31339294027844608, 2, '', 29466224430280715, 680083598598475778, '2025-12-08 11:05:14.098');
INSERT INTO `mdc_role_resource_rel` (`id`, `role_id`, `app_id`, `resource_type`, `resource_id`, `created_by`, `created_at`) VALUES (31339294027844687, 31339294027844608, 2, '', 29466224430280714, 680083598598475778, '2025-12-08 11:05:14.098');
INSERT INTO `mdc_role_resource_rel` (`id`, `role_id`, `app_id`, `resource_type`, `resource_id`, `created_by`, `created_at`) VALUES (31339294027844688, 31339294027844608, 2, '', 29466224430280712, 680083598598475778, '2025-12-08 11:05:14.099');
INSERT INTO `mdc_role_resource_rel` (`id`, `role_id`, `app_id`, `resource_type`, `resource_id`, `created_by`, `created_at`) VALUES (31339294027844689, 31339294027844608, 2, '', 29466224430280710, 680083598598475778, '2025-12-08 11:05:14.099');
INSERT INTO `mdc_role_resource_rel` (`id`, `role_id`, `app_id`, `resource_type`, `resource_id`, `created_by`, `created_at`) VALUES (31339294027844690, 31339294027844608, 2, '', 29466224430280708, 680083598598475778, '2025-12-08 11:05:14.099');
INSERT INTO `mdc_role_resource_rel` (`id`, `role_id`, `app_id`, `resource_type`, `resource_id`, `created_by`, `created_at`) VALUES (31339294027844691, 31339294027844608, 2, '', 29466224430280707, 680083598598475778, '2025-12-08 11:05:14.099');
INSERT INTO `mdc_role_resource_rel` (`id`, `role_id`, `app_id`, `resource_type`, `resource_id`, `created_by`, `created_at`) VALUES (31339294027844692, 31339294027844608, 2, '', 28466224430280707, 680083598598475778, '2025-12-08 11:05:14.100');
INSERT INTO `mdc_role_resource_rel` (`id`, `role_id`, `app_id`, `resource_type`, `resource_id`, `created_by`, `created_at`) VALUES (31339294027844693, 31339294027844608, 2, '', 676103409455534082, 680083598598475778, '2025-12-08 11:05:14.100');
INSERT INTO `mdc_role_resource_rel` (`id`, `role_id`, `app_id`, `resource_type`, `resource_id`, `created_by`, `created_at`) VALUES (31339294027844694, 31339294027844608, 2, '', 676103409455534083, 680083598598475778, '2025-12-08 11:05:14.100');
INSERT INTO `mdc_role_resource_rel` (`id`, `role_id`, `app_id`, `resource_type`, `resource_id`, `created_by`, `created_at`) VALUES (31339294027844695, 31339294027844608, 2, '', 527679858080470017, 680083598598475778, '2025-12-08 11:05:14.100');
INSERT INTO `mdc_role_resource_rel` (`id`, `role_id`, `app_id`, `resource_type`, `resource_id`, `created_by`, `created_at`) VALUES (31339294027844696, 31339294027844608, 2, '', 1001, 680083598598475778, '2025-12-08 11:05:14.101');
INSERT INTO `mdc_role_resource_rel` (`id`, `role_id`, `app_id`, `resource_type`, `resource_id`, `created_by`, `created_at`) VALUES (31339294027844718, 1, 1, '', 665609434256865280, 680083598598475778, '2025-12-08 11:06:48.361');
INSERT INTO `mdc_role_resource_rel` (`id`, `role_id`, `app_id`, `resource_type`, `resource_id`, `created_by`, `created_at`) VALUES (31339294027844719, 1, 1, '', 25101335066649600, 680083598598475778, '2025-12-08 11:06:48.361');
INSERT INTO `mdc_role_resource_rel` (`id`, `role_id`, `app_id`, `resource_type`, `resource_id`, `created_by`, `created_at`) VALUES (31339294027844720, 1, 1, '', 665612754266586112, 680083598598475778, '2025-12-08 11:06:48.362');
INSERT INTO `mdc_role_resource_rel` (`id`, `role_id`, `app_id`, `resource_type`, `resource_id`, `created_by`, `created_at`) VALUES (31339294027844721, 1, 1, '', 665612754266586113, 680083598598475778, '2025-12-08 11:06:48.362');
INSERT INTO `mdc_role_resource_rel` (`id`, `role_id`, `app_id`, `resource_type`, `resource_id`, `created_by`, `created_at`) VALUES (31339294027844722, 1, 1, '', 665612754266586114, 680083598598475778, '2025-12-08 11:06:48.362');
INSERT INTO `mdc_role_resource_rel` (`id`, `role_id`, `app_id`, `resource_type`, `resource_id`, `created_by`, `created_at`) VALUES (31339294027844723, 1, 1, '', 665612754266586115, 680083598598475778, '2025-12-08 11:06:48.362');
INSERT INTO `mdc_role_resource_rel` (`id`, `role_id`, `app_id`, `resource_type`, `resource_id`, `created_by`, `created_at`) VALUES (31339294027844724, 1, 2, '', 676103409455534080, 680083598598475778, '2025-12-08 11:06:48.362');
INSERT INTO `mdc_role_resource_rel` (`id`, `role_id`, `app_id`, `resource_type`, `resource_id`, `created_by`, `created_at`) VALUES (31339294027844725, 1, 2, '', 676103409455534081, 680083598598475778, '2025-12-08 11:06:48.362');
INSERT INTO `mdc_role_resource_rel` (`id`, `role_id`, `app_id`, `resource_type`, `resource_id`, `created_by`, `created_at`) VALUES (31339294027844726, 1, 2, '', 29466224430280713, 680083598598475778, '2025-12-08 11:06:48.363');
INSERT INTO `mdc_role_resource_rel` (`id`, `role_id`, `app_id`, `resource_type`, `resource_id`, `created_by`, `created_at`) VALUES (31339294027844727, 1, 2, '', 29466224430280709, 680083598598475778, '2025-12-08 11:06:48.363');
INSERT INTO `mdc_role_resource_rel` (`id`, `role_id`, `app_id`, `resource_type`, `resource_id`, `created_by`, `created_at`) VALUES (31339294027844728, 1, 2, '', 29466224430280711, 680083598598475778, '2025-12-08 11:06:48.363');
INSERT INTO `mdc_role_resource_rel` (`id`, `role_id`, `app_id`, `resource_type`, `resource_id`, `created_by`, `created_at`) VALUES (31339294027844729, 1, 2, '', 29466224430280704, 680083598598475778, '2025-12-08 11:06:48.363');
INSERT INTO `mdc_role_resource_rel` (`id`, `role_id`, `app_id`, `resource_type`, `resource_id`, `created_by`, `created_at`) VALUES (31339294027844730, 1, 2, '', 29466224430280705, 680083598598475778, '2025-12-08 11:06:48.363');
INSERT INTO `mdc_role_resource_rel` (`id`, `role_id`, `app_id`, `resource_type`, `resource_id`, `created_by`, `created_at`) VALUES (31339294027844731, 1, 2, '', 29466224430280706, 680083598598475778, '2025-12-08 11:06:48.363');
INSERT INTO `mdc_role_resource_rel` (`id`, `role_id`, `app_id`, `resource_type`, `resource_id`, `created_by`, `created_at`) VALUES (31339294027844732, 1, 2, '', 29466224430280716, 680083598598475778, '2025-12-08 11:06:48.363');
INSERT INTO `mdc_role_resource_rel` (`id`, `role_id`, `app_id`, `resource_type`, `resource_id`, `created_by`, `created_at`) VALUES (31339294027844733, 1, 2, '', 29466224430280715, 680083598598475778, '2025-12-08 11:06:48.364');
INSERT INTO `mdc_role_resource_rel` (`id`, `role_id`, `app_id`, `resource_type`, `resource_id`, `created_by`, `created_at`) VALUES (31339294027844734, 1, 2, '', 29466224430280714, 680083598598475778, '2025-12-08 11:06:48.364');
INSERT INTO `mdc_role_resource_rel` (`id`, `role_id`, `app_id`, `resource_type`, `resource_id`, `created_by`, `created_at`) VALUES (31339294027844735, 1, 2, '', 29466224430280712, 680083598598475778, '2025-12-08 11:06:48.364');
INSERT INTO `mdc_role_resource_rel` (`id`, `role_id`, `app_id`, `resource_type`, `resource_id`, `created_by`, `created_at`) VALUES (31339294027844736, 1, 2, '', 29466224430280710, 680083598598475778, '2025-12-08 11:06:48.364');
INSERT INTO `mdc_role_resource_rel` (`id`, `role_id`, `app_id`, `resource_type`, `resource_id`, `created_by`, `created_at`) VALUES (31339294027844737, 1, 2, '', 29466224430280708, 680083598598475778, '2025-12-08 11:06:48.364');
INSERT INTO `mdc_role_resource_rel` (`id`, `role_id`, `app_id`, `resource_type`, `resource_id`, `created_by`, `created_at`) VALUES (31339294027844738, 1, 2, '', 29466224430280707, 680083598598475778, '2025-12-08 11:06:48.364');
INSERT INTO `mdc_role_resource_rel` (`id`, `role_id`, `app_id`, `resource_type`, `resource_id`, `created_by`, `created_at`) VALUES (31339294027844739, 1, 2, '', 28466224430280707, 680083598598475778, '2025-12-08 11:06:48.364');
INSERT INTO `mdc_role_resource_rel` (`id`, `role_id`, `app_id`, `resource_type`, `resource_id`, `created_by`, `created_at`) VALUES (31339294027844740, 1, 2, '', 676103409455534082, 680083598598475778, '2025-12-08 11:06:48.364');
INSERT INTO `mdc_role_resource_rel` (`id`, `role_id`, `app_id`, `resource_type`, `resource_id`, `created_by`, `created_at`) VALUES (31339294027844741, 1, 2, '', 676103409455534083, 680083598598475778, '2025-12-08 11:06:48.365');
INSERT INTO `mdc_role_resource_rel` (`id`, `role_id`, `app_id`, `resource_type`, `resource_id`, `created_by`, `created_at`) VALUES (31339294027844742, 1, 2, '', 1001, 680083598598475778, '2025-12-08 11:06:48.365');
INSERT INTO `mdc_role_resource_rel` (`id`, `role_id`, `app_id`, `resource_type`, `resource_id`, `created_by`, `created_at`) VALUES (31339294027844743, 1, 2, '', 100101, 680083598598475778, '2025-12-08 11:06:48.365');
INSERT INTO `mdc_role_resource_rel` (`id`, `role_id`, `app_id`, `resource_type`, `resource_id`, `created_by`, `created_at`) VALUES (31339294027844744, 1, 2, '', 28857597499663372, 680083598598475778, '2025-12-08 11:06:48.365');
INSERT INTO `mdc_role_resource_rel` (`id`, `role_id`, `app_id`, `resource_type`, `resource_id`, `created_by`, `created_at`) VALUES (31339294027844745, 1, 2, '', 527679858080470017, 680083598598475778, '2025-12-08 11:06:48.365');
INSERT INTO `mdc_role_resource_rel` (`id`, `role_id`, `app_id`, `resource_type`, `resource_id`, `created_by`, `created_at`) VALUES (31339294027844746, 1, 2, '', 662697699833204736, 680083598598475778, '2025-12-08 11:06:48.366');
INSERT INTO `mdc_role_resource_rel` (`id`, `role_id`, `app_id`, `resource_type`, `resource_id`, `created_by`, `created_at`) VALUES (31339294027844747, 1, 2, '', 662697699833204737, 680083598598475778, '2025-12-08 11:06:48.366');
INSERT INTO `mdc_role_resource_rel` (`id`, `role_id`, `app_id`, `resource_type`, `resource_id`, `created_by`, `created_at`) VALUES (31339294027844748, 1, 2, '', 662697699833204738, 680083598598475778, '2025-12-08 11:06:48.366');
INSERT INTO `mdc_role_resource_rel` (`id`, `role_id`, `app_id`, `resource_type`, `resource_id`, `created_by`, `created_at`) VALUES (31339294027844749, 1, 2, '', 693083240537805824, 680083598598475778, '2025-12-08 11:06:48.366');
INSERT INTO `mdc_role_resource_rel` (`id`, `role_id`, `app_id`, `resource_type`, `resource_id`, `created_by`, `created_at`) VALUES (31339294027844750, 1, 2, '', 693083240537805825, 680083598598475778, '2025-12-08 11:06:48.366');
INSERT INTO `mdc_role_resource_rel` (`id`, `role_id`, `app_id`, `resource_type`, `resource_id`, `created_by`, `created_at`) VALUES (31339294027844751, 1, 2, '', 694452411687278593, 680083598598475778, '2025-12-08 11:06:48.366');
INSERT INTO `mdc_role_resource_rel` (`id`, `role_id`, `app_id`, `resource_type`, `resource_id`, `created_by`, `created_at`) VALUES (31339294027844752, 1, 2, '', 27145464621658112, 680083598598475778, '2025-12-08 11:06:48.366');
INSERT INTO `mdc_role_resource_rel` (`id`, `role_id`, `app_id`, `resource_type`, `resource_id`, `created_by`, `created_at`) VALUES (31339294027844753, 1, 2, '', 694452411687278594, 680083598598475778, '2025-12-08 11:06:48.367');
INSERT INTO `mdc_role_resource_rel` (`id`, `role_id`, `app_id`, `resource_type`, `resource_id`, `created_by`, `created_at`) VALUES (31339294027844754, 1, 2, '', 694452411687278595, 680083598598475778, '2025-12-08 11:06:48.367');
INSERT INTO `mdc_role_resource_rel` (`id`, `role_id`, `app_id`, `resource_type`, `resource_id`, `created_by`, `created_at`) VALUES (31339294027844755, 1, 2, '', 694452411687278596, 680083598598475778, '2025-12-08 11:06:48.367');
INSERT INTO `mdc_role_resource_rel` (`id`, `role_id`, `app_id`, `resource_type`, `resource_id`, `created_by`, `created_at`) VALUES (31339294027844756, 1, 3, '', 696090808566726657, 680083598598475778, '2025-12-08 11:06:48.367');
INSERT INTO `mdc_role_resource_rel` (`id`, `role_id`, `app_id`, `resource_type`, `resource_id`, `created_by`, `created_at`) VALUES (31339294027844757, 1, 3, '', 698004963821419520, 680083598598475778, '2025-12-08 11:06:48.367');
INSERT INTO `mdc_role_resource_rel` (`id`, `role_id`, `app_id`, `resource_type`, `resource_id`, `created_by`, `created_at`) VALUES (31339294027844758, 1, 3, '', 698004963821419521, 680083598598475778, '2025-12-08 11:06:48.367');
INSERT INTO `mdc_role_resource_rel` (`id`, `role_id`, `app_id`, `resource_type`, `resource_id`, `created_by`, `created_at`) VALUES (31339294027844759, 1, 3, '', 696090808566726659, 680083598598475778, '2025-12-08 11:06:48.368');
INSERT INTO `mdc_role_resource_rel` (`id`, `role_id`, `app_id`, `resource_type`, `resource_id`, `created_by`, `created_at`) VALUES (31339294027844760, 1, 3, '', 696090808566726660, 680083598598475778, '2025-12-08 11:06:48.368');
INSERT INTO `mdc_role_resource_rel` (`id`, `role_id`, `app_id`, `resource_type`, `resource_id`, `created_by`, `created_at`) VALUES (31339294027844761, 1, 3, '', 696090808566726661, 680083598598475778, '2025-12-08 11:06:48.368');
INSERT INTO `mdc_role_resource_rel` (`id`, `role_id`, `app_id`, `resource_type`, `resource_id`, `created_by`, `created_at`) VALUES (31339294027844762, 1, 3, '', 696090808566726662, 680083598598475778, '2025-12-08 11:06:48.368');
INSERT INTO `mdc_role_resource_rel` (`id`, `role_id`, `app_id`, `resource_type`, `resource_id`, `created_by`, `created_at`) VALUES (31339294027844763, 1, 3, '', 696090808566726656, 680083598598475778, '2025-12-08 11:06:48.368');
INSERT INTO `mdc_role_resource_rel` (`id`, `role_id`, `app_id`, `resource_type`, `resource_id`, `created_by`, `created_at`) VALUES (31339294027844764, 1, 3, '', 696090808566726658, 680083598598475778, '2025-12-08 11:06:48.368');
INSERT INTO `mdc_role_resource_rel` (`id`, `role_id`, `app_id`, `resource_type`, `resource_id`, `created_by`, `created_at`) VALUES (31339294027844765, 1, 4, '', 661064637303128065, 680083598598475778, '2025-12-08 11:06:48.368');
INSERT INTO `mdc_role_resource_rel` (`id`, `role_id`, `app_id`, `resource_type`, `resource_id`, `created_by`, `created_at`) VALUES (31339294027844766, 1, 4, '', 527679858080470016, 680083598598475778, '2025-12-08 11:06:48.369');
INSERT INTO `mdc_role_resource_rel` (`id`, `role_id`, `app_id`, `resource_type`, `resource_id`, `created_by`, `created_at`) VALUES (31339294027844767, 1, 4, '', 661064637303128067, 680083598598475778, '2025-12-08 11:06:48.369');
INSERT INTO `mdc_role_resource_rel` (`id`, `role_id`, `app_id`, `resource_type`, `resource_id`, `created_by`, `created_at`) VALUES (31339294027844768, 1, 4, '', 661253697468544002, 680083598598475778, '2025-12-08 11:06:48.369');
INSERT INTO `mdc_role_resource_rel` (`id`, `role_id`, `app_id`, `resource_type`, `resource_id`, `created_by`, `created_at`) VALUES (31339294027844769, 1, 4, '', 29685645719521281, 680083598598475778, '2025-12-08 11:06:48.369');
INSERT INTO `mdc_role_resource_rel` (`id`, `role_id`, `app_id`, `resource_type`, `resource_id`, `created_by`, `created_at`) VALUES (31339294027844770, 1, 4, '', 527679858080470018, 680083598598475778, '2025-12-08 11:06:48.369');
INSERT INTO `mdc_role_resource_rel` (`id`, `role_id`, `app_id`, `resource_type`, `resource_id`, `created_by`, `created_at`) VALUES (31339294027844771, 1, 4, '', 527679858080470021, 680083598598475778, '2025-12-08 11:06:48.369');
INSERT INTO `mdc_role_resource_rel` (`id`, `role_id`, `app_id`, `resource_type`, `resource_id`, `created_by`, `created_at`) VALUES (31339294027844772, 1, 4, '', 661253697468544000, 680083598598475778, '2025-12-08 11:06:48.369');
INSERT INTO `mdc_role_resource_rel` (`id`, `role_id`, `app_id`, `resource_type`, `resource_id`, `created_by`, `created_at`) VALUES (31339294027844773, 1, 4, '', 527679858080470022, 680083598598475778, '2025-12-08 11:06:48.370');
INSERT INTO `mdc_role_resource_rel` (`id`, `role_id`, `app_id`, `resource_type`, `resource_id`, `created_by`, `created_at`) VALUES (31339294027844774, 1, 4, '', 661253697468544001, 680083598598475778, '2025-12-08 11:06:48.370');
INSERT INTO `mdc_role_resource_rel` (`id`, `role_id`, `app_id`, `resource_type`, `resource_id`, `created_by`, `created_at`) VALUES (31339294027844779, 30589663320895492, 1, '', 665609434256865280, 680083598598475778, '2025-12-08 11:17:56.804');
INSERT INTO `mdc_role_resource_rel` (`id`, `role_id`, `app_id`, `resource_type`, `resource_id`, `created_by`, `created_at`) VALUES (31339294027844780, 30589663320895492, 1, '', 25101335066649600, 680083598598475778, '2025-12-08 11:17:56.804');
INSERT INTO `mdc_role_resource_rel` (`id`, `role_id`, `app_id`, `resource_type`, `resource_id`, `created_by`, `created_at`) VALUES (31339294027844781, 30589663320895492, 1, '', 665612754266586112, 680083598598475778, '2025-12-08 11:17:56.805');
INSERT INTO `mdc_role_resource_rel` (`id`, `role_id`, `app_id`, `resource_type`, `resource_id`, `created_by`, `created_at`) VALUES (31339294027844782, 30589663320895492, 1, '', 665612754266586113, 680083598598475778, '2025-12-08 11:17:56.805');
INSERT INTO `mdc_role_resource_rel` (`id`, `role_id`, `app_id`, `resource_type`, `resource_id`, `created_by`, `created_at`) VALUES (31339294027844783, 30589663320895492, 1, '', 665612754266586114, 680083598598475778, '2025-12-08 11:17:56.806');
INSERT INTO `mdc_role_resource_rel` (`id`, `role_id`, `app_id`, `resource_type`, `resource_id`, `created_by`, `created_at`) VALUES (31339294027844784, 30589663320895492, 1, '', 665612754266586115, 680083598598475778, '2025-12-08 11:17:56.806');
INSERT INTO `mdc_role_resource_rel` (`id`, `role_id`, `app_id`, `resource_type`, `resource_id`, `created_by`, `created_at`) VALUES (31339294027844785, 30589663320895492, 2, '', 693083240537805824, 680083598598475778, '2025-12-08 11:17:56.807');
INSERT INTO `mdc_role_resource_rel` (`id`, `role_id`, `app_id`, `resource_type`, `resource_id`, `created_by`, `created_at`) VALUES (31339294027844786, 30589663320895492, 2, '', 693083240537805825, 680083598598475778, '2025-12-08 11:17:56.807');
INSERT INTO `mdc_role_resource_rel` (`id`, `role_id`, `app_id`, `resource_type`, `resource_id`, `created_by`, `created_at`) VALUES (31339294027844787, 30589663320895492, 2, '', 694452411687278593, 680083598598475778, '2025-12-08 11:17:56.807');
INSERT INTO `mdc_role_resource_rel` (`id`, `role_id`, `app_id`, `resource_type`, `resource_id`, `created_by`, `created_at`) VALUES (31339294027844788, 30589663320895492, 2, '', 27145464621658112, 680083598598475778, '2025-12-08 11:17:56.807');
INSERT INTO `mdc_role_resource_rel` (`id`, `role_id`, `app_id`, `resource_type`, `resource_id`, `created_by`, `created_at`) VALUES (31339294027844789, 30589663320895492, 2, '', 694452411687278594, 680083598598475778, '2025-12-08 11:17:56.807');
INSERT INTO `mdc_role_resource_rel` (`id`, `role_id`, `app_id`, `resource_type`, `resource_id`, `created_by`, `created_at`) VALUES (31339294027844790, 30589663320895492, 2, '', 694452411687278595, 680083598598475778, '2025-12-08 11:17:56.807');
INSERT INTO `mdc_role_resource_rel` (`id`, `role_id`, `app_id`, `resource_type`, `resource_id`, `created_by`, `created_at`) VALUES (31339294027844791, 30589663320895492, 2, '', 694452411687278596, 680083598598475778, '2025-12-08 11:17:56.808');
INSERT INTO `mdc_role_resource_rel` (`id`, `role_id`, `app_id`, `resource_type`, `resource_id`, `created_by`, `created_at`) VALUES (31339294027844794, 30589663320895493, 1, '', 665609434256865280, 680083598598475778, '2025-12-08 11:18:34.464');
INSERT INTO `mdc_role_resource_rel` (`id`, `role_id`, `app_id`, `resource_type`, `resource_id`, `created_by`, `created_at`) VALUES (31339294027844795, 30589663320895493, 1, '', 25101335066649600, 680083598598475778, '2025-12-08 11:18:34.464');
INSERT INTO `mdc_role_resource_rel` (`id`, `role_id`, `app_id`, `resource_type`, `resource_id`, `created_by`, `created_at`) VALUES (31339294027844796, 30589663320895493, 1, '', 665612754266586112, 680083598598475778, '2025-12-08 11:18:34.465');
INSERT INTO `mdc_role_resource_rel` (`id`, `role_id`, `app_id`, `resource_type`, `resource_id`, `created_by`, `created_at`) VALUES (31339294027844797, 30589663320895493, 1, '', 665612754266586113, 680083598598475778, '2025-12-08 11:18:34.465');
INSERT INTO `mdc_role_resource_rel` (`id`, `role_id`, `app_id`, `resource_type`, `resource_id`, `created_by`, `created_at`) VALUES (31339294027844798, 30589663320895493, 1, '', 665612754266586114, 680083598598475778, '2025-12-08 11:18:34.465');
INSERT INTO `mdc_role_resource_rel` (`id`, `role_id`, `app_id`, `resource_type`, `resource_id`, `created_by`, `created_at`) VALUES (31339294027844799, 30589663320895493, 1, '', 665612754266586115, 680083598598475778, '2025-12-08 11:18:34.465');
INSERT INTO `mdc_role_resource_rel` (`id`, `role_id`, `app_id`, `resource_type`, `resource_id`, `created_by`, `created_at`) VALUES (31339294027844800, 30589663320895493, 3, '', 696090808566726657, 680083598598475778, '2025-12-08 11:18:34.465');
INSERT INTO `mdc_role_resource_rel` (`id`, `role_id`, `app_id`, `resource_type`, `resource_id`, `created_by`, `created_at`) VALUES (31339294027844801, 30589663320895493, 3, '', 698004963821419520, 680083598598475778, '2025-12-08 11:18:34.465');
INSERT INTO `mdc_role_resource_rel` (`id`, `role_id`, `app_id`, `resource_type`, `resource_id`, `created_by`, `created_at`) VALUES (31339294027844802, 30589663320895493, 3, '', 698004963821419521, 680083598598475778, '2025-12-08 11:18:34.465');
INSERT INTO `mdc_role_resource_rel` (`id`, `role_id`, `app_id`, `resource_type`, `resource_id`, `created_by`, `created_at`) VALUES (31339294027844803, 30589663320895493, 3, '', 696090808566726659, 680083598598475778, '2025-12-08 11:18:34.466');
INSERT INTO `mdc_role_resource_rel` (`id`, `role_id`, `app_id`, `resource_type`, `resource_id`, `created_by`, `created_at`) VALUES (31339294027844804, 30589663320895493, 3, '', 696090808566726660, 680083598598475778, '2025-12-08 11:18:34.466');
INSERT INTO `mdc_role_resource_rel` (`id`, `role_id`, `app_id`, `resource_type`, `resource_id`, `created_by`, `created_at`) VALUES (31339294027844805, 30589663320895493, 3, '', 696090808566726661, 680083598598475778, '2025-12-08 11:18:34.466');
INSERT INTO `mdc_role_resource_rel` (`id`, `role_id`, `app_id`, `resource_type`, `resource_id`, `created_by`, `created_at`) VALUES (31339294027844806, 30589663320895493, 3, '', 696090808566726662, 680083598598475778, '2025-12-08 11:18:34.466');
INSERT INTO `mdc_role_resource_rel` (`id`, `role_id`, `app_id`, `resource_type`, `resource_id`, `created_by`, `created_at`) VALUES (31339294027844807, 30589663320895493, 3, '', 696090808566726656, 680083598598475778, '2025-12-08 11:18:34.467');
INSERT INTO `mdc_role_resource_rel` (`id`, `role_id`, `app_id`, `resource_type`, `resource_id`, `created_by`, `created_at`) VALUES (31339294027844808, 30589663320895493, 3, '', 696090808566726658, 680083598598475778, '2025-12-08 11:18:34.467');
INSERT INTO `mdc_role_resource_rel` (`id`, `role_id`, `app_id`, `resource_type`, `resource_id`, `created_by`, `created_at`) VALUES (31731106714392578, 30589663320895491, 1, '', 665609434256865280, 680083598598475778, '2025-12-09 12:27:37.736');
INSERT INTO `mdc_role_resource_rel` (`id`, `role_id`, `app_id`, `resource_type`, `resource_id`, `created_by`, `created_at`) VALUES (31731106714392579, 30589663320895491, 1, '', 25101335066649600, 680083598598475778, '2025-12-09 12:27:37.740');
INSERT INTO `mdc_role_resource_rel` (`id`, `role_id`, `app_id`, `resource_type`, `resource_id`, `created_by`, `created_at`) VALUES (31731106714392580, 30589663320895491, 1, '', 665612754266586112, 680083598598475778, '2025-12-09 12:27:37.740');
INSERT INTO `mdc_role_resource_rel` (`id`, `role_id`, `app_id`, `resource_type`, `resource_id`, `created_by`, `created_at`) VALUES (31731106714392581, 30589663320895491, 1, '', 665612754266586113, 680083598598475778, '2025-12-09 12:27:37.740');
INSERT INTO `mdc_role_resource_rel` (`id`, `role_id`, `app_id`, `resource_type`, `resource_id`, `created_by`, `created_at`) VALUES (31731106714392582, 30589663320895491, 1, '', 665612754266586114, 680083598598475778, '2025-12-09 12:27:37.741');
INSERT INTO `mdc_role_resource_rel` (`id`, `role_id`, `app_id`, `resource_type`, `resource_id`, `created_by`, `created_at`) VALUES (31731106714392583, 30589663320895491, 1, '', 665612754266586115, 680083598598475778, '2025-12-09 12:27:37.741');
INSERT INTO `mdc_role_resource_rel` (`id`, `role_id`, `app_id`, `resource_type`, `resource_id`, `created_by`, `created_at`) VALUES (31731106714392584, 30589663320895491, 2, '', 29466224430280704, 680083598598475778, '2025-12-09 12:27:37.742');
INSERT INTO `mdc_role_resource_rel` (`id`, `role_id`, `app_id`, `resource_type`, `resource_id`, `created_by`, `created_at`) VALUES (31731106714392585, 30589663320895491, 2, '', 676103409455534080, 680083598598475778, '2025-12-09 12:27:37.742');
INSERT INTO `mdc_role_resource_rel` (`id`, `role_id`, `app_id`, `resource_type`, `resource_id`, `created_by`, `created_at`) VALUES (31731106714392586, 30589663320895491, 2, '', 676103409455534081, 680083598598475778, '2025-12-09 12:27:37.743');
INSERT INTO `mdc_role_resource_rel` (`id`, `role_id`, `app_id`, `resource_type`, `resource_id`, `created_by`, `created_at`) VALUES (31731106714392587, 30589663320895491, 2, '', 676103409455534082, 680083598598475778, '2025-12-09 12:27:37.743');
INSERT INTO `mdc_role_resource_rel` (`id`, `role_id`, `app_id`, `resource_type`, `resource_id`, `created_by`, `created_at`) VALUES (31731106714392588, 30589663320895491, 2, '', 527679858080470017, 680083598598475778, '2025-12-09 12:27:37.743');
INSERT INTO `mdc_role_resource_rel` (`id`, `role_id`, `app_id`, `resource_type`, `resource_id`, `created_by`, `created_at`) VALUES (31731106714392589, 30589663320895491, 2, '', 1001, 680083598598475778, '2025-12-09 12:27:37.744');
INSERT INTO `mdc_role_resource_rel` (`id`, `role_id`, `app_id`, `resource_type`, `resource_id`, `created_by`, `created_at`) VALUES (31731106714392590, 30589663320895491, 2, '', 676103409455534083, 680083598598475778, '2025-12-09 12:27:37.744');
INSERT INTO `mdc_role_resource_rel` (`id`, `role_id`, `app_id`, `resource_type`, `resource_id`, `created_by`, `created_at`) VALUES (31731106714392591, 30589663320895491, 2, '', 29466224430280705, 680083598598475778, '2025-12-09 12:27:37.744');
INSERT INTO `mdc_role_resource_rel` (`id`, `role_id`, `app_id`, `resource_type`, `resource_id`, `created_by`, `created_at`) VALUES (31731106714392592, 30589663320895491, 2, '', 29466224430280706, 680083598598475778, '2025-12-09 12:27:37.744');
INSERT INTO `mdc_role_resource_rel` (`id`, `role_id`, `app_id`, `resource_type`, `resource_id`, `created_by`, `created_at`) VALUES (38019754879550473, 29685645719521280, 1, '', 665609434256865280, 680083598598475778, '2025-12-26 12:34:59.118');
INSERT INTO `mdc_role_resource_rel` (`id`, `role_id`, `app_id`, `resource_type`, `resource_id`, `created_by`, `created_at`) VALUES (38019754879550474, 29685645719521280, 1, '', 25101335066649600, 680083598598475778, '2025-12-26 12:34:59.119');
INSERT INTO `mdc_role_resource_rel` (`id`, `role_id`, `app_id`, `resource_type`, `resource_id`, `created_by`, `created_at`) VALUES (38019754879550475, 29685645719521280, 1, '', 665612754266586112, 680083598598475778, '2025-12-26 12:34:59.119');
INSERT INTO `mdc_role_resource_rel` (`id`, `role_id`, `app_id`, `resource_type`, `resource_id`, `created_by`, `created_at`) VALUES (38019754879550476, 29685645719521280, 1, '', 665612754266586113, 680083598598475778, '2025-12-26 12:34:59.120');
INSERT INTO `mdc_role_resource_rel` (`id`, `role_id`, `app_id`, `resource_type`, `resource_id`, `created_by`, `created_at`) VALUES (38019754879550477, 29685645719521280, 1, '', 665612754266586114, 680083598598475778, '2025-12-26 12:34:59.120');
INSERT INTO `mdc_role_resource_rel` (`id`, `role_id`, `app_id`, `resource_type`, `resource_id`, `created_by`, `created_at`) VALUES (38019754879550478, 29685645719521280, 1, '', 665612754266586115, 680083598598475778, '2025-12-26 12:34:59.120');
INSERT INTO `mdc_role_resource_rel` (`id`, `role_id`, `app_id`, `resource_type`, `resource_id`, `created_by`, `created_at`) VALUES (38019754879550479, 29685645719521280, 1, '', 38019754879550472, 680083598598475778, '2025-12-26 12:34:59.120');
INSERT INTO `mdc_role_resource_rel` (`id`, `role_id`, `app_id`, `resource_type`, `resource_id`, `created_by`, `created_at`) VALUES (38019754879550480, 29685645719521280, 1, '', 38019754879550464, 680083598598475778, '2025-12-26 12:34:59.121');
INSERT INTO `mdc_role_resource_rel` (`id`, `role_id`, `app_id`, `resource_type`, `resource_id`, `created_by`, `created_at`) VALUES (45452754131160070, 29685645719521280, 3, '', 696090808566726657, 680083598598475778, '2026-01-15 14:54:08.156');
INSERT INTO `mdc_role_resource_rel` (`id`, `role_id`, `app_id`, `resource_type`, `resource_id`, `created_by`, `created_at`) VALUES (45452754131160071, 29685645719521280, 3, '', 698004963821419520, 680083598598475778, '2026-01-15 14:54:08.161');
INSERT INTO `mdc_role_resource_rel` (`id`, `role_id`, `app_id`, `resource_type`, `resource_id`, `created_by`, `created_at`) VALUES (45452754131160072, 29685645719521280, 3, '', 698004963821419521, 680083598598475778, '2026-01-15 14:54:08.161');
INSERT INTO `mdc_role_resource_rel` (`id`, `role_id`, `app_id`, `resource_type`, `resource_id`, `created_by`, `created_at`) VALUES (45452754131160073, 29685645719521280, 3, '', 696090808566726659, 680083598598475778, '2026-01-15 14:54:08.161');
INSERT INTO `mdc_role_resource_rel` (`id`, `role_id`, `app_id`, `resource_type`, `resource_id`, `created_by`, `created_at`) VALUES (45452754131160074, 29685645719521280, 3, '', 696090808566726660, 680083598598475778, '2026-01-15 14:54:08.161');
INSERT INTO `mdc_role_resource_rel` (`id`, `role_id`, `app_id`, `resource_type`, `resource_id`, `created_by`, `created_at`) VALUES (45452754131160075, 29685645719521280, 3, '', 696090808566726661, 680083598598475778, '2026-01-15 14:54:08.161');
INSERT INTO `mdc_role_resource_rel` (`id`, `role_id`, `app_id`, `resource_type`, `resource_id`, `created_by`, `created_at`) VALUES (45452754131160076, 29685645719521280, 3, '', 696090808566726662, 680083598598475778, '2026-01-15 14:54:08.162');
INSERT INTO `mdc_role_resource_rel` (`id`, `role_id`, `app_id`, `resource_type`, `resource_id`, `created_by`, `created_at`) VALUES (45452754131160077, 29685645719521280, 3, '', 696090808566726656, 680083598598475778, '2026-01-15 14:54:08.162');
INSERT INTO `mdc_role_resource_rel` (`id`, `role_id`, `app_id`, `resource_type`, `resource_id`, `created_by`, `created_at`) VALUES (45452754131160078, 29685645719521280, 3, '', 696090808566726658, 680083598598475778, '2026-01-15 14:54:08.162');
INSERT INTO `mdc_role_resource_rel` (`id`, `role_id`, `app_id`, `resource_type`, `resource_id`, `created_by`, `created_at`) VALUES (45452754131160079, 29685645719521280, 3, '', 45452754131160069, 680083598598475778, '2026-01-15 14:54:08.162');
INSERT INTO `mdc_role_resource_rel` (`id`, `role_id`, `app_id`, `resource_type`, `resource_id`, `created_by`, `created_at`) VALUES (46768775060341762, 29685645719521280, 2, '', 676103409455534080, 680083598598475778, '2026-01-19 00:58:22.448');
INSERT INTO `mdc_role_resource_rel` (`id`, `role_id`, `app_id`, `resource_type`, `resource_id`, `created_by`, `created_at`) VALUES (46768775060341763, 29685645719521280, 2, '', 676103409455534081, 680083598598475778, '2026-01-19 00:58:22.455');
INSERT INTO `mdc_role_resource_rel` (`id`, `role_id`, `app_id`, `resource_type`, `resource_id`, `created_by`, `created_at`) VALUES (46768775060341764, 29685645719521280, 2, '', 29466224430280704, 680083598598475778, '2026-01-19 00:58:22.456');
INSERT INTO `mdc_role_resource_rel` (`id`, `role_id`, `app_id`, `resource_type`, `resource_id`, `created_by`, `created_at`) VALUES (46768775060341765, 29685645719521280, 2, '', 29466224430280705, 680083598598475778, '2026-01-19 00:58:22.456');
INSERT INTO `mdc_role_resource_rel` (`id`, `role_id`, `app_id`, `resource_type`, `resource_id`, `created_by`, `created_at`) VALUES (46768775060341766, 29685645719521280, 2, '', 29466224430280706, 680083598598475778, '2026-01-19 00:58:22.456');
INSERT INTO `mdc_role_resource_rel` (`id`, `role_id`, `app_id`, `resource_type`, `resource_id`, `created_by`, `created_at`) VALUES (46768775060341767, 29685645719521280, 2, '', 676103409455534082, 680083598598475778, '2026-01-19 00:58:22.457');
INSERT INTO `mdc_role_resource_rel` (`id`, `role_id`, `app_id`, `resource_type`, `resource_id`, `created_by`, `created_at`) VALUES (46768775060341768, 29685645719521280, 2, '', 676103409455534083, 680083598598475778, '2026-01-19 00:58:22.458');
INSERT INTO `mdc_role_resource_rel` (`id`, `role_id`, `app_id`, `resource_type`, `resource_id`, `created_by`, `created_at`) VALUES (46768775060341769, 29685645719521280, 2, '', 1001, 680083598598475778, '2026-01-19 00:58:22.458');
INSERT INTO `mdc_role_resource_rel` (`id`, `role_id`, `app_id`, `resource_type`, `resource_id`, `created_by`, `created_at`) VALUES (46768775060341770, 29685645719521280, 2, '', 100101, 680083598598475778, '2026-01-19 00:58:22.458');
INSERT INTO `mdc_role_resource_rel` (`id`, `role_id`, `app_id`, `resource_type`, `resource_id`, `created_by`, `created_at`) VALUES (46768775060341771, 29685645719521280, 2, '', 28857597499663372, 680083598598475778, '2026-01-19 00:58:22.459');
INSERT INTO `mdc_role_resource_rel` (`id`, `role_id`, `app_id`, `resource_type`, `resource_id`, `created_by`, `created_at`) VALUES (46768775060341772, 29685645719521280, 2, '', 527679858080470017, 680083598598475778, '2026-01-19 00:58:22.459');
INSERT INTO `mdc_role_resource_rel` (`id`, `role_id`, `app_id`, `resource_type`, `resource_id`, `created_by`, `created_at`) VALUES (46768775060341773, 29685645719521280, 2, '', 36547152327661569, 680083598598475778, '2026-01-19 00:58:22.459');
INSERT INTO `mdc_role_resource_rel` (`id`, `role_id`, `app_id`, `resource_type`, `resource_id`, `created_by`, `created_at`) VALUES (46768775060341774, 29685645719521280, 2, '', 46768775060341760, 680083598598475778, '2026-01-19 00:58:22.459');
INSERT INTO `mdc_role_resource_rel` (`id`, `role_id`, `app_id`, `resource_type`, `resource_id`, `created_by`, `created_at`) VALUES (46768775060341775, 29685645719521280, 2, '', 46768775060341761, 680083598598475778, '2026-01-19 00:58:22.460');
INSERT INTO `mdc_role_resource_rel` (`id`, `role_id`, `app_id`, `resource_type`, `resource_id`, `created_by`, `created_at`) VALUES (46768775060341776, 29685645719521280, 2, '', 36547152327661570, 680083598598475778, '2026-01-19 00:58:22.460');
INSERT INTO `mdc_role_resource_rel` (`id`, `role_id`, `app_id`, `resource_type`, `resource_id`, `created_by`, `created_at`) VALUES (46768775060341777, 29685645719521280, 2, '', 36897114852880388, 680083598598475778, '2026-01-19 00:58:22.461');
INSERT INTO `mdc_role_resource_rel` (`id`, `role_id`, `app_id`, `resource_type`, `resource_id`, `created_by`, `created_at`) VALUES (46768775060341778, 29685645719521280, 2, '', 36547152327661571, 680083598598475778, '2026-01-19 00:58:22.461');
INSERT INTO `mdc_role_resource_rel` (`id`, `role_id`, `app_id`, `resource_type`, `resource_id`, `created_by`, `created_at`) VALUES (46768775060341779, 29685645719521280, 2, '', 36547152327661572, 680083598598475778, '2026-01-19 00:58:22.462');
INSERT INTO `mdc_role_resource_rel` (`id`, `role_id`, `app_id`, `resource_type`, `resource_id`, `created_by`, `created_at`) VALUES (46768775060341780, 29685645719521280, 2, '', 36547152327661573, 680083598598475778, '2026-01-19 00:58:22.463');
INSERT INTO `mdc_role_resource_rel` (`id`, `role_id`, `app_id`, `resource_type`, `resource_id`, `created_by`, `created_at`) VALUES (46768775060341781, 29685645719521280, 2, '', 36741005676571743, 680083598598475778, '2026-01-19 00:58:22.463');
INSERT INTO `mdc_role_resource_rel` (`id`, `role_id`, `app_id`, `resource_type`, `resource_id`, `created_by`, `created_at`) VALUES (46768775060341782, 29685645719521280, 2, '', 662697699833204736, 680083598598475778, '2026-01-19 00:58:22.463');
INSERT INTO `mdc_role_resource_rel` (`id`, `role_id`, `app_id`, `resource_type`, `resource_id`, `created_by`, `created_at`) VALUES (46768775060341783, 29685645719521280, 2, '', 662697699833204737, 680083598598475778, '2026-01-19 00:58:22.463');
INSERT INTO `mdc_role_resource_rel` (`id`, `role_id`, `app_id`, `resource_type`, `resource_id`, `created_by`, `created_at`) VALUES (46768775060341784, 29685645719521280, 2, '', 662697699833204738, 680083598598475778, '2026-01-19 00:58:22.464');
INSERT INTO `mdc_role_resource_rel` (`id`, `role_id`, `app_id`, `resource_type`, `resource_id`, `created_by`, `created_at`) VALUES (46768775060341785, 29685645719521280, 2, '', 693083240537805824, 680083598598475778, '2026-01-19 00:58:22.464');
INSERT INTO `mdc_role_resource_rel` (`id`, `role_id`, `app_id`, `resource_type`, `resource_id`, `created_by`, `created_at`) VALUES (46768775060341786, 29685645719521280, 2, '', 693083240537805825, 680083598598475778, '2026-01-19 00:58:22.464');
INSERT INTO `mdc_role_resource_rel` (`id`, `role_id`, `app_id`, `resource_type`, `resource_id`, `created_by`, `created_at`) VALUES (46768775060341787, 29685645719521280, 2, '', 27145464621658112, 680083598598475778, '2026-01-19 00:58:22.464');
INSERT INTO `mdc_role_resource_rel` (`id`, `role_id`, `app_id`, `resource_type`, `resource_id`, `created_by`, `created_at`) VALUES (46768775060341788, 29685645719521280, 2, '', 694452411687278593, 680083598598475778, '2026-01-19 00:58:22.465');
INSERT INTO `mdc_role_resource_rel` (`id`, `role_id`, `app_id`, `resource_type`, `resource_id`, `created_by`, `created_at`) VALUES (46768775060341789, 29685645719521280, 2, '', 694452411687278594, 680083598598475778, '2026-01-19 00:58:22.465');
INSERT INTO `mdc_role_resource_rel` (`id`, `role_id`, `app_id`, `resource_type`, `resource_id`, `created_by`, `created_at`) VALUES (46768775060341790, 29685645719521280, 2, '', 45451182173128704, 680083598598475778, '2026-01-19 00:58:22.465');
INSERT INTO `mdc_role_resource_rel` (`id`, `role_id`, `app_id`, `resource_type`, `resource_id`, `created_by`, `created_at`) VALUES (46768775060341791, 29685645719521280, 2, '', 694452411687278595, 680083598598475778, '2026-01-19 00:58:22.465');
INSERT INTO `mdc_role_resource_rel` (`id`, `role_id`, `app_id`, `resource_type`, `resource_id`, `created_by`, `created_at`) VALUES (46768775060341792, 29685645719521280, 2, '', 694452411687278596, 680083598598475778, '2026-01-19 00:58:22.465');
INSERT INTO `mdc_role_resource_rel` (`id`, `role_id`, `app_id`, `resource_type`, `resource_id`, `created_by`, `created_at`) VALUES (46768775060341793, 29685645719521280, 2, '', 41382868891172868, 680083598598475778, '2026-01-19 00:58:22.466');
INSERT INTO `mdc_role_resource_rel` (`id`, `role_id`, `app_id`, `resource_type`, `resource_id`, `created_by`, `created_at`) VALUES (46768775060341794, 29685645719521280, 2, '', 44703565805825024, 680083598598475778, '2026-01-19 00:58:22.466');
INSERT INTO `mdc_role_resource_rel` (`id`, `role_id`, `app_id`, `resource_type`, `resource_id`, `created_by`, `created_at`) VALUES (46768775060341795, 29685645719521280, 2, '', 44703565805825025, 680083598598475778, '2026-01-19 00:58:22.466');
INSERT INTO `mdc_role_resource_rel` (`id`, `role_id`, `app_id`, `resource_type`, `resource_id`, `created_by`, `created_at`) VALUES (46768775060341796, 29685645719521280, 2, '', 44703565805825026, 680083598598475778, '2026-01-19 00:58:22.466');
INSERT INTO `mdc_role_resource_rel` (`id`, `role_id`, `app_id`, `resource_type`, `resource_id`, `created_by`, `created_at`) VALUES (46768775060341797, 29685645719521280, 2, '', 44703565805825027, 680083598598475778, '2026-01-19 00:58:22.467');
INSERT INTO `mdc_role_resource_rel` (`id`, `role_id`, `app_id`, `resource_type`, `resource_id`, `created_by`, `created_at`) VALUES (46768775060341798, 29685645719521280, 2, '', 44703565805825028, 680083598598475778, '2026-01-19 00:58:22.467');
INSERT INTO `mdc_role_resource_rel` (`id`, `role_id`, `app_id`, `resource_type`, `resource_id`, `created_by`, `created_at`) VALUES (46768775060341799, 29685645719521280, 2, '', 44703565805825029, 680083598598475778, '2026-01-19 00:58:22.467');
COMMIT;

-- ----------------------------
-- Table structure for mdc_user
-- ----------------------------
DROP TABLE IF EXISTS `mdc_user`;
CREATE TABLE `mdc_user` (
  `id` bigint NOT NULL COMMENT 'ID',
  `username` varchar(64) CHARACTER SET utf8mb4 COLLATE utf8mb4_general_ci NOT NULL COMMENT '用户名',
  `password` varchar(255) CHARACTER SET utf8mb4 COLLATE utf8mb4_general_ci DEFAULT NULL COMMENT '密码',
  `sex` char(1) CHARACTER SET utf8mb4 COLLATE utf8mb4_general_ci DEFAULT NULL COMMENT '性别\n[0-男 1-女]',
  `salt` varchar(255) CHARACTER SET utf8mb4 COLLATE utf8mb4_general_ci DEFAULT NULL COMMENT '盐值',
  `phone` varchar(20) CHARACTER SET utf8mb4 COLLATE utf8mb4_general_ci DEFAULT NULL COMMENT '电话号码',
  `avatar` bigint DEFAULT NULL COMMENT '头像',
  `name` varchar(255) CHARACTER SET utf8mb4 COLLATE utf8mb4_general_ci DEFAULT NULL COMMENT '姓名',
  `email` varchar(128) CHARACTER SET utf8mb4 COLLATE utf8mb4_general_ci DEFAULT NULL COMMENT '邮箱地址',
  `state` bit(1) DEFAULT b'1' COMMENT '状态\n[0-禁用 1-正常]',
  `last_dept_id` bigint DEFAULT NULL COMMENT '上次登录的部门',
  `last_company_id` bigint DEFAULT NULL COMMENT '上次登录的单位',
  `last_top_company_id` bigint DEFAULT NULL COMMENT '上次登录的顶级单位',
  `pw_error_last_time` datetime(3) DEFAULT NULL COMMENT '输错密码时间',
  `pw_error_num` int DEFAULT '0' COMMENT '密码错误次数',
  `pw_expire_time` datetime(3) DEFAULT NULL COMMENT '密码过期时间',
  `last_login_time` datetime(3) DEFAULT NULL COMMENT '最后登录时间',
  `wx_openid` varchar(32) CHARACTER SET utf8mb4 COLLATE utf8mb4_general_ci DEFAULT NULL COMMENT '微信登录openId',
  `dd_openid` varchar(32) CHARACTER SET utf8mb4 COLLATE utf8mb4_general_ci DEFAULT NULL COMMENT '钉钉openId',
  `user_type` int DEFAULT '1' COMMENT '人员类型\r\n[1-普通用户 2-管理员 90-开发者 99-运维管理员]',
  `position_id` bigint DEFAULT NULL COMMENT '所属岗位',
  `user_source` varchar(255) CHARACTER SET utf8mb4 COLLATE utf8mb4_general_ci DEFAULT 'ua' COMMENT '用户来源',
  `created_by` bigint DEFAULT NULL COMMENT '创建人',
  `created_at` datetime(3) NOT NULL DEFAULT CURRENT_TIMESTAMP(3) COMMENT '创建时间',
  `updated_by` bigint DEFAULT NULL COMMENT '修改人',
  `updated_at` datetime(3) NOT NULL ON UPDATE CURRENT_TIMESTAMP(3) COMMENT '最后修改时间',
  `deleted_by` bigint DEFAULT NULL COMMENT '删除人',
  `deleted_at` bigint NOT NULL DEFAULT '0' COMMENT '删除标志',
  PRIMARY KEY (`id`) USING BTREE,
  UNIQUE KEY `uk_username` (`username`,`deleted_at`) USING BTREE,
  UNIQUE KEY `uk_phone` (`phone`,`deleted_at`) USING BTREE,
  UNIQUE KEY `uk_email` (`email`,`deleted_at`) USING BTREE
) ENGINE=InnoDB DEFAULT CHARSET=utf8mb4 COLLATE=utf8mb4_general_ci COMMENT='用户';

-- ----------------------------
-- Records of mdc_user
-- ----------------------------
BEGIN;
INSERT INTO `mdc_user` (`id`, `username`, `password`, `sex`, `salt`, `phone`, `avatar`, `name`, `email`, `state`, `last_dept_id`, `last_company_id`, `last_top_company_id`, `pw_error_last_time`, `pw_error_num`, `pw_expire_time`, `last_login_time`, `wx_openid`, `dd_openid`, `user_type`, `position_id`, `user_source`, `created_by`, `created_at`, `updated_by`, `updated_at`, `deleted_by`, `deleted_at`) VALUES (42814334246315008, '11222', 'c3a7735948dca67bf6258bf653c4ae08cb17b2ee6fbabb6614fd32d73e5ddbbd', '1', 't1wiShd5vy7AyRaAazdp', '138888888883896', NULL, '', '', b'1', NULL, NULL, NULL, NULL, 0, NULL, '2026-01-28 00:41:55.831', NULL, NULL, 1, NULL, 'test', 680083598598475778, '2026-01-08 09:04:38.502', 680083598598475778, '2026-01-28 00:41:55.832', NULL, 0);
INSERT INTO `mdc_user` (`id`, `username`, `password`, `sex`, `salt`, `phone`, `avatar`, `name`, `email`, `state`, `last_dept_id`, `last_company_id`, `last_top_company_id`, `pw_error_last_time`, `pw_error_num`, `pw_expire_time`, `last_login_time`, `wx_openid`, `dd_openid`, `user_type`, `position_id`, `user_source`, `created_by`, `created_at`, `updated_by`, `updated_at`, `deleted_by`, `deleted_at`) VALUES (42815575491866624, 'test1', 'ac41289f04c9aa79a12d62fed1e83747d7bb446087c07ab2f87423b9ffc3f268', NULL, 'wzkxYD5BmREt37ihWea3', NULL, NULL, 'test1', NULL, b'1', NULL, NULL, NULL, NULL, 0, NULL, NULL, NULL, NULL, 1, NULL, 'ua', NULL, '2026-01-08 09:06:34.307', NULL, '2026-01-08 09:06:34.307', NULL, 0);
INSERT INTO `mdc_user` (`id`, `username`, `password`, `sex`, `salt`, `phone`, `avatar`, `name`, `email`, `state`, `last_dept_id`, `last_company_id`, `last_top_company_id`, `pw_error_last_time`, `pw_error_num`, `pw_expire_time`, `last_login_time`, `wx_openid`, `dd_openid`, `user_type`, `position_id`, `user_source`, `created_by`, `created_at`, `updated_by`, `updated_at`, `deleted_by`, `deleted_at`) VALUES (42815575491866625, 'test2', 'ce047a887f914ce419ca1a318f81166776404d52eed21cb7ca3299361de76d62', NULL, 'SDCJwviphJC1jS27e7g4', NULL, NULL, 'test2', NULL, b'1', NULL, NULL, NULL, NULL, 0, NULL, NULL, NULL, NULL, 1, NULL, 'ua', NULL, '2026-01-08 09:06:34.317', NULL, '2026-01-16 15:22:53.861', NULL, 0);
INSERT INTO `mdc_user` (`id`, `username`, `password`, `sex`, `salt`, `phone`, `avatar`, `name`, `email`, `state`, `last_dept_id`, `last_company_id`, `last_top_company_id`, `pw_error_last_time`, `pw_error_num`, `pw_expire_time`, `last_login_time`, `wx_openid`, `dd_openid`, `user_type`, `position_id`, `user_source`, `created_by`, `created_at`, `updated_by`, `updated_at`, `deleted_by`, `deleted_at`) VALUES (43048727791532032, 'test4369', 'ef7e03c3e95439f34721be0414d7e38e2cb5fad996f69c928973a80b9b636cd5', NULL, '4bMbFDhUp4nPUyyQ2xst', NULL, NULL, 'test1', NULL, b'1', NULL, NULL, NULL, NULL, 0, NULL, NULL, NULL, NULL, 1, NULL, 'ua', NULL, '2026-01-09 00:14:07.132', NULL, '2026-01-16 15:22:46.658', NULL, 0);
INSERT INTO `mdc_user` (`id`, `username`, `password`, `sex`, `salt`, `phone`, `avatar`, `name`, `email`, `state`, `last_dept_id`, `last_company_id`, `last_top_company_id`, `pw_error_last_time`, `pw_error_num`, `pw_expire_time`, `last_login_time`, `wx_openid`, `dd_openid`, `user_type`, `position_id`, `user_source`, `created_by`, `created_at`, `updated_by`, `updated_at`, `deleted_by`, `deleted_at`) VALUES (43048727791532033, 'test4192', 'f034960a7cc3ae046149120054d7b24c35574b7033b94d3acb49676a966c1172', NULL, '9lPDoY8pySOrYIHzHXlo', NULL, NULL, 'test2', NULL, b'1', NULL, NULL, NULL, NULL, 0, NULL, NULL, NULL, NULL, 1, NULL, 'ua', NULL, '2026-01-09 00:14:07.144', NULL, '2026-01-09 00:14:07.144', NULL, 0);
INSERT INTO `mdc_user` (`id`, `username`, `password`, `sex`, `salt`, `phone`, `avatar`, `name`, `email`, `state`, `last_dept_id`, `last_company_id`, `last_top_company_id`, `pw_error_last_time`, `pw_error_num`, `pw_expire_time`, `last_login_time`, `wx_openid`, `dd_openid`, `user_type`, `position_id`, `user_source`, `created_by`, `created_at`, `updated_by`, `updated_at`, `deleted_by`, `deleted_at`) VALUES (43373586232915968, 'test3043', '4d11954e5119319fbe7b22e3b0816477fea08f490d4ccfdaa9f248dec5761ce3', NULL, 'M9NTE0ImJPBwZqvh4lsO', NULL, NULL, 'test1', NULL, b'1', NULL, NULL, NULL, NULL, 0, NULL, NULL, NULL, NULL, 1, NULL, 't1', NULL, '2026-01-09 21:15:13.499', NULL, '2026-01-09 21:15:13.499', NULL, 0);
INSERT INTO `mdc_user` (`id`, `username`, `password`, `sex`, `salt`, `phone`, `avatar`, `name`, `email`, `state`, `last_dept_id`, `last_company_id`, `last_top_company_id`, `pw_error_last_time`, `pw_error_num`, `pw_expire_time`, `last_login_time`, `wx_openid`, `dd_openid`, `user_type`, `position_id`, `user_source`, `created_by`, `created_at`, `updated_by`, `updated_at`, `deleted_by`, `deleted_at`) VALUES (43373586232915969, 'test3655', '3134078ff2356154bd73dff636125cb5e76ceac3903875de025b38edb3adbcad', NULL, 'ktU1rfcccMIPRZwZHttr', NULL, NULL, 'test2', NULL, b'1', NULL, NULL, NULL, NULL, 0, NULL, NULL, NULL, NULL, 1, NULL, 't1', NULL, '2026-01-09 21:15:13.506', NULL, '2026-01-09 21:15:13.506', NULL, 0);
INSERT INTO `mdc_user` (`id`, `username`, `password`, `sex`, `salt`, `phone`, `avatar`, `name`, `email`, `state`, `last_dept_id`, `last_company_id`, `last_top_company_id`, `pw_error_last_time`, `pw_error_num`, `pw_expire_time`, `last_login_time`, `wx_openid`, `dd_openid`, `user_type`, `position_id`, `user_source`, `created_by`, `created_at`, `updated_by`, `updated_at`, `deleted_by`, `deleted_at`) VALUES (43373586232915970, 'test1916', 'f511d3c51b759003a6312fc0531eb0a558ac85d5faf6546aa7a3c4a15eae357b', NULL, 'dVuYAifqQKTaqZpvVTcK', NULL, NULL, 'test1', NULL, b'1', NULL, NULL, NULL, NULL, 0, NULL, NULL, NULL, NULL, 1, NULL, 't1', NULL, '2026-01-09 21:15:20.950', NULL, '2026-01-09 21:15:20.950', NULL, 0);
INSERT INTO `mdc_user` (`id`, `username`, `password`, `sex`, `salt`, `phone`, `avatar`, `name`, `email`, `state`, `last_dept_id`, `last_company_id`, `last_top_company_id`, `pw_error_last_time`, `pw_error_num`, `pw_expire_time`, `last_login_time`, `wx_openid`, `dd_openid`, `user_type`, `position_id`, `user_source`, `created_by`, `created_at`, `updated_by`, `updated_at`, `deleted_by`, `deleted_at`) VALUES (43373586232915971, 'test193', '2604eaa7af68a1bcfffaed876907496b93243a34d8ccca7faa3713fd48abe52a', NULL, 'R36lAzOtguHStHVGbC8F', '15211000000', 43373586232915971, 'test2', NULL, b'1', NULL, NULL, NULL, NULL, 0, NULL, NULL, NULL, NULL, 1, NULL, 't1', NULL, '2026-01-09 21:15:20.951', NULL, '2026-01-16 15:22:29.523', NULL, 0);
INSERT INTO `mdc_user` (`id`, `username`, `password`, `sex`, `salt`, `phone`, `avatar`, `name`, `email`, `state`, `last_dept_id`, `last_company_id`, `last_top_company_id`, `pw_error_last_time`, `pw_error_num`, `pw_expire_time`, `last_login_time`, `wx_openid`, `dd_openid`, `user_type`, `position_id`, `user_source`, `created_by`, `created_at`, `updated_by`, `updated_at`, `deleted_by`, `deleted_at`) VALUES (45905439389198336, '112221', '9b9496ed64b4b4619fe1fb8008e6d9c86e38b0eefc2598caed5f274754bf1166', NULL, '8NSjEbvjpVpiLY0kogBi', NULL, NULL, NULL, NULL, b'1', NULL, NULL, NULL, NULL, 0, '2026-01-16 17:00:22.064', NULL, NULL, NULL, 1, NULL, 'platform', NULL, '2026-01-16 16:57:22.068', NULL, '2026-01-16 16:57:22.068', NULL, 0);
INSERT INTO `mdc_user` (`id`, `username`, `password`, `sex`, `salt`, `phone`, `avatar`, `name`, `email`, `state`, `last_dept_id`, `last_company_id`, `last_top_company_id`, `pw_error_last_time`, `pw_error_num`, `pw_expire_time`, `last_login_time`, `wx_openid`, `dd_openid`, `user_type`, `position_id`, `user_source`, `created_by`, `created_at`, `updated_by`, `updated_at`, `deleted_by`, `deleted_at`) VALUES (45946774154457094, '22504d581d0b4ed19d95114b4316ff45', 'e26af5380370c46cc82b8a9b8b2f32d9609e462af52a280e762f58a2b5fd86e1', NULL, 'yI7vap3uYDh83BEmrGlm', '15218869970', NULL, NULL, NULL, b'1', NULL, NULL, NULL, NULL, 0, '2026-01-16 20:04:10.947', NULL, NULL, NULL, 1, NULL, 'platform', NULL, '2026-01-16 20:01:10.961', NULL, '2026-01-16 20:01:10.960', NULL, 0);
INSERT INTO `mdc_user` (`id`, `username`, `password`, `sex`, `salt`, `phone`, `avatar`, `name`, `email`, `state`, `last_dept_id`, `last_company_id`, `last_top_company_id`, `pw_error_last_time`, `pw_error_num`, `pw_expire_time`, `last_login_time`, `wx_openid`, `dd_openid`, `user_type`, `position_id`, `user_source`, `created_by`, `created_at`, `updated_by`, `updated_at`, `deleted_by`, `deleted_at`) VALUES (45946774154457107, 'd30d0dc6e6d64f268c72efbe0981d398', 'dc2caca2980208d5ad670ea346ab0f07ae3ef1ca958665df7d51354d0ab2f6ef', NULL, 'ekdoM3qHdvARhpt6ztJc', NULL, NULL, NULL, '1166@qq.com', b'1', NULL, NULL, NULL, NULL, 0, '2026-01-16 23:54:18.719', NULL, NULL, NULL, 1, NULL, 'platform', NULL, '2026-01-16 20:03:07.492', NULL, '2026-01-16 23:51:18.719', NULL, 0);
INSERT INTO `mdc_user` (`id`, `username`, `password`, `sex`, `salt`, `phone`, `avatar`, `name`, `email`, `state`, `last_dept_id`, `last_company_id`, `last_top_company_id`, `pw_error_last_time`, `pw_error_num`, `pw_expire_time`, `last_login_time`, `wx_openid`, `dd_openid`, `user_type`, `position_id`, `user_source`, `created_by`, `created_at`, `updated_by`, `updated_at`, `deleted_by`, `deleted_at`) VALUES (680083598598475778, 'ops_admin', '00d79f448c3463a98996b70bc674f55d5f259dd41e0d433d3f53bfb2eeed8bd4', '0', 's8x2k9d3', '15210000000', 680083598598475778, '孙运维超管', '306479353@qq.com', b'1', NULL, 687106879444787201, 687106879444787201, NULL, 0, NULL, '2026-01-18 23:36:01.485', NULL, NULL, 99, 613250879521378541, 'platform', 1, '2025-07-10 10:48:36.000', NULL, '2026-01-18 23:36:01.487', 0, 0);
INSERT INTO `mdc_user` (`id`, `username`, `password`, `sex`, `salt`, `phone`, `avatar`, `name`, `email`, `state`, `last_dept_id`, `last_company_id`, `last_top_company_id`, `pw_error_last_time`, `pw_error_num`, `pw_expire_time`, `last_login_time`, `wx_openid`, `dd_openid`, `user_type`, `position_id`, `user_source`, `created_by`, `created_at`, `updated_by`, `updated_at`, `deleted_by`, `deleted_at`) VALUES (680083598598475779, 'open_admin', '00d79f448c3463a98996b70bc674f55d5f259dd41e0d433d3f53bfb2eeed8bd4', '0', 's8x2k9d3', '15200000001', 680083598598475779, '王开放', '244387066@qq.com', b'1', NULL, NULL, NULL, NULL, NULL, NULL, NULL, NULL, NULL, 2, NULL, 'platform', 1, '2025-07-10 10:48:36.000', NULL, '2025-12-30 12:45:50.755', 0, 0);
INSERT INTO `mdc_user` (`id`, `username`, `password`, `sex`, `salt`, `phone`, `avatar`, `name`, `email`, `state`, `last_dept_id`, `last_company_id`, `last_top_company_id`, `pw_error_last_time`, `pw_error_num`, `pw_expire_time`, `last_login_time`, `wx_openid`, `dd_openid`, `user_type`, `position_id`, `user_source`, `created_by`, `created_at`, `updated_by`, `updated_at`, `deleted_by`, `deleted_at`) VALUES (680083598598475780, 'admin', '00d79f448c3463a98996b70bc674f55d5f259dd41e0d433d3f53bfb2eeed8bd4', '1', 's8x2k9d3', '15200000002', 26570639083650055, '赵管理', '1123@qq.com', b'1', NULL, NULL, NULL, NULL, 0, NULL, '2026-01-28 00:19:58.939', NULL, NULL, 2, 611002876458778839, 'platform', NULL, '2025-11-25 14:48:16.416', NULL, '2026-01-28 00:19:58.941', NULL, 0);
INSERT INTO `mdc_user` (`id`, `username`, `password`, `sex`, `salt`, `phone`, `avatar`, `name`, `email`, `state`, `last_dept_id`, `last_company_id`, `last_top_company_id`, `pw_error_last_time`, `pw_error_num`, `pw_expire_time`, `last_login_time`, `wx_openid`, `dd_openid`, `user_type`, `position_id`, `user_source`, `created_by`, `created_at`, `updated_by`, `updated_at`, `deleted_by`, `deleted_at`) VALUES (1489652371943628801, 'zhangsan1', '00d79f448c3463a98996b70bc674f55d5f259dd41e0d433d3f53bfb2eeed8bd4', '1', 's8x2k9d3', '13800138001', 12, '张伟', 'zhangsan1@example.com', b'1', 101, 201, 301, NULL, 0, NULL, '2025-11-24 15:30:22.123', NULL, NULL, 1, 5, 'platform', 1, '2025-11-20 09:15:33.456', 1, '2025-12-08 00:20:58.327', NULL, 0);
INSERT INTO `mdc_user` (`id`, `username`, `password`, `sex`, `salt`, `phone`, `avatar`, `name`, `email`, `state`, `last_dept_id`, `last_company_id`, `last_top_company_id`, `pw_error_last_time`, `pw_error_num`, `pw_expire_time`, `last_login_time`, `wx_openid`, `dd_openid`, `user_type`, `position_id`, `user_source`, `created_by`, `created_at`, `updated_by`, `updated_at`, `deleted_by`, `deleted_at`) VALUES (1489652371943628802, 'lisi2', 'e10adc3949ba59abbe56e057f20f883e', '0', 'd4f7g2h9', '13900139002', 18, '李娜', 'lisi2@example.com', b'1', 102, 202, 302, '2025-11-23 10:15:08.789', 1, '2026-11-20 00:00:00.000', '2025-11-24 10:22:15.345', 'o6_bmjrPTlm6_2sgVt7hMZOPfL2M', NULL, 1, 8, 'platform', 2, '2025-11-20 10:22:11.678', 2, '2025-12-08 00:18:25.849', NULL, 0);
INSERT INTO `mdc_user` (`id`, `username`, `password`, `sex`, `salt`, `phone`, `avatar`, `name`, `email`, `state`, `last_dept_id`, `last_company_id`, `last_top_company_id`, `pw_error_last_time`, `pw_error_num`, `pw_expire_time`, `last_login_time`, `wx_openid`, `dd_openid`, `user_type`, `position_id`, `user_source`, `created_by`, `created_at`, `updated_by`, `updated_at`, `deleted_by`, `deleted_at`) VALUES (1489652371943628803, 'wangwu3', 'e10adc3949ba59abbe56e057f20f883e', '1', 'a3j6k8z2', '13700137003', 9, '王建国', 'wangwu3@example.com', b'1', 103, 203, 303, NULL, 0, NULL, '2025-11-24 16:45:33.567', NULL, 'dingtalk1234567890abcdef', 1, 3, 'platform', 3, '2025-11-20 11:05:44.890', 3, '2025-12-08 00:18:25.861', NULL, 0);
INSERT INTO `mdc_user` (`id`, `username`, `password`, `sex`, `salt`, `phone`, `avatar`, `name`, `email`, `state`, `last_dept_id`, `last_company_id`, `last_top_company_id`, `pw_error_last_time`, `pw_error_num`, `pw_expire_time`, `last_login_time`, `wx_openid`, `dd_openid`, `user_type`, `position_id`, `user_source`, `created_by`, `created_at`, `updated_by`, `updated_at`, `deleted_by`, `deleted_at`) VALUES (1489652371943628804, 'zhaoliu4', 'e10adc3949ba59abbe56e057f20f883e', '0', 'f7h2j9k4', '13600136004', 23, '赵婷婷', 'zhaoliu4@example.com', b'1', 104, 204, 304, '2025-11-22 09:30:15.234', 2, '2026-10-15 00:00:00.000', '2025-11-23 14:18:22.678', 'o6_bmjrPTlm6_2sgVt7hMZOPfL2N', NULL, 1, 12, 'platform', 4, '2025-11-20 13:12:55.123', 4, '2025-12-08 00:18:25.866', NULL, 0);
INSERT INTO `mdc_user` (`id`, `username`, `password`, `sex`, `salt`, `phone`, `avatar`, `name`, `email`, `state`, `last_dept_id`, `last_company_id`, `last_top_company_id`, `pw_error_last_time`, `pw_error_num`, `pw_expire_time`, `last_login_time`, `wx_openid`, `dd_openid`, `user_type`, `position_id`, `user_source`, `created_by`, `created_at`, `updated_by`, `updated_at`, `deleted_by`, `deleted_at`) VALUES (1489652371943628805, 'chenqi5', 'e10adc3949ba59abbe56e057f20f883e', '1', 'k9d3s8x2', '13500135005', 15, '陈浩然', 'chenqi5@example.com', b'1', 105, 205, 305, NULL, 0, NULL, '2025-11-24 09:20:11.456', NULL, 'dingtalk0987654321fedcba', 1, 7, 'platform', 5, '2025-11-20 14:30:18.345', 5, '2025-12-08 00:18:25.871', NULL, 0);
INSERT INTO `mdc_user` (`id`, `username`, `password`, `sex`, `salt`, `phone`, `avatar`, `name`, `email`, `state`, `last_dept_id`, `last_company_id`, `last_top_company_id`, `pw_error_last_time`, `pw_error_num`, `pw_expire_time`, `last_login_time`, `wx_openid`, `dd_openid`, `user_type`, `position_id`, `user_source`, `created_by`, `created_at`, `updated_by`, `updated_at`, `deleted_by`, `deleted_at`) VALUES (1489652371943628806, 'yangming6', 'e10adc3949ba59abbe56e057f20f883e', '0', 'g2h9d4f7', '13400134006', 27, '杨晓华', 'yangming6@example.com', b'1', 106, 206, 306, NULL, 0, '2026-09-20 00:00:00.000', '2025-11-24 11:50:33.789', 'o6_bmjrPTlm6_2sgVt7hMZOPfL2P', NULL, 1, 9, 'platform', 6, '2025-11-20 15:45:22.678', 6, '2025-12-08 00:18:25.877', NULL, 0);
INSERT INTO `mdc_user` (`id`, `username`, `password`, `sex`, `salt`, `phone`, `avatar`, `name`, `email`, `state`, `last_dept_id`, `last_company_id`, `last_top_company_id`, `pw_error_last_time`, `pw_error_num`, `pw_expire_time`, `last_login_time`, `wx_openid`, `dd_openid`, `user_type`, `position_id`, `user_source`, `created_by`, `created_at`, `updated_by`, `updated_at`, `deleted_by`, `deleted_at`) VALUES (1489652371943628807, 'liuhong7', 'e10adc3949ba59abbe56e057f20f883e', '1', 'j6k8z2a3', '13300133007', 8, '刘俊杰', 'liuhong7@example.com', b'1', 107, 207, 307, '2025-11-21 16:40:55.890', 1, NULL, '2025-11-23 16:30:44.123', NULL, NULL, 1, 4, 'platform', 7, '2025-11-20 16:20:33.456', 7, '2025-12-08 00:18:25.882', NULL, 0);
INSERT INTO `mdc_user` (`id`, `username`, `password`, `sex`, `salt`, `phone`, `avatar`, `name`, `email`, `state`, `last_dept_id`, `last_company_id`, `last_top_company_id`, `pw_error_last_time`, `pw_error_num`, `pw_expire_time`, `last_login_time`, `wx_openid`, `dd_openid`, `user_type`, `position_id`, `user_source`, `created_by`, `created_at`, `updated_by`, `updated_at`, `deleted_by`, `deleted_at`) VALUES (1489652371943628808, 'huangmei8', 'e10adc3949ba59abbe56e057f20f883e', '0', 'h2j9k4f7', '15900159008', 21, '黄丽娟', 'huangmei8@example.com', b'1', 108, 208, 308, NULL, 0, '2026-08-15 00:00:00.000', '2025-11-24 13:15:22.345', 'o6_bmjrPTlm6_2sgVt7hMZOPfL2Q', 'dingtalkabcdef1234567890', 1, 15, 'platform', 8, '2025-11-20 17:10:44.678', 8, '2025-12-08 00:18:25.897', NULL, 0);
INSERT INTO `mdc_user` (`id`, `username`, `password`, `sex`, `salt`, `phone`, `avatar`, `name`, `email`, `state`, `last_dept_id`, `last_company_id`, `last_top_company_id`, `pw_error_last_time`, `pw_error_num`, `pw_expire_time`, `last_login_time`, `wx_openid`, `dd_openid`, `user_type`, `position_id`, `user_source`, `created_by`, `created_at`, `updated_by`, `updated_at`, `deleted_by`, `deleted_at`) VALUES (1489652371943628809, 'zoujun9', 'e10adc3949ba59abbe56e057f20f883e', '1', 'd3s8x2k9', '15800158009', 11, '邹志强', 'zoujun9@example.com', b'1', 109, 209, 309, '2025-11-20 14:25:18.123', 3, NULL, '2025-11-22 10:10:33.567', NULL, NULL, 1, 6, 'platform', 9, '2025-11-20 18:05:55.890', 9, '2025-12-08 00:18:25.918', NULL, 0);
INSERT INTO `mdc_user` (`id`, `username`, `password`, `sex`, `salt`, `phone`, `avatar`, `name`, `email`, `state`, `last_dept_id`, `last_company_id`, `last_top_company_id`, `pw_error_last_time`, `pw_error_num`, `pw_expire_time`, `last_login_time`, `wx_openid`, `dd_openid`, `user_type`, `position_id`, `user_source`, `created_by`, `created_at`, `updated_by`, `updated_at`, `deleted_by`, `deleted_at`) VALUES (1489652371943628810, 'wulan10', 'e10adc3949ba59abbe56e057f20f883e', '0', 's8x2k9d3', '15700157010', 25, '吴兰兰', 'wulan10@example.com', b'1', 110, 210, 310, NULL, 0, '2026-07-20 00:00:00.000', '2025-11-24 14:40:11.789', 'o6_bmjrPTlm6_2sgVt7hMZOPfL2R', NULL, 2, 10, 'platform', 10, '2025-11-20 19:12:22.123', 10, '2025-12-08 00:18:25.923', NULL, 0);
INSERT INTO `mdc_user` (`id`, `username`, `password`, `sex`, `salt`, `phone`, `avatar`, `name`, `email`, `state`, `last_dept_id`, `last_company_id`, `last_top_company_id`, `pw_error_last_time`, `pw_error_num`, `pw_expire_time`, `last_login_time`, `wx_openid`, `dd_openid`, `user_type`, `position_id`, `user_source`, `created_by`, `created_at`, `updated_by`, `updated_at`, `deleted_by`, `deleted_at`) VALUES (1489652371943628811, 'xuyong11', 'e10adc3949ba59abbe56e057f20f883e', '1', 'd4f7g2h9', '17800178011', 7, '徐勇', 'xuyong11@example.com', b'1', 111, 211, 311, NULL, 0, NULL, '2025-11-23 08:30:44.345', NULL, 'dingtalk9876543210abcdef', 1, 2, 'platform', 11, '2025-11-21 09:08:15.456', 11, '2025-12-08 00:18:25.927', NULL, 0);
INSERT INTO `mdc_user` (`id`, `username`, `password`, `sex`, `salt`, `phone`, `avatar`, `name`, `email`, `state`, `last_dept_id`, `last_company_id`, `last_top_company_id`, `pw_error_last_time`, `pw_error_num`, `pw_expire_time`, `last_login_time`, `wx_openid`, `dd_openid`, `user_type`, `position_id`, `user_source`, `created_by`, `created_at`, `updated_by`, `updated_at`, `deleted_by`, `deleted_at`) VALUES (1489652371943628812, 'sunli12', 'e10adc3949ba59abbe56e057f20f883e', '0', 'a3j6k8z2', '17700177012', 29, '孙丽', 'sunli12@example.com', b'1', 112, 212, 312, '2025-11-23 15:20:33.678', 1, '2026-06-15 00:00:00.000', '2025-11-24 09:50:22.567', 'o6_bmjrPTlm6_2sgVt7hMZOPfL2S', NULL, 1, 13, 'platform', 12, '2025-11-21 10:15:33.678', 12, '2025-12-08 00:18:25.932', NULL, 0);
INSERT INTO `mdc_user` (`id`, `username`, `password`, `sex`, `salt`, `phone`, `avatar`, `name`, `email`, `state`, `last_dept_id`, `last_company_id`, `last_top_company_id`, `pw_error_last_time`, `pw_error_num`, `pw_expire_time`, `last_login_time`, `wx_openid`, `dd_openid`, `user_type`, `position_id`, `user_source`, `created_by`, `created_at`, `updated_by`, `updated_at`, `deleted_by`, `deleted_at`) VALUES (1489652371943628813, 'zhugen13', 'e10adc3949ba59abbe56e057f20f883e', '1', 'f7h2j9k4', '17600176013', 14, '朱根生', 'zhugen13@example.com', b'1', 113, 213, 313, NULL, 0, NULL, '2025-11-24 11:20:55.789', NULL, NULL, 1, 1, 'platform', 13, '2025-11-21 11:22:44.890', 13, '2025-12-08 00:18:25.936', NULL, 0);
INSERT INTO `mdc_user` (`id`, `username`, `password`, `sex`, `salt`, `phone`, `avatar`, `name`, `email`, `state`, `last_dept_id`, `last_company_id`, `last_top_company_id`, `pw_error_last_time`, `pw_error_num`, `pw_expire_time`, `last_login_time`, `wx_openid`, `dd_openid`, `user_type`, `position_id`, `user_source`, `created_by`, `created_at`, `updated_by`, `updated_at`, `deleted_by`, `deleted_at`) VALUES (1489652371943628814, 'hujie14', 'e10adc3949ba59abbe56e057f20f883e', '0', 'k9d3s8x2', '17500175014', 22, '胡洁', 'hujie14@example.com', b'1', 114, 214, 314, NULL, 0, '2026-05-20 00:00:00.000', '2025-11-23 13:30:11.123', 'o6_bmjrPTlm6_2sgVt7hMZOPfL2T', 'dingtalkfedcba0987654321', 1, 17, 'platform', 14, '2025-11-21 12:30:55.123', 14, '2025-12-08 00:18:25.940', NULL, 0);
INSERT INTO `mdc_user` (`id`, `username`, `password`, `sex`, `salt`, `phone`, `avatar`, `name`, `email`, `state`, `last_dept_id`, `last_company_id`, `last_top_company_id`, `pw_error_last_time`, `pw_error_num`, `pw_expire_time`, `last_login_time`, `wx_openid`, `dd_openid`, `user_type`, `position_id`, `user_source`, `created_by`, `created_at`, `updated_by`, `updated_at`, `deleted_by`, `deleted_at`) VALUES (1489652371943628815, 'guoyi15', 'e10adc3949ba59abbe56e057f20f883e', '1', 'g2h9d4f7', '17300173015', 10, '郭毅', 'guoyi15@example.com', b'1', 115, 215, 315, '2025-11-22 11:15:22.345', 2, NULL, '2025-11-24 15:10:33.345', NULL, NULL, 1, 11, 'platform', 15, '2025-11-21 13:45:18.345', 15, '2025-12-08 00:18:25.944', NULL, 0);
INSERT INTO `mdc_user` (`id`, `username`, `password`, `sex`, `salt`, `phone`, `avatar`, `name`, `email`, `state`, `last_dept_id`, `last_company_id`, `last_top_company_id`, `pw_error_last_time`, `pw_error_num`, `pw_expire_time`, `last_login_time`, `wx_openid`, `dd_openid`, `user_type`, `position_id`, `user_source`, `created_by`, `created_at`, `updated_by`, `updated_at`, `deleted_by`, `deleted_at`) VALUES (1489652371943628816, 'mawei16', 'e10adc3949ba59abbe56e057f20f883e', '0', 'j6k8z2a3', '17200172016', 30, '马薇', 'mawei16@example.com', b'1', 116, 216, 316, NULL, 0, '2026-04-15 00:00:00.000', '2025-11-24 16:30:44.567', 'o6_bmjrPTlm6_2sgVt7hMZOPfL2U', NULL, 1, 19, 'platform', 16, '2025-11-21 14:50:22.567', 16, '2025-12-08 00:18:25.949', NULL, 0);
INSERT INTO `mdc_user` (`id`, `username`, `password`, `sex`, `salt`, `phone`, `avatar`, `name`, `email`, `state`, `last_dept_id`, `last_company_id`, `last_top_company_id`, `pw_error_last_time`, `pw_error_num`, `pw_expire_time`, `last_login_time`, `wx_openid`, `dd_openid`, `user_type`, `position_id`, `user_source`, `created_by`, `created_at`, `updated_by`, `updated_at`, `deleted_by`, `deleted_at`) VALUES (1489652371943628817, 'fengjun17', 'e10adc3949ba59abbe56e057f20f883e', '1', 'h2j9k4f7', '17100171017', 13, '冯军', 'fengjun17@example.com', b'1', 117, 217, 317, NULL, 0, NULL, '2025-11-23 10:40:55.789', NULL, 'dingtalk1122334455667788', 1, 8, 'platform', 17, '2025-11-21 15:55:33.789', 17, '2025-12-08 00:18:25.953', NULL, 0);
INSERT INTO `mdc_user` (`id`, `username`, `password`, `sex`, `salt`, `phone`, `avatar`, `name`, `email`, `state`, `last_dept_id`, `last_company_id`, `last_top_company_id`, `pw_error_last_time`, `pw_error_num`, `pw_expire_time`, `last_login_time`, `wx_openid`, `dd_openid`, `user_type`, `position_id`, `user_source`, `created_by`, `created_at`, `updated_by`, `updated_at`, `deleted_by`, `deleted_at`) VALUES (1489652371943628818, 'chenxia18', 'e10adc3949ba59abbe56e057f20f883e', '0', 'd3s8x2k9', '16600166018', 24, '陈晓', 'chenxia18@example.com', b'1', 118, 218, 318, '2025-11-21 08:35:18.890', 1, '2026-03-20 00:00:00.000', '2025-11-24 08:20:11.123', 'o6_bmjrPTlm6_2sgVt7hMZOPfL2V', NULL, 1, 14, 'platform', 18, '2025-11-21 16:40:44.890', 18, '2025-12-08 00:18:25.958', NULL, 0);
INSERT INTO `mdc_user` (`id`, `username`, `password`, `sex`, `salt`, `phone`, `avatar`, `name`, `email`, `state`, `last_dept_id`, `last_company_id`, `last_top_company_id`, `pw_error_last_time`, `pw_error_num`, `pw_expire_time`, `last_login_time`, `wx_openid`, `dd_openid`, `user_type`, `position_id`, `user_source`, `created_by`, `created_at`, `updated_by`, `updated_at`, `deleted_by`, `deleted_at`) VALUES (1489652371943628819, 'zhangwei19', 'e10adc3949ba59abbe56e057f20f883e', '1', 's8x2k9d3', '16500165019', 6, '张伟强', 'zhangwei19@example.com', b'1', 119, 219, 319, NULL, 0, NULL, '2025-11-24 12:15:22.345', NULL, NULL, 1, 3, 'platform', 19, '2025-11-21 17:30:55.123', 19, '2025-12-08 00:18:25.963', NULL, 0);
INSERT INTO `mdc_user` (`id`, `username`, `password`, `sex`, `salt`, `phone`, `avatar`, `name`, `email`, `state`, `last_dept_id`, `last_company_id`, `last_top_company_id`, `pw_error_last_time`, `pw_error_num`, `pw_expire_time`, `last_login_time`, `wx_openid`, `dd_openid`, `user_type`, `position_id`, `user_source`, `created_by`, `created_at`, `updated_by`, `updated_at`, `deleted_by`, `deleted_at`) VALUES (1489652371943628820, 'lisimin20', 'e10adc3949ba59abbe56e057f20f883e', '0', 'd4f7g2h9', '16400164020', 26, '李思敏', 'lisimin20@example.com', b'1', 120, 220, 320, NULL, 0, '2026-02-15 00:00:00.000', '2025-11-23 14:20:33.345', 'o6_bmjrPTlm6_2sgVt7hMZOPfL2W', 'dingtalk8877665544332211', 2, 20, 'platform', 20, '2025-11-21 18:20:18.345', 20, '2025-12-08 00:18:25.968', NULL, 0);
INSERT INTO `mdc_user` (`id`, `username`, `password`, `sex`, `salt`, `phone`, `avatar`, `name`, `email`, `state`, `last_dept_id`, `last_company_id`, `last_top_company_id`, `pw_error_last_time`, `pw_error_num`, `pw_expire_time`, `last_login_time`, `wx_openid`, `dd_openid`, `user_type`, `position_id`, `user_source`, `created_by`, `created_at`, `updated_by`, `updated_at`, `deleted_by`, `deleted_at`) VALUES (1489652371943628821, 'wangfang21', 'e10adc3949ba59abbe56e057f20f883e', '0', 'a3j6k8z2', '13800138021', 16, '王芳', 'wangfang21@example.com', b'1', 121, 221, 321, NULL, 0, NULL, '2025-11-24 09:40:44.567', 'o6_bmjrPTlm6_2sgVt7hMZOPfL2X', NULL, 1, 16, 'platform', 21, '2025-11-22 09:05:22.567', 21, '2025-12-08 00:18:25.972', NULL, 0);
INSERT INTO `mdc_user` (`id`, `username`, `password`, `sex`, `salt`, `phone`, `avatar`, `name`, `email`, `state`, `last_dept_id`, `last_company_id`, `last_top_company_id`, `pw_error_last_time`, `pw_error_num`, `pw_expire_time`, `last_login_time`, `wx_openid`, `dd_openid`, `user_type`, `position_id`, `user_source`, `created_by`, `created_at`, `updated_by`, `updated_at`, `deleted_by`, `deleted_at`) VALUES (1489652371943628822, 'zhaohui22', 'e10adc3949ba59abbe56e057f20f883e', '1', 'f7h2j9k4', '13900139022', 5, '赵辉', 'zhaohui22@example.com', b'1', 122, 222, 322, '2025-11-23 11:25:33.789', 1, '2026-01-20 00:00:00.000', '2025-11-24 10:30:11.789', NULL, NULL, 1, 9, 'platform', 22, '2025-11-22 10:10:33.789', 22, '2025-12-08 00:18:25.976', NULL, 0);
INSERT INTO `mdc_user` (`id`, `username`, `password`, `sex`, `salt`, `phone`, `avatar`, `name`, `email`, `state`, `last_dept_id`, `last_company_id`, `last_top_company_id`, `pw_error_last_time`, `pw_error_num`, `pw_expire_time`, `last_login_time`, `wx_openid`, `dd_openid`, `user_type`, `position_id`, `user_source`, `created_by`, `created_at`, `updated_by`, `updated_at`, `deleted_by`, `deleted_at`) VALUES (1489652371943628823, 'chengjie23', 'e10adc3949ba59abbe56e057f20f883e', '1', 'k9d3s8x2', '13700137023', 19, '程杰', 'chengjie23@example.com', b'1', 123, 223, 323, NULL, 0, NULL, '2025-11-23 16:10:22.123', NULL, 'dingtalkabc123def456ghi789', 1, 7, 'platform', 23, '2025-11-22 11:15:44.890', 23, '2025-12-08 00:18:25.981', NULL, 0);
INSERT INTO `mdc_user` (`id`, `username`, `password`, `sex`, `salt`, `phone`, `avatar`, `name`, `email`, `state`, `last_dept_id`, `last_company_id`, `last_top_company_id`, `pw_error_last_time`, `pw_error_num`, `pw_expire_time`, `last_login_time`, `wx_openid`, `dd_openid`, `user_type`, `position_id`, `user_source`, `created_by`, `created_at`, `updated_by`, `updated_at`, `deleted_by`, `deleted_at`) VALUES (1489652371943628824, 'yangfan24', 'e10adc3949ba59abbe56e057f20f883e', '0', 'g2h9d4f7', '13600136024', 28, '杨帆', 'yangfan24@example.com', b'1', 124, 224, 324, NULL, 0, '2025-12-15 00:00:00.000', '2025-11-24 13:40:33.345', 'o6_bmjrPTlm6_2sgVt7hMZOPfL2Y', NULL, 1, 18, 'platform', 24, '2025-11-22 12:20:55.123', 24, '2025-12-08 00:18:25.985', NULL, 0);
INSERT INTO `mdc_user` (`id`, `username`, `password`, `sex`, `salt`, `phone`, `avatar`, `name`, `email`, `state`, `last_dept_id`, `last_company_id`, `last_top_company_id`, `pw_error_last_time`, `pw_error_num`, `pw_expire_time`, `last_login_time`, `wx_openid`, `dd_openid`, `user_type`, `position_id`, `user_source`, `created_by`, `created_at`, `updated_by`, `updated_at`, `deleted_by`, `deleted_at`) VALUES (1489652371943628825, 'liuxin25', 'e10adc3949ba59abbe56e057f20f883e', '1', 'j6k8z2a3', '13500135025', 17, '刘鑫', 'liuxin25@example.com', b'1', 125, 225, 325, '2025-11-22 14:30:18.345', 2, NULL, '2025-11-24 15:50:44.567', NULL, NULL, 1, 5, 'platform', 25, '2025-11-22 13:25:18.345', 25, '2025-12-08 00:18:25.987', NULL, 0);
INSERT INTO `mdc_user` (`id`, `username`, `password`, `sex`, `salt`, `phone`, `avatar`, `name`, `email`, `state`, `last_dept_id`, `last_company_id`, `last_top_company_id`, `pw_error_last_time`, `pw_error_num`, `pw_expire_time`, `last_login_time`, `wx_openid`, `dd_openid`, `user_type`, `position_id`, `user_source`, `created_by`, `created_at`, `updated_by`, `updated_at`, `deleted_by`, `deleted_at`) VALUES (1489652371943628826, 'huangjun26', 'e10adc3949ba59abbe56e057f20f883e', '1', 'h2j9k4f7', '13400134026', 4, '黄军', 'huangjun26@example.com', b'1', 126, 226, 326, NULL, 0, '2025-11-30 00:00:00.000', '2025-11-23 11:50:22.789', NULL, 'dingtalkdef456abc123ghi789', 1, 2, 'platform', 26, '2025-11-22 14:30:22.567', 26, '2025-12-08 00:18:25.991', NULL, 0);
INSERT INTO `mdc_user` (`id`, `username`, `password`, `sex`, `salt`, `phone`, `avatar`, `name`, `email`, `state`, `last_dept_id`, `last_company_id`, `last_top_company_id`, `pw_error_last_time`, `pw_error_num`, `pw_expire_time`, `last_login_time`, `wx_openid`, `dd_openid`, `user_type`, `position_id`, `user_source`, `created_by`, `created_at`, `updated_by`, `updated_at`, `deleted_by`, `deleted_at`) VALUES (1489652371943628827, 'zouxia27', 'e10adc3949ba59abbe56e057f20f883e', '0', 'd3s8x2k9', '13300133027', 20, '邹霞', 'zouxia27@example.com', b'1', 127, 227, 327, NULL, 0, NULL, '2025-11-24 08:50:33.123', 'o6_bmjrPTlm6_2sgVt7hMZOPfL2Z', NULL, 1, 12, 'platform', 27, '2025-11-22 15:35:33.789', 27, '2025-12-08 00:18:25.996', NULL, 0);
INSERT INTO `mdc_user` (`id`, `username`, `password`, `sex`, `salt`, `phone`, `avatar`, `name`, `email`, `state`, `last_dept_id`, `last_company_id`, `last_top_company_id`, `pw_error_last_time`, `pw_error_num`, `pw_expire_time`, `last_login_time`, `wx_openid`, `dd_openid`, `user_type`, `position_id`, `user_source`, `created_by`, `created_at`, `updated_by`, `updated_at`, `deleted_by`, `deleted_at`) VALUES (1489652371943628828, 'wuxia28', 'e10adc3949ba59abbe56e057f20f883e', '0', 's8x2k9d3', '15900159028', 3, '吴晓', 'wuxia28@example.com', b'1', 128, 228, 328, '2025-11-21 10:45:44.890', 1, '2025-12-20 00:00:00.000', '2025-11-24 10:10:55.345', NULL, NULL, 1, 11, 'platform', 28, '2025-11-22 16:40:44.890', 28, '2025-12-08 00:18:26.001', NULL, 0);
INSERT INTO `mdc_user` (`id`, `username`, `password`, `sex`, `salt`, `phone`, `avatar`, `name`, `email`, `state`, `last_dept_id`, `last_company_id`, `last_top_company_id`, `pw_error_last_time`, `pw_error_num`, `pw_expire_time`, `last_login_time`, `wx_openid`, `dd_openid`, `user_type`, `position_id`, `user_source`, `created_by`, `created_at`, `updated_by`, `updated_at`, `deleted_by`, `deleted_at`) VALUES (1489652371943628829, 'xugang29', 'e10adc3949ba59abbe56e057f20f883e', '1', 'd4f7g2h9', '15800158029', 2, '徐刚', 'xugang29@example.com', b'1', 129, 229, 329, NULL, 0, NULL, '2025-11-23 13:20:11.123', NULL, 'dingtalkghi789abc123def456', 1, 4, 'platform', 29, '2025-11-22 17:45:55.123', 29, '2025-12-08 00:18:26.005', NULL, 0);
INSERT INTO `mdc_user` (`id`, `username`, `password`, `sex`, `salt`, `phone`, `avatar`, `name`, `email`, `state`, `last_dept_id`, `last_company_id`, `last_top_company_id`, `pw_error_last_time`, `pw_error_num`, `pw_expire_time`, `last_login_time`, `wx_openid`, `dd_openid`, `user_type`, `position_id`, `user_source`, `created_by`, `created_at`, `updated_by`, `updated_at`, `deleted_by`, `deleted_at`) VALUES (1489652371943628830, 'sunjie30', 'e10adc3949ba59abbe56e057f20f883e', '0', 'a3j6k8z2', '15700157030', 1, '孙杰', 'sunjie30@example.com', b'1', 130, 230, 330, NULL, 0, '2026-01-10 00:00:00.000', '2025-11-24 12:30:22.345', 'o6_bmjrPTlm6_2sgVt7hMZOPfL3A', NULL, 2, 6, 'platform', 30, '2025-11-22 18:50:18.345', 30, '2025-12-08 00:18:26.009', NULL, 0);
INSERT INTO `mdc_user` (`id`, `username`, `password`, `sex`, `salt`, `phone`, `avatar`, `name`, `email`, `state`, `last_dept_id`, `last_company_id`, `last_top_company_id`, `pw_error_last_time`, `pw_error_num`, `pw_expire_time`, `last_login_time`, `wx_openid`, `dd_openid`, `user_type`, `position_id`, `user_source`, `created_by`, `created_at`, `updated_by`, `updated_at`, `deleted_by`, `deleted_at`) VALUES (1489652371943628831, 'zhuyi31', 'e10adc3949ba59abbe56e057f20f883e', '1', 'f7h2j9k4', '17800178031', 31, '朱毅', 'zhuyi31@example.com', b'1', 131, 231, 331, NULL, 0, NULL, '2025-11-23 09:10:33.567', NULL, NULL, 1, 13, 'platform', 31, '2025-11-23 09:05:22.567', 31, '2025-12-08 00:18:26.013', NULL, 0);
INSERT INTO `mdc_user` (`id`, `username`, `password`, `sex`, `salt`, `phone`, `avatar`, `name`, `email`, `state`, `last_dept_id`, `last_company_id`, `last_top_company_id`, `pw_error_last_time`, `pw_error_num`, `pw_expire_time`, `last_login_time`, `wx_openid`, `dd_openid`, `user_type`, `position_id`, `user_source`, `created_by`, `created_at`, `updated_by`, `updated_at`, `deleted_by`, `deleted_at`) VALUES (1489652371943628832, 'huming32', 'e10adc3949ba59abbe56e057f20f883e', '0', 'k9d3s8x2', '17700177032', 32, '胡明', 'huming32@example.com', b'1', 132, 232, 332, '2025-11-23 16:35:44.789', 1, '2026-02-05 00:00:00.000', '2025-11-24 14:20:33.789', 'o6_bmjrPTlm6_2sgVt7hMZOPfL3B', NULL, 1, 15, 'platform', 32, '2025-11-23 10:10:33.789', 32, '2025-12-08 00:18:26.018', NULL, 0);
INSERT INTO `mdc_user` (`id`, `username`, `password`, `sex`, `salt`, `phone`, `avatar`, `name`, `email`, `state`, `last_dept_id`, `last_company_id`, `last_top_company_id`, `pw_error_last_time`, `pw_error_num`, `pw_expire_time`, `last_login_time`, `wx_openid`, `dd_openid`, `user_type`, `position_id`, `user_source`, `created_by`, `created_at`, `updated_by`, `updated_at`, `deleted_by`, `deleted_at`) VALUES (1489652371943628833, 'guohua33', 'e10adc3949ba59abbe56e057f20f883e', '1', 'g2h9d4f7', '17600176033', 33, '郭华', 'guohua33@example.com', b'1', 133, 233, 333, NULL, 0, NULL, '2025-11-24 08:15:44.890', NULL, 'dingtalk123abc456def789ghi', 1, 8, 'platform', 33, '2025-11-23 11:15:44.890', 33, '2025-12-08 00:18:26.023', NULL, 0);
INSERT INTO `mdc_user` (`id`, `username`, `password`, `sex`, `salt`, `phone`, `avatar`, `name`, `email`, `state`, `last_dept_id`, `last_company_id`, `last_top_company_id`, `pw_error_last_time`, `pw_error_num`, `pw_expire_time`, `last_login_time`, `wx_openid`, `dd_openid`, `user_type`, `position_id`, `user_source`, `created_by`, `created_at`, `updated_by`, `updated_at`, `deleted_by`, `deleted_at`) VALUES (1489652371943628834, 'maming34', 'e10adc3949ba59abbe56e057f20f883e', '0', 'j6k8z2a3', '17500175034', 34, '马明', 'maming34@example.com', b'1', 134, 234, 334, NULL, 0, '2026-03-05 00:00:00.000', '2025-11-24 11:40:55.123', 'o6_bmjrPTlm6_2sgVt7hMZOPfL3C', NULL, 1, 17, 'platform', 34, '2025-11-23 12:20:55.123', 34, '2025-12-08 00:18:26.027', NULL, 0);
INSERT INTO `mdc_user` (`id`, `username`, `password`, `sex`, `salt`, `phone`, `avatar`, `name`, `email`, `state`, `last_dept_id`, `last_company_id`, `last_top_company_id`, `pw_error_last_time`, `pw_error_num`, `pw_expire_time`, `last_login_time`, `wx_openid`, `dd_openid`, `user_type`, `position_id`, `user_source`, `created_by`, `created_at`, `updated_by`, `updated_at`, `deleted_by`, `deleted_at`) VALUES (1489652371943628835, 'fengli35', 'e10adc3949ba59abbe56e057f20f883e', '0', 'h2j9k4f7', '17300173035', 35, '冯丽', 'fengli35@example.com', b'1', 135, 235, 335, '2025-11-22 13:45:18.345', 2, NULL, '2025-11-24 13:10:11.345', NULL, NULL, 1, 19, 'platform', 35, '2025-11-23 13:25:18.345', 35, '2025-12-08 00:18:26.031', NULL, 0);
INSERT INTO `mdc_user` (`id`, `username`, `password`, `sex`, `salt`, `phone`, `avatar`, `name`, `email`, `state`, `last_dept_id`, `last_company_id`, `last_top_company_id`, `pw_error_last_time`, `pw_error_num`, `pw_expire_time`, `last_login_time`, `wx_openid`, `dd_openid`, `user_type`, `position_id`, `user_source`, `created_by`, `created_at`, `updated_by`, `updated_at`, `deleted_by`, `deleted_at`) VALUES (1489652371943628836, 'chenyu36', 'e10adc3949ba59abbe56e057f20f883e', '1', 'd3s8x2k9', '17200172036', 36, '陈宇', 'chenyu36@example.com', b'1', 136, 236, 336, NULL, 0, '2026-04-05 00:00:00.000', '2025-11-23 14:30:22.567', NULL, 'dingtalk456def789ghi123abc', 1, 10, 'platform', 36, '2025-11-23 14:30:22.567', 36, '2025-12-08 00:18:26.036', NULL, 0);
INSERT INTO `mdc_user` (`id`, `username`, `password`, `sex`, `salt`, `phone`, `avatar`, `name`, `email`, `state`, `last_dept_id`, `last_company_id`, `last_top_company_id`, `pw_error_last_time`, `pw_error_num`, `pw_expire_time`, `last_login_time`, `wx_openid`, `dd_openid`, `user_type`, `position_id`, `user_source`, `created_by`, `created_at`, `updated_by`, `updated_at`, `deleted_by`, `deleted_at`) VALUES (1489652371943628837, 'zhanghong37', 'd6ccfe9c82e42ae9985c3a641ae41859889a654d7d5cb0e36b186b8d35adb79a', '0', 'EQZRZb8ArcWehQzxdrMu', '17100171037', 1489652371943628837, '张红', 'zhanghong37@example.com', b'1', NULL, NULL, NULL, NULL, 0, '2025-11-25 14:50:38.567', NULL, NULL, NULL, 1, 640292972870011032, 'platform', 37, '2025-11-23 15:35:33.789', NULL, '2025-12-08 00:18:26.041', NULL, 0);
INSERT INTO `mdc_user` (`id`, `username`, `password`, `sex`, `salt`, `phone`, `avatar`, `name`, `email`, `state`, `last_dept_id`, `last_company_id`, `last_top_company_id`, `pw_error_last_time`, `pw_error_num`, `pw_expire_time`, `last_login_time`, `wx_openid`, `dd_openid`, `user_type`, `position_id`, `user_source`, `created_by`, `created_at`, `updated_by`, `updated_at`, `deleted_by`, `deleted_at`) VALUES (1489652371943628838, 'liping38', NULL, '1', NULL, '16600166038', 1489652371943628838, '李平', 'liping38@example.com', b'1', NULL, NULL, NULL, NULL, NULL, NULL, NULL, NULL, NULL, 1, 640292972870011032, 'platform', 38, '2025-11-23 16:40:44.890', NULL, '2025-12-08 00:18:26.049', NULL, 0);
INSERT INTO `mdc_user` (`id`, `username`, `password`, `sex`, `salt`, `phone`, `avatar`, `name`, `email`, `state`, `last_dept_id`, `last_company_id`, `last_top_company_id`, `pw_error_last_time`, `pw_error_num`, `pw_expire_time`, `last_login_time`, `wx_openid`, `dd_openid`, `user_type`, `position_id`, `user_source`, `created_by`, `created_at`, `updated_by`, `updated_at`, `deleted_by`, `deleted_at`) VALUES (1489652371943628839, 'wangjun39', NULL, '1', NULL, '16500165039', 1489652371943628839, '王军', 'wangjun39@example.com', b'1', NULL, NULL, NULL, NULL, NULL, NULL, NULL, NULL, NULL, 1, 613250879521378541, 'platform', 39, '2025-11-23 17:45:55.123', NULL, '2025-12-08 00:18:26.052', NULL, 0);
COMMIT;

-- ----------------------------
-- Table structure for mdc_user_org_rel
-- ----------------------------
DROP TABLE IF EXISTS `mdc_user_org_rel`;
CREATE TABLE `mdc_user_org_rel` (
  `id` bigint NOT NULL COMMENT 'ID',
  `user_id` bigint NOT NULL COMMENT '所属用户',
  `org_id` bigint NOT NULL COMMENT '所属组织',
  `created_by` bigint DEFAULT NULL COMMENT '创建人id',
  `created_at` datetime(3) NOT NULL COMMENT '创建时间',
  PRIMARY KEY (`id`) USING BTREE,
  UNIQUE KEY `uk_user_org` (`user_id`,`org_id`) USING BTREE
) ENGINE=InnoDB DEFAULT CHARSET=utf8mb4 COLLATE=utf8mb4_general_ci COMMENT='用户所属组织';

-- ----------------------------
-- Records of mdc_user_org_rel
-- ----------------------------
BEGIN;
INSERT INTO `mdc_user_org_rel` (`id`, `user_id`, `org_id`, `created_by`, `created_at`) VALUES (26547527864629272, 680083598598475779, 687106879444787201, NULL, '2025-11-25 14:23:06.287');
INSERT INTO `mdc_user_org_rel` (`id`, `user_id`, `org_id`, `created_by`, `created_at`) VALUES (26547527864629273, 680083598598475778, 687106879444787201, NULL, '2025-11-25 14:23:23.897');
INSERT INTO `mdc_user_org_rel` (`id`, `user_id`, `org_id`, `created_by`, `created_at`) VALUES (26570639083650048, 1489652371943628839, 1451532727697276928, NULL, '2025-11-25 14:45:40.585');
INSERT INTO `mdc_user_org_rel` (`id`, `user_id`, `org_id`, `created_by`, `created_at`) VALUES (26570639083650049, 1489652371943628838, 1451532773234835456, NULL, '2025-11-25 14:45:49.896');
INSERT INTO `mdc_user_org_rel` (`id`, `user_id`, `org_id`, `created_by`, `created_at`) VALUES (26570639083650050, 1489652371943628838, 1451532821628715008, NULL, '2025-11-25 14:45:49.896');
INSERT INTO `mdc_user_org_rel` (`id`, `user_id`, `org_id`, `created_by`, `created_at`) VALUES (26570639083650051, 1489652371943628837, 1451532821628715008, NULL, '2025-11-25 14:46:03.619');
INSERT INTO `mdc_user_org_rel` (`id`, `user_id`, `org_id`, `created_by`, `created_at`) VALUES (26570639083650052, 1489652371943628837, 180724033313046543, NULL, '2025-11-25 14:46:03.620');
INSERT INTO `mdc_user_org_rel` (`id`, `user_id`, `org_id`, `created_by`, `created_at`) VALUES (26570639083650053, 1489652371943628837, 180724033313046546, NULL, '2025-11-25 14:46:03.620');
INSERT INTO `mdc_user_org_rel` (`id`, `user_id`, `org_id`, `created_by`, `created_at`) VALUES (26570639083650054, 1489652371943628837, 1451532773234835456, NULL, '2025-11-25 14:46:03.620');
INSERT INTO `mdc_user_org_rel` (`id`, `user_id`, `org_id`, `created_by`, `created_at`) VALUES (26738138513236994, 26570639083650055, 26547527864629266, NULL, '2025-11-26 01:18:47.517');
COMMIT;

-- ----------------------------
-- Table structure for mdc_user_role_rel
-- ----------------------------
DROP TABLE IF EXISTS `mdc_user_role_rel`;
CREATE TABLE `mdc_user_role_rel` (
  `id` bigint NOT NULL COMMENT 'ID',
  `role_id` bigint NOT NULL COMMENT '所属角色',
  `user_id` bigint NOT NULL COMMENT '所属用户',
  `created_by` bigint DEFAULT NULL COMMENT '创建人id',
  `created_at` datetime(3) NOT NULL COMMENT '创建时间',
  PRIMARY KEY (`id`) USING BTREE,
  UNIQUE KEY `uk_role_user` (`role_id`,`user_id`) USING BTREE,
  KEY `idx_user_role` (`user_id`,`role_id`) USING BTREE
) ENGINE=InnoDB DEFAULT CHARSET=utf8mb4 COLLATE=utf8mb4_general_ci COMMENT='用户角色关联';

-- ----------------------------
-- Records of mdc_user_role_rel
-- ----------------------------
BEGIN;
INSERT INTO `mdc_user_role_rel` (`id`, `role_id`, `user_id`, `created_by`, `created_at`) VALUES (30252637237177393, 29685645719521280, 680083598598475778, 680083598598475778, '2025-12-05 17:10:46.371');
INSERT INTO `mdc_user_role_rel` (`id`, `role_id`, `user_id`, `created_by`, `created_at`) VALUES (31339294027844775, 1, 680083598598475778, 680083598598475778, '2025-12-08 11:07:49.674');
INSERT INTO `mdc_user_role_rel` (`id`, `role_id`, `user_id`, `created_by`, `created_at`) VALUES (31339294027844776, 30589663320895492, 680083598598475779, 680083598598475778, '2025-12-08 11:08:04.365');
INSERT INTO `mdc_user_role_rel` (`id`, `role_id`, `user_id`, `created_by`, `created_at`) VALUES (31731106714392576, 30589663320895491, 680083598598475780, 680083598598475778, '2025-12-09 12:15:20.370');
COMMIT;

-- ----------------------------
-- Table structure for mdo_api
-- ----------------------------
DROP TABLE IF EXISTS `mdo_api`;
CREATE TABLE `mdo_api` (
  `id` bigint NOT NULL COMMENT 'id',
  `app_name` varchar(64) CHARACTER SET utf8mb4 COLLATE utf8mb4_general_ci NOT NULL DEFAULT '' COMMENT '应用名称',
  `api_name` varchar(128) CHARACTER SET utf8mb4 COLLATE utf8mb4_general_ci NOT NULL DEFAULT '' COMMENT '接口名称',
  `api_version` varchar(16) CHARACTER SET utf8mb4 COLLATE utf8mb4_general_ci NOT NULL DEFAULT '1.0' COMMENT '版本号',
  `description` varchar(64) CHARACTER SET utf8mb4 COLLATE utf8mb4_general_ci DEFAULT '' COMMENT '接口描述',
  `remark` text CHARACTER SET utf8mb4 COLLATE utf8mb4_general_ci COMMENT '备注',
  `interface_class_name` varchar(128) CHARACTER SET utf8mb4 COLLATE utf8mb4_general_ci NOT NULL DEFAULT '' COMMENT '接口类名',
  `method_name` varchar(128) CHARACTER SET utf8mb4 COLLATE utf8mb4_general_ci NOT NULL DEFAULT '' COMMENT '方法名称',
  `param_info` text CHARACTER SET utf8mb4 COLLATE utf8mb4_general_ci COMMENT '参数信息',
  `permission` tinyint NOT NULL DEFAULT '0' COMMENT '需要授权\r\n[0-否 1-是]',
  `need_token` tinyint NOT NULL DEFAULT '0' COMMENT '需要token\r\n[0-否 1-是]',
  `common_response` tinyint NOT NULL DEFAULT '1' COMMENT '公共响应参数\r\n[0-否 1-是]',
  `reg_source` tinyint NOT NULL DEFAULT '1' COMMENT '注册来源\n[1-系统注册 2-手动注册]',
  `api_mode` tinyint NOT NULL DEFAULT '1' COMMENT '接口模式\n[1-open接口 2-Restful模式]',
  `state` tinyint NOT NULL DEFAULT '1' COMMENT '状态\r\n[1-启用 0-禁用]',
  `created_at` datetime(3) NOT NULL DEFAULT CURRENT_TIMESTAMP(3) COMMENT '添加时间',
  `updated_at` datetime(3) NOT NULL DEFAULT CURRENT_TIMESTAMP(3) ON UPDATE CURRENT_TIMESTAMP(3) COMMENT '修改时间',
  `created_by` bigint DEFAULT '0' COMMENT '创建人id',
  `updated_by` bigint DEFAULT '0' COMMENT '修改人id',
  PRIMARY KEY (`id`) USING BTREE,
  UNIQUE KEY `uk_apiname_version` (`api_name`,`api_version`) USING BTREE
) ENGINE=InnoDB DEFAULT CHARSET=utf8mb4 COLLATE=utf8mb4_general_ci COMMENT='开放接口';

-- ----------------------------
-- Records of mdo_api
-- ----------------------------
BEGIN;
INSERT INTO `mdo_api` (`id`, `app_name`, `api_name`, `api_version`, `description`, `remark`, `interface_class_name`, `method_name`, `param_info`, `permission`, `need_token`, `common_response`, `reg_source`, `api_mode`, `state`, `created_at`, `updated_at`, `created_by`, `updated_by`) VALUES (42665509334532102, 'boot-server', 'msg.sendSms', '1.0', NULL, NULL, 'top.mddata.api.oepn.MsgOpenService', 'sendSmsByTemplateKey', '[{\"name\":\"data\",\"type\":\"top.mddata.api.oepn.dto.SendSmsDto\"}]', 0, 0, 1, 1, 1, 1, '2026-01-07 23:26:12.342', '2026-01-07 23:26:12.342', NULL, NULL);
INSERT INTO `mdo_api` (`id`, `app_name`, `api_name`, `api_version`, `description`, `remark`, `interface_class_name`, `method_name`, `param_info`, `permission`, `need_token`, `common_response`, `reg_source`, `api_mode`, `state`, `created_at`, `updated_at`, `created_by`, `updated_by`) VALUES (42665509334532121, 'boot-server', 'msg.sendEmail', '1.0', NULL, NULL, 'top.mddata.api.oepn.MsgOpenService', 'sendEmailByTemplateKey', '[{\"name\":\"data\",\"type\":\"top.mddata.api.oepn.dto.SendMailDto\"}]', 0, 0, 1, 1, 1, 1, '2026-01-07 23:26:33.711', '2026-01-07 23:26:33.711', NULL, NULL);
INSERT INTO `mdo_api` (`id`, `app_name`, `api_name`, `api_version`, `description`, `remark`, `interface_class_name`, `method_name`, `param_info`, `permission`, `need_token`, `common_response`, `reg_source`, `api_mode`, `state`, `created_at`, `updated_at`, `created_by`, `updated_by`) VALUES (42665509334532122, 'boot-server', 'msg.sendNotice', '1.0', NULL, NULL, 'top.mddata.api.oepn.MsgOpenService', 'sendNoticeByTemplateKey', '[{\"name\":\"data\",\"type\":\"top.mddata.api.oepn.dto.SendNoticeDto\"}]', 0, 0, 1, 1, 1, 1, '2026-01-07 23:26:37.021', '2026-01-07 23:26:37.021', NULL, NULL);
INSERT INTO `mdo_api` (`id`, `app_name`, `api_name`, `api_version`, `description`, `remark`, `interface_class_name`, `method_name`, `param_info`, `permission`, `need_token`, `common_response`, `reg_source`, `api_mode`, `state`, `created_at`, `updated_at`, `created_by`, `updated_by`) VALUES (42665509334532124, 'boot-server', 'org.getById', '1.0', NULL, NULL, 'top.mddata.api.oepn.OrgOpenService', 'getVoById', '[{\"name\":\"id\",\"type\":\"java.lang.Long\"}]', 0, 0, 1, 1, 1, 1, '2026-01-07 23:26:38.875', '2026-01-07 23:26:38.875', NULL, NULL);
INSERT INTO `mdo_api` (`id`, `app_name`, `api_name`, `api_version`, `description`, `remark`, `interface_class_name`, `method_name`, `param_info`, `permission`, `need_token`, `common_response`, `reg_source`, `api_mode`, `state`, `created_at`, `updated_at`, `created_by`, `updated_by`) VALUES (42665509334532125, 'boot-server', 'user.updateById', '1.0', NULL, NULL, 'top.mddata.api.oepn.UserOpenService', 'updateById', '[{\"name\":\"dto\",\"type\":\"top.mddata.api.oepn.dto.UserUpdateDto\"}]', 0, 0, 1, 1, 1, 1, '2026-01-07 23:26:38.910', '2026-01-07 23:26:38.910', NULL, NULL);
INSERT INTO `mdo_api` (`id`, `app_name`, `api_name`, `api_version`, `description`, `remark`, `interface_class_name`, `method_name`, `param_info`, `permission`, `need_token`, `common_response`, `reg_source`, `api_mode`, `state`, `created_at`, `updated_at`, `created_by`, `updated_by`) VALUES (42665509334532126, 'boot-server', 'user.page', '1.0', NULL, NULL, 'top.mddata.api.oepn.UserOpenService', 'page', '[{\"actualType\":\"top.mddata.api.oepn.query.UserQuery\",\"name\":\"params\",\"type\":\"top.mddata.base.mvcflex.request.PageParams\"}]', 0, 0, 1, 1, 1, 1, '2026-01-07 23:26:38.932', '2026-01-07 23:26:38.932', NULL, NULL);
INSERT INTO `mdo_api` (`id`, `app_name`, `api_name`, `api_version`, `description`, `remark`, `interface_class_name`, `method_name`, `param_info`, `permission`, `need_token`, `common_response`, `reg_source`, `api_mode`, `state`, `created_at`, `updated_at`, `created_by`, `updated_by`) VALUES (42665509334532127, 'boot-server', 'org.save', '1.0', NULL, NULL, 'top.mddata.api.oepn.OrgOpenService', 'save', '[{\"name\":\"dto\",\"type\":\"top.mddata.api.oepn.dto.OrgSaveDto\"}]', 0, 0, 1, 1, 1, 1, '2026-01-07 23:26:38.949', '2026-01-07 23:26:38.948', NULL, NULL);
INSERT INTO `mdo_api` (`id`, `app_name`, `api_name`, `api_version`, `description`, `remark`, `interface_class_name`, `method_name`, `param_info`, `permission`, `need_token`, `common_response`, `reg_source`, `api_mode`, `state`, `created_at`, `updated_at`, `created_by`, `updated_by`) VALUES (42665509334532128, 'boot-server', 'user.batchSave', '1.0', NULL, NULL, 'top.mddata.api.oepn.UserOpenService', 'batchSave', '[{\"name\":\"dto\",\"type\":\"top.mddata.api.oepn.dto.UserBatchSaveDto\"}]', 0, 0, 1, 1, 1, 1, '2026-01-07 23:26:38.966', '2026-01-07 23:26:38.966', NULL, NULL);
INSERT INTO `mdo_api` (`id`, `app_name`, `api_name`, `api_version`, `description`, `remark`, `interface_class_name`, `method_name`, `param_info`, `permission`, `need_token`, `common_response`, `reg_source`, `api_mode`, `state`, `created_at`, `updated_at`, `created_by`, `updated_by`) VALUES (42665509334532129, 'boot-server', 'user.getById', '1.0', NULL, NULL, 'top.mddata.api.oepn.UserOpenService', 'getById', '[{\"name\":\"id\",\"type\":\"java.lang.Long\"}]', 0, 0, 1, 1, 1, 1, '2026-01-07 23:26:38.983', '2026-01-07 23:26:38.983', NULL, NULL);
INSERT INTO `mdo_api` (`id`, `app_name`, `api_name`, `api_version`, `description`, `remark`, `interface_class_name`, `method_name`, `param_info`, `permission`, `need_token`, `common_response`, `reg_source`, `api_mode`, `state`, `created_at`, `updated_at`, `created_by`, `updated_by`) VALUES (43415174401244160, 'boot-server', 'org.updateById', '1.0', NULL, NULL, 'top.mddata.api.oepn.OrgOpenService', 'updateById', '[{\"name\":\"dto\",\"type\":\"top.mddata.api.oepn.dto.OrgUpdateDto\"}]', 0, 0, 1, 1, 1, 1, '2026-01-09 23:53:41.313', '2026-01-09 23:53:41.313', NULL, NULL);
INSERT INTO `mdo_api` (`id`, `app_name`, `api_name`, `api_version`, `description`, `remark`, `interface_class_name`, `method_name`, `param_info`, `permission`, `need_token`, `common_response`, `reg_source`, `api_mode`, `state`, `created_at`, `updated_at`, `created_by`, `updated_by`) VALUES (43415174401244161, 'boot-server', 'org.page', '1.0', NULL, NULL, 'top.mddata.api.oepn.OrgOpenService', 'page', '[{\"actualType\":\"top.mddata.api.oepn.query.OrgQuery\",\"name\":\"params\",\"type\":\"top.mddata.base.mvcflex.request.PageParams\"}]', 0, 0, 1, 1, 1, 1, '2026-01-09 23:53:41.333', '2026-01-09 23:53:41.333', NULL, NULL);
COMMIT;

-- ----------------------------
-- Table structure for mdo_api_call_log
-- ----------------------------
DROP TABLE IF EXISTS `mdo_api_call_log`;
CREATE TABLE `mdo_api_call_log` (
  `id` bigint NOT NULL COMMENT 'ID',
  `trace_id` varchar(255) COLLATE utf8mb4_general_ci DEFAULT NULL COMMENT '调用链id',
  `app_id` bigint NOT NULL COMMENT '所属应用',
  `app_key` varchar(255) COLLATE utf8mb4_general_ci DEFAULT NULL COMMENT '应用秘钥',
  `app_name` varchar(255) COLLATE utf8mb4_general_ci DEFAULT NULL COMMENT '应用名称',
  `request_ip` varchar(255) COLLATE utf8mb4_general_ci DEFAULT NULL COMMENT '请求IP',
  `api_id` bigint NOT NULL COMMENT '所属接口',
  `api_name` varchar(255) COLLATE utf8mb4_general_ci DEFAULT NULL COMMENT '接口名称',
  `api_version` varchar(255) COLLATE utf8mb4_general_ci DEFAULT NULL COMMENT '版本号',
  `interface_class_name` varchar(255) COLLATE utf8mb4_general_ci DEFAULT NULL COMMENT '接口类名',
  `method_name` varchar(255) COLLATE utf8mb4_general_ci DEFAULT NULL COMMENT '方法名称',
  `param_info` longtext COLLATE utf8mb4_general_ci COMMENT '请求参数',
  `request_header` text COLLATE utf8mb4_general_ci COMMENT '请求头',
  `request_time` datetime(3) DEFAULT NULL COMMENT '请求时间',
  `exec_status` char(1) CHARACTER SET utf8mb4 COLLATE utf8mb4_general_ci DEFAULT NULL COMMENT '执行状态\n[1-执行成功,2-执行失败]',
  `response_data` longtext COLLATE utf8mb4_general_ci COMMENT '响应内容',
  `response_time` datetime(3) DEFAULT NULL COMMENT '响应时间',
  `error_msg` longtext COLLATE utf8mb4_general_ci COMMENT '异常消息',
  `created_by` bigint DEFAULT NULL COMMENT '创建人',
  `created_at` datetime(3) DEFAULT NULL COMMENT '创建时间',
  PRIMARY KEY (`id`)
) ENGINE=InnoDB DEFAULT CHARSET=utf8mb4 COLLATE=utf8mb4_general_ci COMMENT='调用日志';

-- ----------------------------
-- Records of mdo_api_call_log
-- ----------------------------
BEGIN;
INSERT INTO `mdo_api_call_log` (`id`, `trace_id`, `app_id`, `app_key`, `app_name`, `request_ip`, `api_id`, `api_name`, `api_version`, `interface_class_name`, `method_name`, `param_info`, `request_header`, `request_time`, `exec_status`, `response_data`, `response_time`, `error_msg`, `created_by`, `created_at`) VALUES (44525440627154944, '827301bd263149ccb04de8c22264ca39', 5, 'ruoyi-vue-oauth', 'boot-server', '127.0.0.1', 42665509334532129, 'user.getById', '1.0', 'top.mddata.api.oepn.UserOpenService', 'getById', '{\"appKey\":\"ruoyi-vue-oauth\",\"bizContent\":\"{\\\"id\\\":680083598598475778}\",\"charset\":\"UTF-8\",\"format\":\"json\",\"method\":\"user.getById\",\"sign\":\"Ztui43fgagX6d8TiFaRikqUqLFLzecRBkDYcMWRC5m/gJc98Tl7WIKjVSzSJiNcesDQN6vurBU4jCMoRFhHrBghSQAPh0u5hVK09YeJ3rp6C51Pd7H2JgNdfjR9A99bb9gBYgGynYUseaUJIs5ZyOsp9VzYj2Kpsec+XJAzMufaTAa24bPZ0iZzh9oyo2xmWmD657I+UlkNEEvI7DEoDlt6gkCEWq80K58rFpwB33417vt0OHdrHpHCVw6KXJDhoW3OKlqhGrHmC/xnzq6AgmdKIdHvRRYALofMwloIaV0AyYqhGJplXIUk1HMMj2xo8B50Y22x0Wt4A6Dc2+3SJxg==\",\"signType\":\"RSA2\",\"timestamp\":\"2026-01-12 23:41:38\",\"version\":\"1.0\"}', NULL, '2026-01-12 23:41:38.837', '1', '{\"createdAt\":\"2025-07-10T10:48:36\",\"phone\":\"15210000000\",\"userSource\":\"platform\",\"sex\":\"0\",\"name\":\"孙运维超管\",\"id\":680083598598475778,\"state\":true,\"class\":\"top.mddata.api.oepn.resp.UserResp\",\"email\":\"306479353@qq.com\",\"username\":\"ops_admin\"}', '2026-01-12 23:41:39.109', NULL, NULL, '2026-01-12 23:41:39.114');
INSERT INTO `mdo_api_call_log` (`id`, `trace_id`, `app_id`, `app_key`, `app_name`, `request_ip`, `api_id`, `api_name`, `api_version`, `interface_class_name`, `method_name`, `param_info`, `request_header`, `request_time`, `exec_status`, `response_data`, `response_time`, `error_msg`, `created_by`, `created_at`) VALUES (44525440627154945, '50b1aa0969904056841f3b0f9faef328', 5, 'ruoyi-vue-oauth', 'boot-server', '127.0.0.1', 42665509334532127, 'org.save', '1.0', 'top.mddata.api.oepn.OrgOpenService', 'save', '{\"appKey\":\"ruoyi-vue-oauth\",\"bizContent\":\"{\\\"name\\\":\\\"test2145\\\",\\\"orgType\\\":\\\"10\\\",\\\"parentId\\\":123}\",\"charset\":\"UTF-8\",\"format\":\"json\",\"method\":\"org.save\",\"sign\":\"Gsy8otCWnW6BVsMUJ8VwA3IsuvrI5gyKw8t5v2RqhOfGdJNZnPKJgDXvLzlB2q7QIPTw5ANjxhjU93zJxN1+ktZN1KTZofwzQt8ozkGq3jEihTyh7ngjYhP6LtjEdqZns7OAN6kn1PO3h9pGUmc6LsY6E2ul3VQ80JTOF69ciryd3Rnj+9zegKLoVaiLG/ZdzA/Doj+b27hiS/a0VpJZB7ob+FAif/XsDcHX7dFvVw/eeU6il6EXKU2RAbgEnOMUnrYO2PwDDxlRusNzylb7Hd/CST+5j6YDd2sts/47VH9fmyMaHHCk5E+p0a7ej2ITVCp5AOmNvJ9scZ1ORoNmjg==\",\"signType\":\"RSA2\",\"timestamp\":\"2026-01-12 23:43:41\",\"version\":\"1.0\"}', NULL, '2026-01-12 23:43:41.353', '2', '{\"code\":\"50003\",\"msg\":\"业务处理失败\",\"solution\":\"请参考文档，检查入参\",\"sub_code\":\"biz.param-validation\",\"sub_msg\":\"参数校验异常, 上级节点不能为空\"}', NULL, 'com.gitee.sop.support.exception.OpenException\n<OPEN_ERROR>biz.param-validation@@参数校验异常, 上级节点不能为空@@请参考文档，检查入参</OPEN_ERROR>\n	at top.mddata.api.oepn.message.GlobalExceptionFilter.invoke(GlobalExceptionFilter.java:30)\n	at org.apache.dubbo.rpc.cluster.filter.FilterChainBuilder$CopyOfFilterChainNode.invoke(FilterChainBuilder.java:349)\n	at org.apache.dubbo.rpc.filter.ExceptionFilter.invoke(ExceptionFilter.java:55)\n	at org.apache.dubbo.rpc.cluster.filter.FilterChainBuilder$CopyOfFilterChainNode.invoke(FilterChainBuilder.java:349)\n	at org.apache.dubbo.rpc.filter.AccessLogFilter.invoke(AccessLogFilter.java:120)\n	at org.apache.dubbo.rpc.cluster.filter.FilterChainBuilder$CopyOfFilterChainNode.invoke(FilterChainBuilder.java:349)\n	at org.apache.dubbo.spring.security.filter.ContextHolderAuthenticationResolverFilter.invoke(ContextHolderAuthenticationResolverFilter.java:64)\n	at org.apache.dubbo.rpc.cluster.filter.FilterChainBuilder$CopyOfFilterChainNode.invoke(FilterChainBuilder.java:349)\n	at org.apache.dubbo.rpc.filter.GenericFilter.invoke(GenericFilter.java:217)\n	at org.apache.dubbo.rpc.cluster.filter.FilterChainBuilder$CopyOfFilterChainNode.invoke(FilterChainBuilder.java:349)\n	at org.apache.dubbo.rpc.protocol.tri.h12.HttpContextFilter.invoke(HttpContextFilter.java:38)\n	at org.apache.dubbo.rpc.cluster.filter.FilterChainBuilder$CopyOfFilterChainNode.invoke(FilterChainBuilder.java:349)\n	at org.apache.dubbo.rpc.filter.ClassLoaderFilter.invoke(ClassLoaderFilter.java:54)\n	at org.apache.dubbo.rpc.cluster.filter.FilterChainBuilder$CopyOfFilterChainNode.invoke(FilterChainBuilder.java:349)\n	at org.apache.dubbo.rpc.filter.EchoFilter.invoke(EchoFilter.java:41)\n	at org.apache.dubbo.rpc.cluster.filter.FilterChainBuilder$CopyOfFilterChainNode.invoke(FilterChainBuilder.java:349)\n	at org.apache.dubbo.metrics.filter.MetricsFilter.invoke(MetricsFilter.java:86)\n	at org.apache.dubbo.metrics.filter.MetricsProviderFilter.invoke(MetricsProviderFilter.java:37)\n	at org.apache.dubbo.rpc.cluster.filter.FilterChainBuilder$CopyOfFilterChainNode.invoke(FilterChainBuilder.java:349)\n	at org.apache.dubbo.tracing.filter.ObservationReceiverFilter.invoke(ObservationReceiverFilter.java:59)\n	at org.apache.dubbo.rpc.cluster.filter.FilterChainBuilder$CopyOfFilterChainNode.invoke(FilterChainBuilder.java:349)\n	at org.apache.dubbo.rpc.filter.ProfilerServerFilter.invoke(ProfilerServerFilter.java:66)\n	at org.apache.dubbo.rpc.cluster.filter.FilterChainBuilder$CopyOfFilterChainNode.invoke(FilterChainBuilder.java:349)\n	at org.apache.dubbo.rpc.filter.ContextFilter.invoke(ContextFilter.java:191)\n	at org.apache.dubbo.rpc.cluster.filter.FilterChainBuilder$CopyOfFilterChainNode.invoke(FilterChainBuilder.java:349)\n	at org.apache.dubbo.rpc.cluster.filter.FilterChainBuilder$CallbackRegistrationInvoker.invoke(FilterChainBuilder.java:197)\n	at org.apache.dubbo.rpc.protocol.dubbo.DubboProtocol$1.reply(DubboProtocol.java:167)\n	at org.apache.dubbo.remoting.exchange.support.header.HeaderExchangeHandler.handleRequest(HeaderExchangeHandler.java:110)\n	at org.apache.dubbo.remoting.exchange.support.header.HeaderExchangeHandler.received(HeaderExchangeHandler.java:205)\n	at org.apache.dubbo.remoting.transport.DecodeHandler.received(DecodeHandler.java:52)\n	at org.apache.dubbo.remoting.transport.dispatcher.ChannelEventRunnable.run(ChannelEventRunnable.java:64)\n	at java.base/java.util.concurrent.ThreadPoolExecutor.runWorker(ThreadPoolExecutor.java:1136)\n	at java.base/java.util.concurrent.ThreadPoolExecutor$Worker.run(ThreadPoolExecutor.java:635)\n	at org.apache.dubbo.common.threadlocal.InternalRunnable.run(InternalRunnable.java:39)\n	at java.base/java.lang.Thread.run(Thread.java:833)\n', NULL, '2026-01-12 23:43:41.523');
INSERT INTO `mdo_api_call_log` (`id`, `trace_id`, `app_id`, `app_key`, `app_name`, `request_ip`, `api_id`, `api_name`, `api_version`, `interface_class_name`, `method_name`, `param_info`, `request_header`, `request_time`, `exec_status`, `response_data`, `response_time`, `error_msg`, `created_by`, `created_at`) VALUES (44780514439902208, '42e8337638ac4e6393ff72ea049ffc38', 5, 'ruoyi-vue-oauth', '若依oauth2', '127.0.0.1', 42665509334532127, 'org.save', '1.0', 'top.mddata.api.oepn.OrgOpenService', 'save', '{\"appKey\":\"ruoyi-vue-oauth\",\"bizContent\":\"{\\\"name\\\":\\\"test447\\\",\\\"orgType\\\":\\\"10\\\",\\\"parentId\\\":123}\",\"charset\":\"UTF-8\",\"format\":\"json\",\"method\":\"org.save\",\"sign\":\"B6cBVbbQH+vPPdjXOew7zbYx/Nlf+0wregPPJrx0StRv2PN7ErcvD63KiFk5I1s6CFhR23HtqLd9Wo4BvF/8rnRzkUVbUc5RCFkSJ9Dq+DMb8QlVmOmIXIeKD8ZsLkjyKWErqS3ahpiPiwZZSLFTYGNOV/68ksPLC5EvR7p4QAPRRdKM1w/15tf4CFW3HZdyOH1TYQ+m8hGubkJuc5gAKGg14JyfyBvQHJPFT7xDlbg0q0SR+xuBVKmOcPDSosDhnC0x73/LiM3JcDbUlH13ShbRy6zUQHv0PWTfKXHSdSPy0l3MawC1ZxZ6W3tN4oTPkNyscc9qhbxVBOerOMDBRg==\",\"signType\":\"RSA2\",\"timestamp\":\"2026-01-13 16:12:28\",\"version\":\"1.0\"}', NULL, '2026-01-13 16:12:29.234', '2', '{\"code\":\"50003\",\"msg\":\"业务处理失败\",\"solution\":\"请参考文档，检查入参\",\"sub_code\":\"biz.param-validation\",\"sub_msg\":\"参数校验异常, 上级节点不能为空\"}', '2026-01-13 16:12:29.505', 'com.gitee.sop.support.exception.OpenException\n<OPEN_ERROR>biz.param-validation@@参数校验异常, 上级节点不能为空@@请参考文档，检查入参</OPEN_ERROR>\n	at top.mddata.api.oepn.message.GlobalExceptionFilter.invoke(GlobalExceptionFilter.java:30)\n	at org.apache.dubbo.rpc.cluster.filter.FilterChainBuilder$CopyOfFilterChainNode.invoke(FilterChainBuilder.java:349)\n	at org.apache.dubbo.rpc.filter.ExceptionFilter.invoke(ExceptionFilter.java:55)\n	at org.apache.dubbo.rpc.cluster.filter.FilterChainBuilder$CopyOfFilterChainNode.invoke(FilterChainBuilder.java:349)\n	at org.apache.dubbo.rpc.filter.AccessLogFilter.invoke(AccessLogFilter.java:120)\n	at org.apache.dubbo.rpc.cluster.filter.FilterChainBuilder$CopyOfFilterChainNode.invoke(FilterChainBuilder.java:349)\n	at org.apache.dubbo.spring.security.filter.ContextHolderAuthenticationResolverFilter.invoke(ContextHolderAuthenticationResolverFilter.java:64)\n	at org.apache.dubbo.rpc.cluster.filter.FilterChainBuilder$CopyOfFilterChainNode.invoke(FilterChainBuilder.java:349)\n	at org.apache.dubbo.rpc.filter.GenericFilter.invoke(GenericFilter.java:217)\n	at org.apache.dubbo.rpc.cluster.filter.FilterChainBuilder$CopyOfFilterChainNode.invoke(FilterChainBuilder.java:349)\n	at org.apache.dubbo.rpc.protocol.tri.h12.HttpContextFilter.invoke(HttpContextFilter.java:38)\n	at org.apache.dubbo.rpc.cluster.filter.FilterChainBuilder$CopyOfFilterChainNode.invoke(FilterChainBuilder.java:349)\n	at org.apache.dubbo.rpc.filter.ClassLoaderFilter.invoke(ClassLoaderFilter.java:54)\n	at org.apache.dubbo.rpc.cluster.filter.FilterChainBuilder$CopyOfFilterChainNode.invoke(FilterChainBuilder.java:349)\n	at org.apache.dubbo.rpc.filter.EchoFilter.invoke(EchoFilter.java:41)\n	at org.apache.dubbo.rpc.cluster.filter.FilterChainBuilder$CopyOfFilterChainNode.invoke(FilterChainBuilder.java:349)\n	at org.apache.dubbo.metrics.filter.MetricsFilter.invoke(MetricsFilter.java:86)\n	at org.apache.dubbo.metrics.filter.MetricsProviderFilter.invoke(MetricsProviderFilter.java:37)\n	at org.apache.dubbo.rpc.cluster.filter.FilterChainBuilder$CopyOfFilterChainNode.invoke(FilterChainBuilder.java:349)\n	at org.apache.dubbo.tracing.filter.ObservationReceiverFilter.invoke(ObservationReceiverFilter.java:59)\n	at org.apache.dubbo.rpc.cluster.filter.FilterChainBuilder$CopyOfFilterChainNode.invoke(FilterChainBuilder.java:349)\n	at org.apache.dubbo.rpc.filter.ProfilerServerFilter.invoke(ProfilerServerFilter.java:66)\n	at org.apache.dubbo.rpc.cluster.filter.FilterChainBuilder$CopyOfFilterChainNode.invoke(FilterChainBuilder.java:349)\n	at org.apache.dubbo.rpc.filter.ContextFilter.invoke(ContextFilter.java:191)\n	at org.apache.dubbo.rpc.cluster.filter.FilterChainBuilder$CopyOfFilterChainNode.invoke(FilterChainBuilder.java:349)\n	at org.apache.dubbo.rpc.cluster.filter.FilterChainBuilder$CallbackRegistrationInvoker.invoke(FilterChainBuilder.java:197)\n	at org.apache.dubbo.rpc.protocol.dubbo.DubboProtocol$1.reply(DubboProtocol.java:167)\n	at org.apache.dubbo.remoting.exchange.support.header.HeaderExchangeHandler.handleRequest(HeaderExchangeHandler.java:110)\n	at org.apache.dubbo.remoting.exchange.support.header.HeaderExchangeHandler.received(HeaderExchangeHandler.java:205)\n	at org.apache.dubbo.remoting.transport.DecodeHandler.received(DecodeHandler.java:52)\n	at org.apache.dubbo.remoting.transport.dispatcher.ChannelEventRunnable.run(ChannelEventRunnable.java:64)\n	at java.base/java.util.concurrent.ThreadPoolExecutor.runWorker(ThreadPoolExecutor.java:1136)\n	at java.base/java.util.concurrent.ThreadPoolExecutor$Worker.run(ThreadPoolExecutor.java:635)\n	at org.apache.dubbo.common.threadlocal.InternalRunnable.run(InternalRunnable.java:39)\n	at java.base/java.lang.Thread.run(Thread.java:833)\n', NULL, '2026-01-13 16:12:29.507');
INSERT INTO `mdo_api_call_log` (`id`, `trace_id`, `app_id`, `app_key`, `app_name`, `request_ip`, `api_id`, `api_name`, `api_version`, `interface_class_name`, `method_name`, `param_info`, `request_header`, `request_time`, `exec_status`, `response_data`, `response_time`, `error_msg`, `created_by`, `created_at`) VALUES (44780514439902209, '63c6ea6d57cc40e899cfc486fb18033f', 5, 'ruoyi-vue-oauth', '若依oauth2', '127.0.0.1', 42665509334532127, 'org.save', '1.0', 'top.mddata.api.oepn.OrgOpenService', 'save', '{\"appKey\":\"ruoyi-vue-oauth\",\"bizContent\":\"{\\\"name\\\":\\\"test4469\\\",\\\"orgType\\\":\\\"10\\\"}\",\"charset\":\"UTF-8\",\"format\":\"json\",\"method\":\"org.save\",\"sign\":\"pqVgZp2X3IZ6Y8vVcJYuFMODd+A8ZXOnK5bqUp7msq5Gl9IGMzd/TcA5Y4u1tR3jUp+UJtRrM/j5K5H0DT5I4X6UanW0dgA2nbQ2gv755O04lchOMk0HDc0MwB2eIsDcYlft/Y8bUbEoIHQxo2VYDubxP2JHWJ/8TzsGRI1kFyPT241+Z8cKVs6FE+dmHJFtO430E8jSA/wbCP/6ww1YRyg2+TBKaQTjV6j4DdTz2mB+JYesrSzZ13j6oJrbaWbICp7hU3apymg0J92h2C3ag0iF17YW+dp/QnxKAUYG3OvvvM2QwvRJI9kglXp3DUUqv2zhEb69IIz5/NOfsfDNFg==\",\"signType\":\"RSA2\",\"timestamp\":\"2026-01-13 16:12:38\",\"version\":\"1.0\"}', NULL, '2026-01-13 16:12:38.387', '2', '{\"code\":\"99999\",\"msg\":\"服务不可用\",\"solution\":\"\",\"sub_code\":\"isp.service-unknown-error\",\"sub_msg\":\"服务不可用\"}', '2026-01-13 16:12:38.533', 'java.lang.RuntimeException: 回调接口不能为空\njava.lang.RuntimeException: 回调接口不能为空\n	at top.mddata.open.admin.service.impl.NotifyInfoServiceImpl.doNotify(NotifyInfoServiceImpl.java:188)\n	at top.mddata.open.admin.service.impl.NotifyInfoServiceImpl.notify(NotifyInfoServiceImpl.java:139)\n	at java.base/jdk.internal.reflect.NativeMethodAccessorImpl.invoke0(Native Method)\n	at java.base/jdk.internal.reflect.NativeMethodAccessorImpl.invoke(NativeMethodAccessorImpl.java:77)\n	at java.base/jdk.internal.reflect.DelegatingMethodAccessorImpl.invoke(DelegatingMethodAccessorImpl.java:43)\n	at java.base/java.lang.reflect.Method.invoke(Method.java:568)\n	at org.springframework.aop.support.AopUtils.invokeJoinpointUsingReflection(AopUtils.java:360)\n	at org.springframework.aop.framework.CglibAopProxy$DynamicAdvisedInterceptor.intercept(CglibAopProxy.java:724)\n	at top.mddata.open.admin.service.impl.NotifyInfoServiceImpl$$SpringCGLIB$$0.notify(<generated>)\n	at top.mddata.open.manage.facade.impl.NotifyAndEventPushFacadeImpl.apiCallNotify(NotifyAndEventPushFacadeImpl.java:26)\n	at top.mddata.api.oepn.impl.OrgOpenServiceImpl.callNotify(OrgOpenServiceImpl.java:106)\n	at top.mddata.api.oepn.impl.OrgOpenServiceImpl.save(OrgOpenServiceImpl.java:83)\n	at java.base/jdk.internal.reflect.NativeMethodAccessorImpl.invoke0(Native Method)\n	at java.base/jdk.internal.reflect.NativeMethodAccessorImpl.invoke(NativeMethodAccessorImpl.java:77)\n	at java.base/jdk.internal.reflect.DelegatingMethodAccessorImpl.invoke(DelegatingMethodAccessorImpl.java:43)\n	at java.base/java.lang.reflect.Method.invoke(Method.java:568)\n	at org.springframework.aop.support.AopUtils.invokeJoinpointUsingReflection(AopUtils.java:360)\n	at org.springframework.aop.framework.CglibAopProxy$DynamicAdvisedInterceptor.intercept(CglibAopProxy.java:724)\n	at top.mddata.api.oepn.impl.OrgOpenServiceImpl$$SpringCGLIB$$0.save(<generated>)\n	at top.mddata.api.oepn.OrgOpenServiceDubboWrap0.invokeMethod(OrgOpenServiceDubboWrap0.java)\n	at org.apache.dubbo.rpc.proxy.javassist.JavassistProxyFactory$1.doInvoke(JavassistProxyFactory.java:89)\n	at org.apache.dubbo.rpc.proxy.AbstractProxyInvoker.invoke(AbstractProxyInvoker.java:100)\n	at org.apache.dubbo.config.invoker.DelegateProviderMetaDataInvoker.invoke(DelegateProviderMetaDataInvoker.java:55)\n	at org.apache.dubbo.rpc.protocol.InvokerWrapper.invoke(InvokerWrapper.java:56)\n	at org.apache.dubbo.rpc.filter.ClassLoaderCallbackFilter.invoke(ClassLoaderCallbackFilter.java:38)\n	at org.apache.dubbo.rpc.cluster.filter.FilterChainBuilder$CopyOfFilterChainNode.invoke(FilterChainBuilder.java:349)\n	at org.apache.dubbo.spring.security.filter.AuthenticationExceptionTranslatorFilter.invoke(AuthenticationExceptionTranslatorFilter.java:51)\n	at org.apache.dubbo.rpc.cluster.filter.FilterChainBuilder$CopyOfFilterChainNode.invoke(FilterChainBuilder.java:349)\n	at org.apache.dubbo.validation.filter.ValidationFilter.invoke(ValidationFilter.java:102)\n	at org.apache.dubbo.rpc.cluster.filter.FilterChainBuilder$CopyOfFilterChainNode.invoke(FilterChainBuilder.java:349)\n	at org.apache.dubbo.rpc.protocol.tri.rest.filter.RestFilterAdapter.invoke(RestFilterAdapter.java:38)\n	at org.apache.dubbo.rpc.cluster.filter.FilterChainBuilder$CopyOfFilterChainNode.invoke(FilterChainBuilder.java:349)\n	at org.apache.dubbo.rpc.protocol.tri.h12.HttpContextCallbackFilter.invoke(HttpContextCallbackFilter.java:37)\n	at org.apache.dubbo.rpc.cluster.filter.FilterChainBuilder$CopyOfFilterChainNode.invoke(FilterChainBuilder.java:349)\n	at org.apache.dubbo.rpc.protocol.dubbo.filter.TraceFilter.invoke(TraceFilter.java:80)\n	at org.apache.dubbo.rpc.cluster.filter.FilterChainBuilder$CopyOfFilterChainNode.invoke(FilterChainBuilder.java:349)\n	at org.apache.dubbo.rpc.filter.TimeoutFilter.invoke(TimeoutFilter.java:45)\n	at org.apache.dubbo.rpc.cluster.filter.FilterChainBuilder$CopyOfFilterChainNode.invoke(FilterChainBuilder.java:349)\n	at com.gitee.sop.support.dubbo.SopDubboProviderFilter.invoke(SopDubboProviderFilter.java:69)\n	at org.apache.dubbo.rpc.cluster.filter.FilterChainBuilder$CopyOfFilterChainNode.invoke(FilterChainBuilder.java:349)\n	at org.apache.dubbo.monitor.support.MonitorFilter.invoke(MonitorFilter.java:109)\n	at org.apache.dubbo.rpc.cluster.filter.FilterChainBuilder$CopyOfFilterChainNode.invoke(FilterChainBuilder.java:349)\n	at top.mddata.api.oepn.message.GlobalExceptionFilter.invoke(GlobalExceptionFilter.java:24)\n	at org.apache.dubbo.rpc.cluster.filter.FilterChainBuilder$CopyOfFilterChainNode.invoke(FilterChainBuilder.java:349)\n	at org.apache.dubbo.rpc.filter.ExceptionFilter.invoke(ExceptionFilter.java:55)\n	at org.apache.dubbo.rpc.cluster.filter.FilterChainBuilder$CopyOfFilterChainNode.invoke(FilterChainBuilder.java:349)\n	at org.apache.dubbo.rpc.filter.AccessLogFilter.invoke(AccessLogFilter.java:120)\n	at org.apache.dubbo.rpc.cluster.filter.FilterChainBuilder$CopyOfFilterChainNode.invoke(FilterChainBuilder.java:349)\n	at org.apache.dubbo.spring.security.filter.ContextHolderAuthenticationResolverFilter.invoke(ContextHolderAuthenticationResolverFilter.java:64)\n	at org.apache.dubbo.rpc.cluster.filter.FilterChainBuilder$CopyOfFilterChainNode.invoke(FilterChainBuilder.java:349)\n	at org.apache.dubbo.rpc.filter.GenericFilter.invoke(GenericFilter.java:217)\n	at org.apache.dubbo.rpc.cluster.filter.FilterChainBuilder$CopyOfFilterChainNode.invoke(FilterChainBuilder.java:349)\n	at org.apache.dubbo.rpc.protocol.tri.h12.HttpContextFilter.invoke(HttpContextFilter.java:38)\n	at org.apache.dubbo.rpc.cluster.filter.FilterChainBuilder$CopyOfFilterChainNode.invoke(FilterChainBuilder.java:349)\n	at org.apache.dubbo.rpc.filter.ClassLoaderFilter.invoke(ClassLoaderFilter.java:54)\n	at org.apache.dubbo.rpc.cluster.filter.FilterChainBuilder$CopyOfFilterChainNode.invoke(FilterChainBuilder.java:349)\n	at org.apache.dubbo.rpc.filter.EchoFilter.invoke(EchoFilter.java:41)\n	at org.apache.dubbo.rpc.cluster.filter.FilterChainBuilder$CopyOfFilterChainNode.invoke(FilterChainBuilder.java:349)\n	at org.apache.dubbo.metrics.filter.MetricsFilter.invoke(MetricsFilter.java:86)\n	at org.apache.dubbo.metrics.filter.MetricsProviderFilter.invoke(MetricsProviderFilter.java:37)\n	at org.apache.dubbo.rpc.cluster.filter.FilterChainBuilder$CopyOfFilterChainNode.invoke(FilterChainBuilder.java:349)\n	at org.apache.dubbo.tracing.filter.ObservationReceiverFilter.invoke(ObservationReceiverFilter.java:59)\n	at org.apache.dubbo.rpc.cluster.filter.FilterChainBuilder$CopyOfFilterChainNode.invoke(FilterChainBuilder.java:349)\n	at org.apache.dubbo.rpc.filter.ProfilerServerFilter.invoke(ProfilerServerFilter.java:66)\n	at org.apache.dubbo.rpc.cluster.filter.FilterChainBuilder$CopyOfFilterChainNode.invoke(FilterChainBuilder.java:349)\n	at org.apache.dubbo.rpc.filter.ContextFilter.invoke(ContextFilter.java:191)\n	at org.apache.dubbo.rpc.cluster.filter.FilterChainBuilder$CopyOfFilterChainNode.invoke(FilterChainBuilder.java:349)\n	at org.apache.dubbo.rpc.cluster.filter.FilterChainBuilder$CallbackRegistrationInvoker.invoke(FilterChainBuilder.java:197)\n	at org.apache.dubbo.rpc.protocol.dubbo.DubboProtocol$1.reply(DubboProtocol.java:167)\n	at org.apache.dubbo.remoting.exchange.support.header.HeaderExchangeHandler.handleRequest(HeaderExchangeHandler.java:110)\n	at org.apache.dubbo.remoting.exchange.support.header.HeaderExchangeHandler.received(HeaderExchangeHandler.java:205)\n	at org.apache.dubbo.remoting.transport.DecodeHandler.received(DecodeHandler.java:52)\n	at org.apache.dubbo.remoting.transport.dispatcher.ChannelEventRunnable.run(ChannelEventRunnable.java:64)\n	at java.base/java.util.concurrent.ThreadPoolExecutor.runWorker(ThreadPoolExecutor.java:1136)\n	at java.base/java.util.concurrent.ThreadPoolExecutor$Worker.run(ThreadPoolExecutor.java:635)\n	at org.apache.dubbo.common.threadlocal.InternalRunnable.run(InternalRunnable.java:39)\n	at java.base/java.lang.Thread.run(Thread.java:833)\n', NULL, '2026-01-13 16:12:38.533');
INSERT INTO `mdo_api_call_log` (`id`, `trace_id`, `app_id`, `app_key`, `app_name`, `request_ip`, `api_id`, `api_name`, `api_version`, `interface_class_name`, `method_name`, `param_info`, `request_header`, `request_time`, `exec_status`, `response_data`, `response_time`, `error_msg`, `created_by`, `created_at`) VALUES (44780514439902210, 'dab41bc922cc4ed8909afce7435601d0', 5, 'ruoyi-vue-oauth', '若依oauth2', '127.0.0.1', 42665509334532127, 'org.save', '1.0', 'top.mddata.api.oepn.OrgOpenService', 'save', '{\"appKey\":\"ruoyi-vue-oauth\",\"bizContent\":\"{\\\"name\\\":\\\"test1197\\\",\\\"orgType\\\":\\\"10\\\"}\",\"charset\":\"UTF-8\",\"format\":\"json\",\"method\":\"org.save\",\"sign\":\"atGpy74cG5R/VRq/hFxCCLIJ991Q2xlrgSrUadI3ODO8mCoVY7JjAcQyXHZu0QphD/dAW4C9C9V8tJ2q8zp+Css+GdQOMQlLkzT7+n02bDsC9bc4wK7RQ0g/MkzlslaIrHZtxuiFIWei5bF1WjBnqkLhG6p5ZYUXphBW/qY7bG5kwWcwVwS7tTqghPPFkFKiaDitTHSUTLU7UsSs2a7d7XBaOQc81qAZy3emIxmotdLPmJ77hSJcHDmGtpj4q5L1uzDD2EZFfJViIUZaVlNvfLPAp75sH72uT0moYqjlYiFe8cP+tJBvPSvpHAHHBv2SveAHvSotfaWzDv8Yli9Fzw==\",\"signType\":\"RSA2\",\"timestamp\":\"2026-01-13 16:19:27\",\"version\":\"1.0\"}', NULL, '2026-01-13 16:19:27.749', '2', '{\"code\":\"50003\",\"msg\":\"业务处理失败\",\"solution\":\"请参考文档，检查入参\",\"sub_code\":\"biz.param-validation\",\"sub_msg\":\"参数校验异常, 回调接口不能为空\"}', '2026-01-13 16:19:32.058', 'com.gitee.sop.support.exception.OpenException\n<OPEN_ERROR>biz.param-validation@@参数校验异常, 回调接口不能为空@@请参考文档，检查入参</OPEN_ERROR>\n	at top.mddata.open.admin.service.impl.NotifyInfoServiceImpl.doNotify(NotifyInfoServiceImpl.java:190)\n	at top.mddata.open.admin.service.impl.NotifyInfoServiceImpl.notify(NotifyInfoServiceImpl.java:141)\n	at java.base/jdk.internal.reflect.NativeMethodAccessorImpl.invoke0(Native Method)\n	at java.base/jdk.internal.reflect.NativeMethodAccessorImpl.invoke(NativeMethodAccessorImpl.java:77)\n	at java.base/jdk.internal.reflect.DelegatingMethodAccessorImpl.invoke(DelegatingMethodAccessorImpl.java:43)\n	at java.base/java.lang.reflect.Method.invoke(Method.java:568)\n	at org.springframework.aop.support.AopUtils.invokeJoinpointUsingReflection(AopUtils.java:360)\n	at org.springframework.aop.framework.CglibAopProxy$DynamicAdvisedInterceptor.intercept(CglibAopProxy.java:724)\n	at top.mddata.open.admin.service.impl.NotifyInfoServiceImpl$$SpringCGLIB$$0.notify(<generated>)\n	at top.mddata.open.manage.facade.impl.NotifyAndEventPushFacadeImpl.apiCallNotify(NotifyAndEventPushFacadeImpl.java:26)\n	at top.mddata.api.oepn.impl.OrgOpenServiceImpl.callNotify(OrgOpenServiceImpl.java:106)\n	at top.mddata.api.oepn.impl.OrgOpenServiceImpl.save(OrgOpenServiceImpl.java:83)\n	at java.base/jdk.internal.reflect.NativeMethodAccessorImpl.invoke0(Native Method)\n	at java.base/jdk.internal.reflect.NativeMethodAccessorImpl.invoke(NativeMethodAccessorImpl.java:77)\n	at java.base/jdk.internal.reflect.DelegatingMethodAccessorImpl.invoke(DelegatingMethodAccessorImpl.java:43)\n	at java.base/java.lang.reflect.Method.invoke(Method.java:568)\n	at org.springframework.aop.support.AopUtils.invokeJoinpointUsingReflection(AopUtils.java:360)\n	at org.springframework.aop.framework.CglibAopProxy$DynamicAdvisedInterceptor.intercept(CglibAopProxy.java:724)\n	at top.mddata.api.oepn.impl.OrgOpenServiceImpl$$SpringCGLIB$$0.save(<generated>)\n	at top.mddata.api.oepn.OrgOpenServiceDubboWrap0.invokeMethod(OrgOpenServiceDubboWrap0.java)\n	at org.apache.dubbo.rpc.proxy.javassist.JavassistProxyFactory$1.doInvoke(JavassistProxyFactory.java:89)\n	at org.apache.dubbo.rpc.proxy.AbstractProxyInvoker.invoke(AbstractProxyInvoker.java:100)\n	at org.apache.dubbo.config.invoker.DelegateProviderMetaDataInvoker.invoke(DelegateProviderMetaDataInvoker.java:55)\n	at org.apache.dubbo.rpc.protocol.InvokerWrapper.invoke(InvokerWrapper.java:56)\n	at org.apache.dubbo.rpc.filter.ClassLoaderCallbackFilter.invoke(ClassLoaderCallbackFilter.java:38)\n	at org.apache.dubbo.rpc.cluster.filter.FilterChainBuilder$CopyOfFilterChainNode.invoke(FilterChainBuilder.java:349)\n	at org.apache.dubbo.spring.security.filter.AuthenticationExceptionTranslatorFilter.invoke(AuthenticationExceptionTranslatorFilter.java:51)\n	at org.apache.dubbo.rpc.cluster.filter.FilterChainBuilder$CopyOfFilterChainNode.invoke(FilterChainBuilder.java:349)\n	at org.apache.dubbo.validation.filter.ValidationFilter.invoke(ValidationFilter.java:102)\n	at org.apache.dubbo.rpc.cluster.filter.FilterChainBuilder$CopyOfFilterChainNode.invoke(FilterChainBuilder.java:349)\n	at org.apache.dubbo.rpc.protocol.tri.rest.filter.RestFilterAdapter.invoke(RestFilterAdapter.java:38)\n	at org.apache.dubbo.rpc.cluster.filter.FilterChainBuilder$CopyOfFilterChainNode.invoke(FilterChainBuilder.java:349)\n	at org.apache.dubbo.rpc.protocol.tri.h12.HttpContextCallbackFilter.invoke(HttpContextCallbackFilter.java:37)\n	at org.apache.dubbo.rpc.cluster.filter.FilterChainBuilder$CopyOfFilterChainNode.invoke(FilterChainBuilder.java:349)\n	at org.apache.dubbo.rpc.protocol.dubbo.filter.TraceFilter.invoke(TraceFilter.java:80)\n	at org.apache.dubbo.rpc.cluster.filter.FilterChainBuilder$CopyOfFilterChainNode.invoke(FilterChainBuilder.java:349)\n	at org.apache.dubbo.rpc.filter.TimeoutFilter.invoke(TimeoutFilter.java:45)\n	at org.apache.dubbo.rpc.cluster.filter.FilterChainBuilder$CopyOfFilterChainNode.invoke(FilterChainBuilder.java:349)\n	at com.gitee.sop.support.dubbo.SopDubboProviderFilter.invoke(SopDubboProviderFilter.java:69)\n	at org.apache.dubbo.rpc.cluster.filter.FilterChainBuilder$CopyOfFilterChainNode.invoke(FilterChainBuilder.java:349)\n	at org.apache.dubbo.monitor.support.MonitorFilter.invoke(MonitorFilter.java:109)\n	at org.apache.dubbo.rpc.cluster.filter.FilterChainBuilder$CopyOfFilterChainNode.invoke(FilterChainBuilder.java:349)\n	at top.mddata.api.oepn.message.GlobalExceptionFilter.invoke(GlobalExceptionFilter.java:25)\n	at org.apache.dubbo.rpc.cluster.filter.FilterChainBuilder$CopyOfFilterChainNode.invoke(FilterChainBuilder.java:349)\n	at org.apache.dubbo.rpc.filter.ExceptionFilter.invoke(ExceptionFilter.java:55)\n	at org.apache.dubbo.rpc.cluster.filter.FilterChainBuilder$CopyOfFilterChainNode.invoke(FilterChainBuilder.java:349)\n	at org.apache.dubbo.rpc.filter.AccessLogFilter.invoke(AccessLogFilter.java:120)\n	at org.apache.dubbo.rpc.cluster.filter.FilterChainBuilder$CopyOfFilterChainNode.invoke(FilterChainBuilder.java:349)\n	at org.apache.dubbo.spring.security.filter.ContextHolderAuthenticationResolverFilter.invoke(ContextHolderAuthenticationResolverFilter.java:64)\n	at org.apache.dubbo.rpc.cluster.filter.FilterChainBuilder$CopyOfFilterChainNode.invoke(FilterChainBuilder.java:349)\n	at org.apache.dubbo.rpc.filter.GenericFilter.invoke(GenericFilter.java:217)\n	at org.apache.dubbo.rpc.cluster.filter.FilterChainBuilder$CopyOfFilterChainNode.invoke(FilterChainBuilder.java:349)\n	at org.apache.dubbo.rpc.protocol.tri.h12.HttpContextFilter.invoke(HttpContextFilter.java:38)\n	at org.apache.dubbo.rpc.cluster.filter.FilterChainBuilder$CopyOfFilterChainNode.invoke(FilterChainBuilder.java:349)\n	at org.apache.dubbo.rpc.filter.ClassLoaderFilter.invoke(ClassLoaderFilter.java:54)\n	at org.apache.dubbo.rpc.cluster.filter.FilterChainBuilder$CopyOfFilterChainNode.invoke(FilterChainBuilder.java:349)\n	at org.apache.dubbo.rpc.filter.EchoFilter.invoke(EchoFilter.java:41)\n	at org.apache.dubbo.rpc.cluster.filter.FilterChainBuilder$CopyOfFilterChainNode.invoke(FilterChainBuilder.java:349)\n	at org.apache.dubbo.metrics.filter.MetricsFilter.invoke(MetricsFilter.java:86)\n	at org.apache.dubbo.metrics.filter.MetricsProviderFilter.invoke(MetricsProviderFilter.java:37)\n	at org.apache.dubbo.rpc.cluster.filter.FilterChainBuilder$CopyOfFilterChainNode.invoke(FilterChainBuilder.java:349)\n	at org.apache.dubbo.tracing.filter.ObservationReceiverFilter.invoke(ObservationReceiverFilter.java:59)\n	at org.apache.dubbo.rpc.cluster.filter.FilterChainBuilder$CopyOfFilterChainNode.invoke(FilterChainBuilder.java:349)\n	at org.apache.dubbo.rpc.filter.ProfilerServerFilter.invoke(ProfilerServerFilter.java:66)\n	at org.apache.dubbo.rpc.cluster.filter.FilterChainBuilder$CopyOfFilterChainNode.invoke(FilterChainBuilder.java:349)\n	at org.apache.dubbo.rpc.filter.ContextFilter.invoke(ContextFilter.java:191)\n	at org.apache.dubbo.rpc.cluster.filter.FilterChainBuilder$CopyOfFilterChainNode.invoke(FilterChainBuilder.java:349)\n	at org.apache.dubbo.rpc.cluster.filter.FilterChainBuilder$CallbackRegistrationInvoker.invoke(FilterChainBuilder.java:197)\n	at org.apache.dubbo.rpc.protocol.dubbo.DubboProtocol$1.reply(DubboProtocol.java:167)\n	at org.apache.dubbo.remoting.exchange.support.header.HeaderExchangeHandler.handleRequest(HeaderExchangeHandler.java:110)\n	at org.apache.dubbo.remoting.exchange.support.header.HeaderExchangeHandler.received(HeaderExchangeHandler.java:205)\n	at org.apache.dubbo.remoting.transport.DecodeHandler.received(DecodeHandler.java:52)\n	at org.apache.dubbo.remoting.transport.dispatcher.ChannelEventRunnable.run(ChannelEventRunnable.java:64)\n	at java.base/java.util.concurrent.ThreadPoolExecutor.runWorker(ThreadPoolExecutor.java:1136)\n	at java.base/java.util.concurrent.ThreadPoolExecutor$Worker.run(ThreadPoolExecutor.java:635)\n	at org.apache.dubbo.common.threadlocal.InternalRunnable.run(InternalRunnable.java:39)\n	at java.base/java.lang.Thread.run(Thread.java:833)\n', NULL, '2026-01-13 16:19:32.058');
INSERT INTO `mdo_api_call_log` (`id`, `trace_id`, `app_id`, `app_key`, `app_name`, `request_ip`, `api_id`, `api_name`, `api_version`, `interface_class_name`, `method_name`, `param_info`, `request_header`, `request_time`, `exec_status`, `response_data`, `response_time`, `error_msg`, `created_by`, `created_at`) VALUES (44780514439902211, 'b0b3cdac41b04595b7d14a250e0b364b', 5, 'ruoyi-vue-oauth', '若依oauth2', '127.0.0.1', 42665509334532127, 'org.save', '1.0', 'top.mddata.api.oepn.OrgOpenService', 'save', '{\"appKey\":\"ruoyi-vue-oauth\",\"bizContent\":\"{\\\"name\\\":\\\"test598\\\",\\\"orgType\\\":\\\"10\\\"}\",\"charset\":\"UTF-8\",\"format\":\"json\",\"method\":\"org.save\",\"sign\":\"DsOhy+HZih1HuPsBKzDtq4kIlNHaTkE1DMcQIoEZFYCvOSgVnRs2hQnkHYn1tnTpuDxBL+VGzIt25Cgsdfk9FOunTKNR1k7Oda9+KNRkQfOA0EV86f8Rs18Ql6QhxzP21vtLvVSutrA0aDprla73LRu6g7OskSxk5i434UbFVPE4jrIvv8yHZVfjOn5OVEEo0ZYqFPVmEGA6yEkWVYSo/7iMj+tyKe7XqXioXAKBwf5yUJ/XbiwbSklp2aVnEsXgsRTB8gvCS2XcN84mcVxXtLp1tojc1FJwNEPIpYG3aTdZUJvkF9ZggP+f9Ix7s1xE9z/VJR9P1ViOcrygt6TpRA==\",\"signType\":\"RSA2\",\"timestamp\":\"2026-01-13 16:26:13\",\"version\":\"1.0\"}', NULL, '2026-01-13 16:26:13.470', '1', '{\"echoMap\":{},\"orgType\":\"10\",\"createdAt\":\"2026-01-13T16:26:13.476391\",\"name\":\"test598\",\"id\":44782344095972359,\"class\":\"top.mddata.api.oepn.resp.OrgResp\",\"treePath\":\"/44782344095972359/\",\"updatedAt\":\"2026-01-13T16:26:13.476381\"}', '2026-01-13 16:26:13.633', NULL, NULL, '2026-01-13 16:26:13.642');
COMMIT;

-- ----------------------------
-- Table structure for mdo_app
-- ----------------------------
DROP TABLE IF EXISTS `mdo_app`;
CREATE TABLE `mdo_app` (
  `id` bigint NOT NULL COMMENT 'ID',
  `app_key` varchar(255) CHARACTER SET utf8mb4 COLLATE utf8mb4_general_ci NOT NULL COMMENT '应用ID',
  `app_secret` varchar(255) CHARACTER SET utf8mb4 COLLATE utf8mb4_general_ci NOT NULL COMMENT '应用秘钥',
  `name` varchar(255) CHARACTER SET utf8mb4 COLLATE utf8mb4_general_ci NOT NULL COMMENT '应用名称',
  `login_type` char(2) CHARACTER SET utf8mb4 COLLATE utf8mb4_general_ci NOT NULL DEFAULT '10' COMMENT '登录方式\n[10-单点登录 20-oauth2]',
  `type` char(2) CHARACTER SET utf8mb4 COLLATE utf8mb4_general_ci NOT NULL DEFAULT '10' COMMENT '应用类型\n[10-自建应用 20-第三方应用]',
  `state` bit(1) NOT NULL DEFAULT b'1' COMMENT '状态',
  `weight` int DEFAULT '0' COMMENT '权重',
  `intro` varchar(255) CHARACTER SET utf8mb4 COLLATE utf8mb4_general_ci DEFAULT NULL COMMENT '应用简介',
  `logo` bigint DEFAULT NULL COMMENT '应用图标',
  `remark` varchar(255) CHARACTER SET utf8mb4 COLLATE utf8mb4_general_ci DEFAULT NULL COMMENT '备注',
  `validity_start` datetime(3) DEFAULT NULL COMMENT '开始有效期',
  `validity_end` datetime(3) DEFAULT NULL COMMENT '结束有效期',
  `home_url` varchar(512) CHARACTER SET utf8mb4 COLLATE utf8mb4_general_ci DEFAULT NULL COMMENT '首页地址',
  `show` bit(1) NOT NULL DEFAULT b'1' COMMENT '是否显示\n是否在我的应用显示该应用，若设置为false，就算有权限访问，该应用也不会出现在我的应用列表',
  `is_public` bit(1) NOT NULL DEFAULT b'0' COMMENT '是否公开\n[true=公开应用 false-私有应用]',
  `allow_ip` varchar(512) CHARACTER SET utf8mb4 COLLATE utf8mb4_general_ci DEFAULT NULL COMMENT '允许的IP',
  `sso_auto_login_url` varchar(255) COLLATE utf8mb4_general_ci DEFAULT NULL COMMENT '单点登录自动登录地址',
  `sso_push` bit(1) NOT NULL DEFAULT b'1' COMMENT '是否接收消息推送',
  `sso_slo` bit(1) NOT NULL DEFAULT b'1' COMMENT '是否接收单点注销推送',
  `sso_push_url` varchar(512) CHARACTER SET utf8mb4 COLLATE utf8mb4_general_ci DEFAULT NULL COMMENT '接收消息推送的地址',
  `sso_allow_url` varchar(5120) CHARACTER SET utf8mb4 COLLATE utf8mb4_general_ci DEFAULT NULL COMMENT '允许授权的URL\n多个用逗号分割',
  `oauth2_allow_redirect_uris` varchar(5120) CHARACTER SET utf8mb4 COLLATE utf8mb4_general_ci DEFAULT NULL COMMENT '允许的重定向uri',
  `oauth2_allow_grant_types` varchar(512) CHARACTER SET utf8mb4 COLLATE utf8mb4_general_ci DEFAULT NULL COMMENT '允许的授权类型',
  `oauth2_new_refresh` int DEFAULT '-1' COMMENT 'Refresh-Token刷新策略\r\n[0-否 1-是 -1-全局配置]',
  `oauth2_access_token_timeout` bigint DEFAULT '-1' COMMENT 'access-token有效期\r\n单位：秒\r\n[-1-全局]',
  `oauth2_refresh_token_timeout` bigint DEFAULT '-1' COMMENT 'refresh-token有效期\n单位：秒\n[-1-全局]',
  `oauth2_client_token_timeout` bigint DEFAULT '-1' COMMENT 'client-token有效期\n单位：秒\n[-1-全局]',
  `oauth2_lower_client_token_timeout` bigint DEFAULT '-1' COMMENT 'lower-client-token有效期\n单位：秒\n[-1-全局]',
  `oauth2_is_confirm` bit(1) NOT NULL DEFAULT b'0' COMMENT '是否自动授权\r\n[1-是 0-否]',
  `apply_id` bigint DEFAULT NULL COMMENT '应用申请ID',
  `created_by` bigint DEFAULT NULL COMMENT '创建人',
  `created_at` datetime(3) DEFAULT NULL COMMENT '创建时间',
  `updated_by` bigint DEFAULT NULL COMMENT '最后修改人',
  `updated_at` datetime(3) DEFAULT NULL COMMENT '最后修改时间',
  PRIMARY KEY (`id`) USING BTREE,
  UNIQUE KEY `uk_app_key` (`app_key`) USING BTREE
) ENGINE=InnoDB DEFAULT CHARSET=utf8mb4 COLLATE=utf8mb4_general_ci COMMENT='应用';

-- ----------------------------
-- Records of mdo_app
-- ----------------------------
BEGIN;
INSERT INTO `mdo_app` (`id`, `app_key`, `app_secret`, `name`, `login_type`, `type`, `state`, `weight`, `intro`, `logo`, `remark`, `validity_start`, `validity_end`, `home_url`, `show`, `is_public`, `allow_ip`, `sso_auto_login_url`, `sso_push`, `sso_slo`, `sso_push_url`, `sso_allow_url`, `oauth2_allow_redirect_uris`, `oauth2_allow_grant_types`, `oauth2_new_refresh`, `oauth2_access_token_timeout`, `oauth2_refresh_token_timeout`, `oauth2_client_token_timeout`, `oauth2_lower_client_token_timeout`, `oauth2_is_confirm`, `apply_id`, `created_by`, `created_at`, `updated_by`, `updated_at`) VALUES (1, 'web-workbench', 'yUOgZ33Jvw8lnkBkRMoNH9EoxCouhWSSo8JP', '工作台', '10', '10', b'1', 99999999, '用户中心', NULL, NULL, NULL, NULL, 'http://localhost:7700/', b'0', b'0', NULL, NULL, b'0', b'1', 'http://localhost:7700/workbench/sso/pushC', 'http://localhost:7700/workbench/auth/login,http://localhost:7700/workbench/#/auth/login,http://localhost:7700/auth/login,http://localhost:7700/#/auth/login,http://workbench.mddata.top/auth/login,http://workbench.mddata.top/#/auth/login', NULL, NULL, NULL, NULL, NULL, NULL, NULL, b'0', NULL, 1, '2025-08-13 12:12:12.000', 1, '2025-08-13 12:12:12.000');
INSERT INTO `mdo_app` (`id`, `app_key`, `app_secret`, `name`, `login_type`, `type`, `state`, `weight`, `intro`, `logo`, `remark`, `validity_start`, `validity_end`, `home_url`, `show`, `is_public`, `allow_ip`, `sso_auto_login_url`, `sso_push`, `sso_slo`, `sso_push_url`, `sso_allow_url`, `oauth2_allow_redirect_uris`, `oauth2_allow_grant_types`, `oauth2_new_refresh`, `oauth2_access_token_timeout`, `oauth2_refresh_token_timeout`, `oauth2_client_token_timeout`, `oauth2_lower_client_token_timeout`, `oauth2_is_confirm`, `apply_id`, `created_by`, `created_at`, `updated_by`, `updated_at`) VALUES (2, 'web-console', 'YkfChLLOH1ezSrNQi4XT7xMLteDJhUzMYBex', '控制台', '10', '10', b'1', 99999998, '后台管理系统', 2, NULL, NULL, NULL, 'http://localhost:7710/', b'1', b'0', NULL, 'http://localhost:7710/#/auth/login', b'1', b'1', 'http://localhost:7800/anyUser/client/pushC', 'http://localhost:7710/console/auth/login,http://localhost:7710/console/#/auth/login,http://localhost:7710/auth/login,http://localhost:7710/#/auth/login,http://console.mddata.top/auth/login,http://console.mddata.top/#/auth/login', NULL, '', -1, -1, -1, -1, -1, b'0', NULL, 1, '2025-08-13 12:12:12.000', 680083598598475778, '2026-01-12 00:32:19.104');
INSERT INTO `mdo_app` (`id`, `app_key`, `app_secret`, `name`, `login_type`, `type`, `state`, `weight`, `intro`, `logo`, `remark`, `validity_start`, `validity_end`, `home_url`, `show`, `is_public`, `allow_ip`, `sso_auto_login_url`, `sso_push`, `sso_slo`, `sso_push_url`, `sso_allow_url`, `oauth2_allow_redirect_uris`, `oauth2_allow_grant_types`, `oauth2_new_refresh`, `oauth2_access_token_timeout`, `oauth2_refresh_token_timeout`, `oauth2_client_token_timeout`, `oauth2_lower_client_token_timeout`, `oauth2_is_confirm`, `apply_id`, `created_by`, `created_at`, `updated_by`, `updated_at`) VALUES (3, 'web-open', 'uUatQ2e1MKz9Y59E6FfzGIIXyvYKfjGdpfNw', '开发者中心', '10', '10', b'1', 99999997, '开放平台', 3, NULL, NULL, NULL, 'http://localhost:7720/', b'1', b'0', NULL, 'http://localhost:7720/#/auth/login', b'1', b'1', 'http://localhost:7800/anyUser/client/pushC', 'http://localhost:7720/open/auth/login,http://localhost:7720/open/#/auth/login,http://localhost:7720/auth/login,http://localhost:7720/#/auth/login,http://open.mddata.top/auth/login,http://open.mddata.top/#/auth/login', NULL, '', -1, -1, -1, -1, -1, b'0', NULL, 1, '2025-08-13 12:12:12.000', 680083598598475778, '2026-01-12 00:32:27.959');
INSERT INTO `mdo_app` (`id`, `app_key`, `app_secret`, `name`, `login_type`, `type`, `state`, `weight`, `intro`, `logo`, `remark`, `validity_start`, `validity_end`, `home_url`, `show`, `is_public`, `allow_ip`, `sso_auto_login_url`, `sso_push`, `sso_slo`, `sso_push_url`, `sso_allow_url`, `oauth2_allow_redirect_uris`, `oauth2_allow_grant_types`, `oauth2_new_refresh`, `oauth2_access_token_timeout`, `oauth2_refresh_token_timeout`, `oauth2_client_token_timeout`, `oauth2_lower_client_token_timeout`, `oauth2_is_confirm`, `apply_id`, `created_by`, `created_at`, `updated_by`, `updated_at`) VALUES (4, 'ruoyi-vue-sso', '0Tvtm2xrTWG7n2azkM4FPyHwS6c3NxjQjYKh', '若依sso', '10', '20', b'1', 90000, '若依演示专用', NULL, NULL, NULL, NULL, 'http://localhost:6001', b'1', b'0', NULL, NULL, b'1', b'1', 'http://localhost:6080/sso/pushC', 'http://localhost:6001/login,http://ry-sso.ua.cc:10000/login', '', '', NULL, NULL, NULL, NULL, NULL, b'0', NULL, 1, '2025-08-13 12:12:12.000', 1, '2025-08-13 12:12:12.000');
INSERT INTO `mdo_app` (`id`, `app_key`, `app_secret`, `name`, `login_type`, `type`, `state`, `weight`, `intro`, `logo`, `remark`, `validity_start`, `validity_end`, `home_url`, `show`, `is_public`, `allow_ip`, `sso_auto_login_url`, `sso_push`, `sso_slo`, `sso_push_url`, `sso_allow_url`, `oauth2_allow_redirect_uris`, `oauth2_allow_grant_types`, `oauth2_new_refresh`, `oauth2_access_token_timeout`, `oauth2_refresh_token_timeout`, `oauth2_client_token_timeout`, `oauth2_lower_client_token_timeout`, `oauth2_is_confirm`, `apply_id`, `created_by`, `created_at`, `updated_by`, `updated_at`) VALUES (5, 'ruoyi-vue-oauth', 'tsMER0Hj6x4t0gTN4OdpwevyV5gAFAC0LhoF', '若依oauth2', '20', '20', b'1', 80000, '若依演示专用', NULL, NULL, NULL, NULL, '', b'1', b'0', NULL, NULL, b'1', b'1', '', '', 'http://localhost:6001/login,http://ry-oauth2.ua.cc:10000/login', 'authorization_code,implicit,refresh_token,password,client_credentials', -1, -1, -1, -1, -1, b'0', NULL, 1, '2025-08-13 12:12:12.000', 1, '2025-08-13 12:12:12.000');
INSERT INTO `mdo_app` (`id`, `app_key`, `app_secret`, `name`, `login_type`, `type`, `state`, `weight`, `intro`, `logo`, `remark`, `validity_start`, `validity_end`, `home_url`, `show`, `is_public`, `allow_ip`, `sso_auto_login_url`, `sso_push`, `sso_slo`, `sso_push_url`, `sso_allow_url`, `oauth2_allow_redirect_uris`, `oauth2_allow_grant_types`, `oauth2_new_refresh`, `oauth2_access_token_timeout`, `oauth2_refresh_token_timeout`, `oauth2_client_token_timeout`, `oauth2_lower_client_token_timeout`, `oauth2_is_confirm`, `apply_id`, `created_by`, `created_at`, `updated_by`, `updated_at`) VALUES (6, 'test', 'qJEP4TCWWrr06RGosu3EnEnwSiXjJxvPwbEq', '测试系统', '20', '20', b'1', 70000, '测试oauth2授权', NULL, NULL, NULL, NULL, 'http://localhost:1024', b'1', b'0', NULL, NULL, b'1', b'1', '', '', 'http://localhost:63343/sa-sso-max/sspx/sspx-oauth2-client-test-page/index-uni.html', 'authorization_code,implicit,refresh_token,password,client_credentials', -1, -1, -1, -1, -1, b'0', NULL, 1, '2025-08-13 12:12:12.000', 1, '2025-08-13 12:12:12.000');
INSERT INTO `mdo_app` (`id`, `app_key`, `app_secret`, `name`, `login_type`, `type`, `state`, `weight`, `intro`, `logo`, `remark`, `validity_start`, `validity_end`, `home_url`, `show`, `is_public`, `allow_ip`, `sso_auto_login_url`, `sso_push`, `sso_slo`, `sso_push_url`, `sso_allow_url`, `oauth2_allow_redirect_uris`, `oauth2_allow_grant_types`, `oauth2_new_refresh`, `oauth2_access_token_timeout`, `oauth2_refresh_token_timeout`, `oauth2_client_token_timeout`, `oauth2_lower_client_token_timeout`, `oauth2_is_confirm`, `apply_id`, `created_by`, `created_at`, `updated_by`, `updated_at`) VALUES (27794923806382080, '20251128NXfAhuyNlL', 'JaIukhxZGc4CoRXFdF6r01F3S7y7MKwwBjUp', 'logo', '10', '10', b'1', 123, '555', 27794923806382080, NULL, NULL, NULL, 'http://localhost:7720/', b'1', b'0', '', '', b'0', b'1', NULL, '', NULL, '[[[implicit,   refresh_token,   password]]]', -1, -1, -1, -1, -1, b'0', 697793256293464066, 680083598598475778, '2025-11-08 10:19:09.817', 680083598598475778, '2026-01-12 00:10:12.440');
INSERT INTO `mdo_app` (`id`, `app_key`, `app_secret`, `name`, `login_type`, `type`, `state`, `weight`, `intro`, `logo`, `remark`, `validity_start`, `validity_end`, `home_url`, `show`, `is_public`, `allow_ip`, `sso_auto_login_url`, `sso_push`, `sso_slo`, `sso_push_url`, `sso_allow_url`, `oauth2_allow_redirect_uris`, `oauth2_allow_grant_types`, `oauth2_new_refresh`, `oauth2_access_token_timeout`, `oauth2_refresh_token_timeout`, `oauth2_client_token_timeout`, `oauth2_lower_client_token_timeout`, `oauth2_is_confirm`, `apply_id`, `created_by`, `created_at`, `updated_by`, `updated_at`) VALUES (694171744164417539, '20251029pNvIGZHdO2', '3XKjEBLd0clu4e6lGTpLNdxKx9IfYHjJ5NUd', 'test11', '10', '10', b'1', 50, '111', 694171744164417539, NULL, NULL, NULL, '', b'1', b'0', '', NULL, b'1', b'1', '', NULL, NULL, '[[[]]]', -1, -1, -1, -1, -1, b'1', NULL, 680083598598475778, '2025-10-29 16:56:06.989', 680083598598475778, '2025-12-11 16:58:14.558');
COMMIT;

-- ----------------------------
-- Table structure for mdo_app_apply
-- ----------------------------
DROP TABLE IF EXISTS `mdo_app_apply`;
CREATE TABLE `mdo_app_apply` (
  `id` bigint NOT NULL COMMENT 'id',
  `name` varchar(255) CHARACTER SET utf8mb4 COLLATE utf8mb4_general_ci NOT NULL COMMENT '名称',
  `intro` varchar(512) CHARACTER SET utf8mb4 COLLATE utf8mb4_general_ci NOT NULL COMMENT '应用简介',
  `home_url` varchar(512) CHARACTER SET utf8mb4 COLLATE utf8mb4_general_ci DEFAULT NULL COMMENT '首页地址',
  `logo` bigint DEFAULT NULL COMMENT '图标',
  `remark` varchar(1024) CHARACTER SET utf8mb4 COLLATE utf8mb4_general_ci DEFAULT NULL COMMENT '备注',
  `credential_file` bigint DEFAULT NULL COMMENT '资质文件',
  `audit_status` tinyint unsigned NOT NULL DEFAULT '0' COMMENT '审核状态\n[0-待提交 1-待审批 2-通过 99-退回]\n',
  `audit_at` datetime(3) DEFAULT NULL COMMENT '审核时间',
  `submission_at` datetime(3) DEFAULT NULL COMMENT '提交时间',
  `review_comments` varchar(255) CHARACTER SET utf8mb4 COLLATE utf8mb4_general_ci DEFAULT NULL COMMENT '审核意见',
  `created_at` datetime(3) DEFAULT CURRENT_TIMESTAMP(3) COMMENT '添加时间',
  `updated_at` datetime(3) DEFAULT CURRENT_TIMESTAMP(3) ON UPDATE CURRENT_TIMESTAMP(3) COMMENT '修改时间',
  `created_by` bigint DEFAULT '0' COMMENT '创建人id',
  `updated_by` bigint DEFAULT '0' COMMENT '修改人id',
  PRIMARY KEY (`id`) USING BTREE
) ENGINE=InnoDB DEFAULT CHARSET=utf8mb4 COLLATE=utf8mb4_general_ci COMMENT='应用申请';

-- ----------------------------
-- Records of mdo_app_apply
-- ----------------------------
BEGIN;
INSERT INTO `mdo_app_apply` (`id`, `name`, `intro`, `home_url`, `logo`, `remark`, `credential_file`, `audit_status`, `audit_at`, `submission_at`, `review_comments`, `created_at`, `updated_at`, `created_by`, `updated_by`) VALUES (32661327911235586, '申请一个', '申请一个申请一个', NULL, 32661327911235586, '1', 32661327911235586, 99, '2026-01-14 15:59:40.690', '2025-12-12 00:26:03.534', '不统一', '2025-12-12 00:23:34.423', '2026-01-14 15:59:40.690', 680083598598475778, 680083598598475778);
COMMIT;

-- ----------------------------
-- Table structure for mdo_app_group_rel
-- ----------------------------
DROP TABLE IF EXISTS `mdo_app_group_rel`;
CREATE TABLE `mdo_app_group_rel` (
  `id` bigint NOT NULL COMMENT 'ID',
  `app_id` bigint NOT NULL COMMENT '所属应用',
  `group_id` bigint NOT NULL COMMENT '分组\nperm_group.id',
  `created_at` datetime DEFAULT CURRENT_TIMESTAMP COMMENT '创建时间',
  `created_by` bigint DEFAULT '0' COMMENT '创建人id',
  PRIMARY KEY (`id`) USING BTREE,
  UNIQUE KEY `uk_isvid_groupid` (`app_id`,`group_id`) USING BTREE
) ENGINE=InnoDB DEFAULT CHARSET=utf8mb4 COLLATE=utf8mb4_general_ci COMMENT='应用拥有的权限分组';

-- ----------------------------
-- Records of mdo_app_group_rel
-- ----------------------------
BEGIN;
INSERT INTO `mdo_app_group_rel` (`id`, `app_id`, `group_id`, `created_at`, `created_by`) VALUES (695633454679242753, 1, 695047019844641792, '2025-11-02 14:13:52', 680083598598475778);
INSERT INTO `mdo_app_group_rel` (`id`, `app_id`, `group_id`, `created_at`, `created_by`) VALUES (695633454679242754, 694171744164417539, 695047019844641793, '2025-11-02 14:13:52', 680083598598475778);
COMMIT;

-- ----------------------------
-- Table structure for mdo_app_keys
-- ----------------------------
DROP TABLE IF EXISTS `mdo_app_keys`;
CREATE TABLE `mdo_app_keys` (
  `id` bigint NOT NULL COMMENT 'id',
  `app_id` bigint NOT NULL DEFAULT '0' COMMENT '所属应用',
  `key_format` smallint NOT NULL DEFAULT '1' COMMENT '秘钥格式\r\n[1-PKCS8(JAVA适用) 2-PKCS1(非JAVA适用)]',
  `notify_url` varchar(255) COLLATE utf8mb4_general_ci DEFAULT NULL COMMENT '通知地址',
  `notify_state` bit(1) DEFAULT b'0' COMMENT '通知状态',
  `notify_encryption_type` smallint DEFAULT NULL COMMENT '加密类型\n[0-不加密 1-aes加密 2-sm4加密]',
  `public_key_app` text CHARACTER SET utf8mb4 COLLATE utf8mb4_general_ci COMMENT '应用公钥\r\n平台方用来校验开发者推送过来的数据',
  `private_key_app` text CHARACTER SET utf8mb4 COLLATE utf8mb4_general_ci COMMENT '应用私钥\r\n一般由开发者自行生成或平台协助生成\r\n用来开发者签名推送给平台的数据',
  `public_key_platform` text CHARACTER SET utf8mb4 COLLATE utf8mb4_general_ci COMMENT '平台公钥\r\n提供给开发者，用来校验平台推送给开发者的数据签名是否正确',
  `private_key_platform` text CHARACTER SET utf8mb4 COLLATE utf8mb4_general_ci COMMENT '平台私钥\r\n平台使用，用来签名推送给开发者的数据',
  `created_at` datetime(3) DEFAULT CURRENT_TIMESTAMP(3) COMMENT '添加时间',
  `updated_at` datetime(3) DEFAULT CURRENT_TIMESTAMP(3) ON UPDATE CURRENT_TIMESTAMP(3) COMMENT '修改时间',
  `created_by` bigint DEFAULT '0' COMMENT '创建人id',
  `updated_by` bigint DEFAULT '0' COMMENT '修改人id',
  PRIMARY KEY (`id`) USING BTREE,
  UNIQUE KEY `uk_appid` (`app_id`) USING BTREE
) ENGINE=InnoDB DEFAULT CHARSET=utf8mb4 COLLATE=utf8mb4_general_ci COMMENT='应用秘钥';

-- ----------------------------
-- Records of mdo_app_keys
-- ----------------------------
BEGIN;
INSERT INTO `mdo_app_keys` (`id`, `app_id`, `key_format`, `notify_url`, `notify_state`, `notify_encryption_type`, `public_key_app`, `private_key_app`, `public_key_platform`, `private_key_platform`, `created_at`, `updated_at`, `created_by`, `updated_by`) VALUES (27094573554165765, 27094573554165761, 1, NULL, b'0', NULL, 'MIIBIjANBgkqhkiG9w0BAQEFAAOCAQ8AMIIBCgKCAQEAraSQXMLYyWcZUYXCeUIL/s7Lesqjr8xP6seYAjyDfJkUg2JBe91GKO0VVeRPt3SbaTQPDj+QUQhblh/R6QQWaMSiPGid9GMGZxNwPf+/+R3IZDP5JstoCQl+tWTrKPAJR96W7qRcHqhQKJNIuuG7eQGELcsCFgDedt0MuKCrHeN+LF0Uv76z0XlIEuol3M5xV8FnXjzuBPIhya6UuQAbNUX0IzXZUvSfVgHHDWVwMiaCaSu90WQGOgZNPD4oiMFjLp/U1olNdOrk5BuYd8GzxuKsageZKnS6jPxus5Tk4DcjppU0vrSJxNuwVGLtcc46jGPgRJwkNkKhsTp7ft/Q5wIDAQAB', 'MIIEvgIBADANBgkqhkiG9w0BAQEFAASCBKgwggSkAgEAAoIBAQCtpJBcwtjJZxlRhcJ5Qgv+zst6yqOvzE/qx5gCPIN8mRSDYkF73UYo7RVV5E+3dJtpNA8OP5BRCFuWH9HpBBZoxKI8aJ30YwZnE3A9/7/5HchkM/kmy2gJCX61ZOso8AlH3pbupFweqFAok0i64bt5AYQtywIWAN523Qy4oKsd434sXRS/vrPReUgS6iXcznFXwWdePO4E8iHJrpS5ABs1RfQjNdlS9J9WAccNZXAyJoJpK73RZAY6Bk08PiiIwWMun9TWiU106uTkG5h3wbPG4qxqB5kqdLqM/G6zlOTgNyOmlTS+tInE27BUYu1xzjqMY+BEnCQ2QqGxOnt+39DnAgMBAAECggEABlXFqoy1SgvH4bCGmtPtChvTUqSH+kby93bWteYtSeNv2yc/ilxVTfLwX1TYD7JiZSEwF238PuiWJtD8YIr0olfiL2AFuz/NoP8Vjj2BbH5IrFc1FNRA9GtzQvzuk2zGeefGC+jVL40md4SAF8lahJyojN8mMVVQyHdiGm5KL+noXd/nF53EaW6aLva4lqyWdXjQlXsw9mX6azfPmIDv1v2+u2eqSOU1p+QKRAwTkPNlnlnxSKcjRgyc3P33ocjUmZ52dmvPDvvw+ofvBuzyjkmlVGD99ees4eNHMJ/QQ5uq3mX1rf13mk/qrtO8MhxUHThcr2buICwpLWv4aIxBcQKBgQC+CH8FxC/Z7gvSkIaHCSlDHwT/VR/9ngshwDbf6iOBaBAGCUPkJ6036e2qrQibtJD67vp4Lcrrk5Av44Mfp9NjnlMgoV1w324n33HQNLgB8pX08Ag1B1VCoE1Rbx4kORiuNInQKmRue40IKididtlfQ+LfzmqtuhNkymCXDPFgXwKBgQDp64VNdHP5WFgxkUgm3jniTcyRVQxnLzu17L+tEMI5qX6NS7B3Fv13yvk4T9Zk0Meu58UsF9Q2rpxY6zfPMgmwEiqlxBQKidEcr8R9VEdQeql6jVevoZwC8iCZJ+BVbrONvjA3S32ndlPL9ALmwRVhmFNmoUabF2cXC1h3Eq08eQKBgQC79zttQLj0HvmitUHbn7wooC4ZQOH7wq/QGogswzOLdJsk3VVB/9zeSYzEHZM+MESXcHpfFSx6B+O++pNgZGg7SQeAZxw94ULcPbAd+YdopcKeHC6CBVbYKCdSPU7bFX7METufo87jWWIOiWObiWNJT6TBKzNp03wLXgJcZnj6kQKBgQCv3LCYXb+/K2sKwPXkutf7yo/Mh4tOnBUhHf+w5lOPNF1/bvMZZYBkKoYZjvRZURl+5qK3FqcmATpsI1MPA8iCxfWoMHT8w0YicgagTtdaqw11pIPS+AYptM1LN86RjCuTmfP37lpmpzAyup3fzDP97p5tHzzM5thLW+1DgBgbyQKBgFA9nBbxgyEU/Gb8c4Q+ZUnMrtBROKko1VMIrsD71pALN5Me11MSFLs+1K3ss/ElGB12jCS7dAypGGERnzM3zEkx+ijpuUJJYCnmbaEXpg9JFFLUROZAYBZ2PvDd3H3B/B6+8eGh32KZTFmGJVr7zAvJ4C0sZjinSYPfU1PxLIWg', 'MIIBIjANBgkqhkiG9w0BAQEFAAOCAQ8AMIIBCgKCAQEArs8y388QMxNovrWQcBbcu0iiT4YqzkHXEdNkA1+VgeCjxT3f4CEMIWtnH62XJndOlNvQY/SmPo9e6dIHwOgQxJigTppUFdXtXLrXgqrneEEUNLl+nJ3PbvX2fe8ppsHFrxV2biMIlAAgbLvdjEWYsOXIJE52UU6fg1KViMjnpDuadZzjaQORq8WH8js8Wf21Ssh7X8x4tn5+8oy+0cbTSnFiEW1uTX/Kq3UHlr0uilflpjAPD+EzBoJAtsVfrm/FAAW3nJEaSU2L299YDaRRcn/6wDRGvAzGfxvuH/LaQZXtGpYxd2OQWTL2+f7lInDl33zcIWodfbEEZrcK8r74dQIDAQAB', 'MIIEvQIBADANBgkqhkiG9w0BAQEFAASCBKcwggSjAgEAAoIBAQCuzzLfzxAzE2i+tZBwFty7SKJPhirOQdcR02QDX5WB4KPFPd/gIQwha2cfrZcmd06U29Bj9KY+j17p0gfA6BDEmKBOmlQV1e1cuteCqud4QRQ0uX6cnc9u9fZ97ymmwcWvFXZuIwiUACBsu92MRZiw5cgkTnZRTp+DUpWIyOekO5p1nONpA5GrxYfyOzxZ/bVKyHtfzHi2fn7yjL7RxtNKcWIRbW5Nf8qrdQeWvS6KV+WmMA8P4TMGgkC2xV+ub8UABbeckRpJTYvb31gNpFFyf/rANEa8DMZ/G+4f8tpBle0aljF3Y5BZMvb5/uUicOXffNwhah19sQRmtwryvvh1AgMBAAECggEAGGIreP+DhXRYIH3n+1KdEHyls00GLIYPj1t6sGPFUXv5rBog370MWZ8HH+qRUlrC+c2diEvIYqKR/TCAR163dAzME5rATtlrxgsD46SeK+57+IzFRehXVmV1sARLvYh64Bywy9UULbzEyRX9ZcMRdN9gZvwQ0e+THXjIBe/sK8Ku8Balzb1x3GUkS3iVLZ0XXcbJaUvCbYBqmUY4HuIIQvF5lOfPaSaONC8DqH+35b9iIhmw7KCuNYAxwZfF8ASu/BFs/2gK8yuz3X6xXfNM3g+t9TPqM4j4ABtD4+g9UhGkzeAafn/6c8WpwrOsT308D+9lcFe//qwQ7Sf2HyIykwKBgQD1qh+YkmfTqzD8QxcHJmflRqaS92V5gm4NlTNIEUQA+mdvWkcbqgkRv1JGf7g2820HI9h8Fc9BvbrSuQUZWGiKie6Jjq99uh5mIy8C3DrbSthxOzc8YbLyZDvEqzP31Ly9MbmpOGPgnmv2RWV9DXdX4uLdPnlNEac77ue+GAtrXwKBgQC2KfHuw4fUEvNuslnxkOMz3mDpdKY87mTttjY1p0n7qVZmFPd2huaE3rc1bs1IpgSQ+uenoo3dkHVXnzG3/yuB9n37N6X7ET7FzTps1qjo+c9xTJd1QpzT1jrhqZ0lp49iwCj1jrMKWBLPIL05OfeQnUbMgBSp/Q5YUbMCG8nAqwKBgDx8Tps6MOYk2ELEIf9YrWv+ITU+RHXOb1pYye+MkLnM7Xq1N5zQGLuN56wD9k9RUB7Z7Itgs070b/NCKsc6xUKXA2xK/VpvYNy0/PYvUy57Fx+J/OeZBn43v5+Ep571eiL7A0Nu5uh/GQXhwEMx9Zhl/IWMxED9f7d58wUS1nzxAoGBAJYprY2tEWL43EL8Mri3PxOa1TidOAwyWHC8K6O+63XQ+a/cyMGkIpKVJWGenQquEEWTDzNZBKkIVDKOwGV0q2DO2Lsl/GUiqiRUMT1XFpY2l5JGGPRInQ7jIlazgx9vKPu2fA0wPNbiE187FcD+z90eSSZ6zo3yVMjpUC8EySNRAoGAMD3R9T0AwH6HSI3gUNB5egtwoWEVnWIdamYQTc+vXvPMrGdh5cpPcT5YcUDtbkpr/npKQ77+yFSSoZJlNpxLFv6Z+4KJH3SfIEzwQ16l4dk8Lw1oj93aaFXyu1ufqMnUhreUCHiP4H0fgLxlVDUI5+JgxoNjpvOMcb3uuUYpBeo=', '2025-11-27 00:41:40.231', '2025-11-27 00:41:40.231', 680083598598475778, 680083598598475778);
INSERT INTO `mdo_app_keys` (`id`, `app_id`, `key_format`, `notify_url`, `notify_state`, `notify_encryption_type`, `public_key_app`, `private_key_app`, `public_key_platform`, `private_key_platform`, `created_at`, `updated_at`, `created_by`, `updated_by`) VALUES (41568295514246151, 27794923806382080, 1, NULL, b'1', 0, '', NULL, '', '', '2026-01-05 00:28:31.954', '2026-01-05 00:28:31.954', 680083598598475778, 680083598598475778);
INSERT INTO `mdo_app_keys` (`id`, `app_id`, `key_format`, `notify_url`, `notify_state`, `notify_encryption_type`, `public_key_app`, `private_key_app`, `public_key_platform`, `private_key_platform`, `created_at`, `updated_at`, `created_by`, `updated_by`) VALUES (42665831457080322, 5, 1, 'http://127.0.0.1:7800/anyUser/notify/callback', b'1', 1, 'MIIBIjANBgkqhkiG9w0BAQEFAAOCAQ8AMIIBCgKCAQEAv1Ut4fRXVfpO2EtMcD2UxjrpNEkOHVnRaMSdHAN7Ot0ZNAI21Pdsx49PPKWuesdP8a5Q0HGbSNHG7mrO51P2zsdHmftC2NexKj15kiwdQHRvCPSBG2gfo88D6c5wyNeTI2UWlKZeMq+7ModZNlIM8/PqUlFs22/rq5pn6r5/DzoWGElK5uGZOZfr6xxP7t27p6IGp9zCt3kz8sdy7eI2zzemPs5w3KGsG02/6mS++fmBRWgh53X/wOwyZQS5XzFcT0GoVK+SCJ1o5hAkTaUai5eazi0BLFFstTIiwaQLHrCcWM8noyGSLj56GxDH1pFg5IG8MpiIFjM2L3O0OoQIZwIDAQAB', 'MIIEvgIBADANBgkqhkiG9w0BAQEFAASCBKgwggSkAgEAAoIBAQC/VS3h9FdV+k7YS0xwPZTGOuk0SQ4dWdFoxJ0cA3s63Rk0AjbU92zHj088pa56x0/xrlDQcZtI0cbuas7nU/bOx0eZ+0LY17EqPXmSLB1AdG8I9IEbaB+jzwPpznDI15MjZRaUpl4yr7syh1k2Ugzz8+pSUWzbb+urmmfqvn8POhYYSUrm4Zk5l+vrHE/u3bunogan3MK3eTPyx3Lt4jbPN6Y+znDcoawbTb/qZL75+YFFaCHndf/A7DJlBLlfMVxPQahUr5IInWjmECRNpRqLl5rOLQEsUWy1MiLBpAsesJxYzyejIZIuPnobEMfWkWDkgbwymIgWMzYvc7Q6hAhnAgMBAAECggEAJXHsKt6BASidqaMC8Kx8o1cAMOVjR8c+PnzMKqFbyqdeuVj9lixeM6gOX9YlEY5UTP5KfqDdPSEhB6QLniZGlS1XDAGqkXmVCKlDU6Iij2y6FkyTv+Ne3dYz89wdIpFeEH1GMA1nPhA6WKc4hHMGafAAmd+pqEB9JPZxA/YIM9hZtgk+aBUSgRVBxFPfaVXdaRjRmnCtW6hdee/GePH6R0X/ieFjIlFd+BVWsbSr3N8BKq18kWsh+pGzZXsR47aVEwwJwRrbFWjABjH0IS4wEuMQCi5B8VCEq0nb2Iz06y0IJ1Yaex5OPC7n0yjAJwgKDEsOsRIYIIOmkCv3+AM5QQKBgQDjUwY25HDT4jKBh56yKSAbZk9L9vRK6PCHwZ2yXQ0pyTPmpsqqk6VdbHmPZzs09CmSwLg/GxBdK21E/3OFJIjqLQ/+pqj/HTy7cSTqBEDNqNPE4FPz1UaWGOI8jm/Q8q+fxK0K/yGP/grWBohWKLKqZiBE7Bgd9z/DtC91ymKgsQKBgQDXd+FO0tPguQCu5dVIj7R4PLpYRAspXAMU0EFBm/XrbT1Ll4RpuBHl07AWWDjgapcWH8yF2WBq8WVCmZy2lrObfzkIJSGs0k/X1OyeTQShLFAXnF4POYh2pj3LFj8s9MHO8ah7ix1m2qH6BjsD3dlDKUqc1idzh5U3kJKaF5tAlwKBgQCYIZDwHXNQqXlpbCyNSK5/B7obuXqFw1xtTerOWi2cAFXmj0rkWwj4+8ZibRCXgKtt1eG4AdGyuIRY/6f8u5WROnUQ09IXYSaqvq6Ymh4QRGLsx8AHV3z0qFSHeD9mk3NrNcEksddxOO9hil+lYXkoRk5kMah2LWiT/Tsh1j6pEQKBgQC2O4mvJNhWA6H0SiYtDH1SA+qGpGXcQRnKDKhkWQeQaf+hYzB2SVu5yWPwQgU4qG3IJHTR75uAV1GRFmJYevTE2sDdhqoIhIdKv6av6+uydMv4bCORNNOZpdg1X0dnOkqAQBqDApGHX/oGgCaBiqwqBU45f1Y2e8FUEU4sTTLdWQKBgHFcgjZ5VZcS+1m+pVuHPxQx7anYodjknKCE/sB7Cw3pC0CsV0Etwn1Yg3MM6oAicJpqURYUyXKqn1L43xGiqlEn0CWUphGzf12Q9+W90QAPsItDfUXuJVnDOeOqUQZd9ryDiX/Gdf4rj4E2JjlYqP+/n4dI7g9dGDhWMRjhrWtk', 'MIIBIjANBgkqhkiG9w0BAQEFAAOCAQ8AMIIBCgKCAQEA0dAa+aJQ/QFs2eq/eHxb6U6b26sBs6+8FNQOF16S8QLMzqi44bJHKPv0nTF7UkOQpCftbDYlf0vWIrB61PSi2/woGGDKRUCQSMJcWCUPO8L4GzN9qMf9I08k7rGrkt4gnb95gdQT1/Sg7KBQX5kOdOqXtcNktLJ4LxdZ3blYXSH/0cM7VB3urAgkuE80a+UdCz7DEZPpjiH9vdWpYevtp1bUfIGEdt9jS39roIsthMyABn6ty+aoruf5VbWz/K1hesWUQlwBUC8BRGrdShBPncNk++Mpf7xcIE6tgc67nY4T/2SExfjpJmZBKFe0DrtZRFr5umYMEh1Ocldd7d+/lwIDAQAB', 'MIIEvgIBADANBgkqhkiG9w0BAQEFAASCBKgwggSkAgEAAoIBAQDR0Br5olD9AWzZ6r94fFvpTpvbqwGzr7wU1A4XXpLxAszOqLjhskco+/SdMXtSQ5CkJ+1sNiV/S9YisHrU9KLb/CgYYMpFQJBIwlxYJQ87wvgbM32ox/0jTyTusauS3iCdv3mB1BPX9KDsoFBfmQ506pe1w2S0sngvF1nduVhdIf/RwztUHe6sCCS4TzRr5R0LPsMRk+mOIf291alh6+2nVtR8gYR232NLf2ugiy2EzIAGfq3L5qiu5/lVtbP8rWF6xZRCXAFQLwFEat1KEE+dw2T74yl/vFwgTq2BzrudjhP/ZITF+OkmZkEoV7QOu1lEWvm6ZgwSHU5yV13t37+XAgMBAAECggEAYFvNj7l6rX/CkKBtuDWQ9qj6DpxOh0odvIkZQaVXIeYRzpWRd2IrqUhxsuHfS8wo+SM3OJvzg69+FGdtujDyPMrlVTDapIx+11OgGoFGqkEkNkXjH6ldeiJmiVNCw4xNeXVPJg+S33sDjzkfQJBoIcz9yOYIca6HYMU+KgTt7rMSCb5+6ennYcS0YF6L6wYxauY+yGagy9M+Z8gueBVS8rJ4bNIDpq1ZWTSF6/5yclNfKsnnFlVJ3JFsTg0tN6TfK0u9f7JanuRhN9122nGC0hQ8TcgD2cPiGL1by1fMxTSipnuzE3ECq0FZbOmzXIVySh+7F4aSLKH3R4MJjDDHFQKBgQDcnf+J2J2OapYlEYBneU/+xF8OqiEJxI8A1E8GKlPumHxJ9kXvkfl6CMc9CkI/xiH+24IqA4bTpR55OdMKO2vDS2HlXL6iPHHXPTPc83yOMnTFcMU9vrIcJ+eZxpPLBfcjDwAcy1qv0KW9x1X3H6vw7xyPZl50LTCPGRs4KAIhVQKBgQDzdoKkgQKhKcc9FM39eGfXGTuBmrP8UszRiM9pdX1FpgIaXG71ciW7NSeIoAmVzhis14FWFd0pdboQbuK1JSoRajnvp0RgaiQfBjw0a/2dqEyF/Apbe6NfuE9+3Ajn4e+pjEJjZuDfE9xHDm09YoXRMyZTgYyZZMol8ORlke3NOwKBgEL/3L5BQcAhkI2bXhKOngOyIWgztKrhvcgzsfgeXLUGLCDOIPkbrNcp2VApUGtLwcFDaqlVvtmBuNp5/CSMXTLHLujYHLDqiGwkkx6T94y7uAjKMayJwE+astRZoUK0AhTslk0oWNcyF1OmOO4++RnHlDXckezYWHns1v5b8CGtAoGBAOva1isJdAOvFn3c5sVz3Jzrq9MdjNmXWSZwNAbFNAvCC+1/uFp9L4JRty/LYh3HH+5pg7liyvM8QnljAqtcCon+b4v0bfA9Qyru/moGaBZQkXmHNn1zpEy5oAGUpegF4AhPgY0MgDJ76fzIRBmglWSZ+boSGaQMmSzyVkDzgv07AoGBAKNHs4m0FvxJNIVLkxE4sW3Tmy+19GIKqL14RY6mNdRnOggX5tRTuTBxGL+ugOfxhqObukm5DHKve/NcrPxdnlHlu/viiioATHi7z99EymySkVzM8NqXmOdGPD/xnGuLCCHAWsMDUp6ceUGMvoFGIIKjru8Z92qKU/UxzCP6ymvB', '2026-01-07 23:42:30.137', '2026-01-07 23:42:30.137', 680083598598475778, 680083598598475778);
INSERT INTO `mdo_app_keys` (`id`, `app_id`, `key_format`, `notify_url`, `notify_state`, `notify_encryption_type`, `public_key_app`, `private_key_app`, `public_key_platform`, `private_key_platform`, `created_at`, `updated_at`, `created_by`, `updated_by`) VALUES (45130549979573248, 6, 1, NULL, b'0', NULL, '1', '1', '35', '44', '2026-01-14 15:32:31.849', '2026-01-14 15:32:31.849', 680083598598475778, 680083598598475778);
INSERT INTO `mdo_app_keys` (`id`, `app_id`, `key_format`, `notify_url`, `notify_state`, `notify_encryption_type`, `public_key_app`, `private_key_app`, `public_key_platform`, `private_key_platform`, `created_at`, `updated_at`, `created_by`, `updated_by`) VALUES (45598250443283498, 4, 1, 'http://127.0.0.1:1234/anyUser/notify/callback', b'1', 2, 'MIIBIjANBgkqhkiG9w0BAQEFAAOCAQ8AMIIBCgKCAQEAvEwrhOCvOv/vpH5CPbyKiMC76r8qBQUKQjI8LQqdsV83thD9vDQccKk+1gRNX/JelttrhjBKaeBiyrn+ooR/QDDRObcP2AngqKnBsHNsbJ+478L8Njtj1xOjgBhSznbJogT6VFG8iCN01bSRBPFuc8PhYniHh1tcxmcG6pt0UAwR7OhPI286hXuEPeSHUhmZ7YZtIu6XXIh/lDCM0pMqkILhz2FHZP0mgr+bk8feNyInp5XCgWZ5vDGS35oEU0ZgmaZcwohktviaFhfARXENOyYvNNiljHqgRc8+qTno4DGafzW4JZ9vRv5GNKmQRmpg/TIbBJFnk1PWWgvokstDYQIDAQAB', 'MIIEvQIBADANBgkqhkiG9w0BAQEFAASCBKcwggSjAgEAAoIBAQC8TCuE4K86/++kfkI9vIqIwLvqvyoFBQpCMjwtCp2xXze2EP28NBxwqT7WBE1f8l6W22uGMEpp4GLKuf6ihH9AMNE5tw/YCeCoqcGwc2xsn7jvwvw2O2PXE6OAGFLOdsmiBPpUUbyII3TVtJEE8W5zw+FieIeHW1zGZwbqm3RQDBHs6E8jbzqFe4Q95IdSGZnthm0i7pdciH+UMIzSkyqQguHPYUdk/SaCv5uTx943IienlcKBZnm8MZLfmgRTRmCZplzCiGS2+JoWF8BFcQ07Ji802KWMeqBFzz6pOejgMZp/Nbgln29G/kY0qZBGamD9MhsEkWeTU9ZaC+iSy0NhAgMBAAECggEASzaZw5AELqsAzFHqn8JqC8oAxfnqDOtAd8SdKNiuuKTyGfWbhMvD+HSCNvas+YBUrCmlP4qWjsgkbhnxTnViZv+Y81beK0t2w6hbR+IzEwiR1KOsHvWGIekkTAxrNzFXxTH71CZ6Cl8vUhW4P6M4nWFG7BB9AmJKIq4QozHJOheHGhyMMovLv87y5ETXoSnLdP4e4XIG4/fIBM+ns0fdDxwcZIJD6Olrk19tdxgvwXjwZI3FE3gauSV1aIb4bvUyXZz6RwJrnqQHSBabXzvmzMMT6juZPVTe23sN8x//wAOsubWqdhzJ+4savjjOWtr0TVowqVXHfWNVTjygfgXNCQKBgQD76e6OsX5ca0c4UWzN6Fk/r1uPOmkWksNo/fOpvKM0oVEY/5ZqOQAOUyXjZU+PkBHi9snCh+GkmllHcq7MJchfr+ZqiWCdxrQd/A5clX7v51UbyzHOBuYkUnnyOqIYKgO1nAVygZfX/A1qp6HieubhaTZgsaArLSWrEGHfMJPAdwKBgQC/WhKWgEv8wRbftvVeVFwwFja4cEl+ngLak2yzzcpnvDa80PqkG8MAUSIhk6EjCmnY3rzsioNsJmZ1ku/JZksehD+B1z05/YMSizjm7P6hsTWUcj4cnNB3zPrit5DiD1AEKtjEG4nyZH45FfZ7PWO0Yfy5pONDXr13fdO/Y0oo5wKBgQCBetLACyDstcMsgkWPbC57WlGQQ7CCBrtjuqvEAY5NXeEGHVCdlmCd/ETMJWWIX7+hzcEUOK1U4nSjEaIgkgb0j7+54JSFY/1uMADdu4U8H8YR/BXEVK1z2+SMCXEJRIcVkHUITu3R+N6YhELj2tHS6DYn6wRtTM5Ap7H2esxmrwKBgEOQJigFvM7NzqnHC/P2jWZdMY0F+K1AVXmfvC3wZ5shFaKtlxICy2N9QjPg0HBy6NSuML7EWYsCNAMnkormF3f68gGCYhfrrzAJAFppK68jxutXOx8XL3RdZ+hNMFbhWTtfdZIotxhi6z50xsbU8jNqtbVGxweul+9s+isFf9XZAoGAaOTWGjLa2zioGAC5MCArspcNvnlVqAyYBUFfGImm71jJeBowUDF7gEjpCK75kttTPVknowb5DshXfRo9ZceH21h8a/SPeDz7S5xSPG8PP41WUdThxZJw/8n4CwT6P3Y3KOPGFLxKJoYvhkAXftHPhbI7Mtcv/y6PUpErMKy1ZTM=', 'MIIBIjANBgkqhkiG9w0BAQEFAAOCAQ8AMIIBCgKCAQEAkVl34lQv8IvA3qUOs5qNseHIzW1f8D0sABe4JumgFQFULOglMizZK+VCppa1xPz0e5jPNUA04u/jdI1DY3H+hk9i5dbzlgPnOG4zaMJMbSN/Jitr5MgfnY59XftCNFf9kSFAbS7ZUTv5Tc01/qwyVui6zsJTRKQTTAm3/0OyADo+ceodVQUPDAuFHbdiTe6aOSEUelFL8wDIdUmiXJ/wnfBW3/+CrYQPSBmLwdY9jv6PQIZfjyLFuinWRgW5U32uZCpx9c6X/kf7P5kcTVkkh+KRuDB/JxWr01QQpo9x/FlxZDUTXlKcS8nYkR23vd3THEGg84wbem7iywj66PJJCwIDAQAB', 'MIIEvAIBADANBgkqhkiG9w0BAQEFAASCBKYwggSiAgEAAoIBAQCRWXfiVC/wi8DepQ6zmo2x4cjNbV/wPSwAF7gm6aAVAVQs6CUyLNkr5UKmlrXE/PR7mM81QDTi7+N0jUNjcf6GT2Ll1vOWA+c4bjNowkxtI38mK2vkyB+djn1d+0I0V/2RIUBtLtlRO/lNzTX+rDJW6LrOwlNEpBNMCbf/Q7IAOj5x6h1VBQ8MC4Udt2JN7po5IRR6UUvzAMh1SaJcn/Cd8Fbf/4KthA9IGYvB1j2O/o9Ahl+PIsW6KdZGBblTfa5kKnH1zpf+R/s/mRxNWSSH4pG4MH8nFavTVBCmj3H8WXFkNRNeUpxLydiRHbe93dMcQaDzjBt6buLLCPro8kkLAgMBAAECggEAAOg3CFGQLwcgQAN1sQdA5SBMmYOaOqyXDrUXMB77IcZtWQ5l1QdUn6KBpPqBzeXqPK86c9Gfwt7OY5bSGdfHR91M97Q8tu31TnPZnEjCI1g6XemddcMN93TBMYn04tC9w18awNOvBYPDTYn/UUSP190B9XJfBKmleS8CV/R7MucnvRvdcVnZvmmt/ZZ+zoQxTPzDdN39DApk2ggYQKPYGe4ro/9cJxKM7u3SlYv79BRUQuJVBaNvbQlyDOWW4drkIiAMnoEtUEWTwsQbxk3iSaXee7D0RXYUH9F38TMwo1jnmh2ay5nKjb4/jrlSnmN3iIl9evW9kIUmFT93knKFUQKBgQC1jFDcrGmkoXpFKKycXFOiS107GPivE0TIKqb745X/cRIct5pb4U3Otb0pOW7hRXIORuyhZodVKRfC02GKm+noDvaSPi7nikJagRrIjKp3IQ76O5m2JNVBOAXtJ2gUKQaCGod+mpTe+bg69vACQuFKcacvkolBzSryjcXI39BlqQKBgQDM9N5iUqxBkRvzbYo2mfo46Vfp4qHmFon+xfl5kqQUXiU5bT7gbKHoBG43HQQnC2f8xedqTeBAE1d/hGR6LMP6RhD7iW77SEaz7sVX4DEfnI6oqWGbDo0Jp3PX9998yPg1YLUl2Uf4cr2N+MRXJc7kDDtK6pMb3GN7kgr5wbhBkwKBgBX7MkM1wOjFAGflP9kCuMGavGQOZvXTsG1H9MXkzWGLUDUX6eGcCu6vRIL8SDeQT/n4jmgQYOxnuE/HhjThIdYOEb6tNsKkE9qfbR3BIlagMw8LLlZGaWenH9iR/+EJApe4HJWwo7vHoo3JHlA3xs1bq3FwHZxQ+hU6IytqJfJZAoGAe0ID/5OCfof7DEFjLoUZY2KJeWHPRaVmZe6/oqpavNkFf+zANI2ALR2E/uYXWjfU2MJX8qlU5JP9OfXvyz3iuj+q9Oro8Hu98XX1/mwYfs9TSAFdbreogBbRZx9tqwjdpJQ9PL7YNoUilB/4TASz0Je+jMZXpBi9R1JEAYHMArsCgYAdhJwu2HAkETpVniWXdFBb6L+sPF5s2WjJTmCtO5B08ykUPjWGNw6Nh6I5pknxZjCPGjvO8EKIRuKCEgaRZ1pbOTKQGiMM4LzN1CD02Je/TB+whiNWLG31TgTYaeNCdS8/BKlkOhuEVfCLZ4HSMNoXK504E7Mj0+osk51xfUw3Ow==', '2026-01-15 21:23:59.866', '2026-01-15 21:23:59.866', 680083598598475778, 680083598598475778);
INSERT INTO `mdo_app_keys` (`id`, `app_id`, `key_format`, `notify_url`, `notify_state`, `notify_encryption_type`, `public_key_app`, `private_key_app`, `public_key_platform`, `private_key_platform`, `created_at`, `updated_at`, `created_by`, `updated_by`) VALUES (694452411687278592, 694171744164417539, 1, NULL, b'0', NULL, 'MIIBIjANBgkqhkiG9w0BAQEFAAOCAQ8AMIIBCgKCAQEAuHzKz1ogVtAYDBmW+8fTZlCPQROa3dphQQ26TA0rztfBfKFUqZoMReJ8DH8pJE3f8aqIjQB2AQRYgRAmsBprkrzwPaYHXBRb8AugomzWJ0VmPCm8/XjS2sPYLo65pilFJMPTh0H049U7eTTWGRfjoOCzMw/vwFgJqyj6qbskV3gvwl6Ej0J/drwIExocPJadbQvXXYfThpEdZhhKyQqo5Hok3RfsMK6FekzGI/8pRjbA7RGVC5wuRnpC3cruWrODBnZZRea1GOTvU+qriCAOlCi0vNHDGgXfC99vUuhIM8iBDAap+Et3tGziDsUWSVyk5NrwU/EOXUTnKT7B0HsdeQIDAQAB', 'MIIEvQIBADANBgkqhkiG9w0BAQEFAASCBKcwggSjAgEAAoIBAQC4fMrPWiBW0BgMGZb7x9NmUI9BE5rd2mFBDbpMDSvO18F8oVSpmgxF4nwMfykkTd/xqoiNAHYBBFiBECawGmuSvPA9pgdcFFvwC6CibNYnRWY8Kbz9eNLaw9gujrmmKUUkw9OHQfTj1Tt5NNYZF+Og4LMzD+/AWAmrKPqpuyRXeC/CXoSPQn92vAgTGhw8lp1tC9ddh9OGkR1mGErJCqjkeiTdF+wwroV6TMYj/ylGNsDtEZULnC5GekLdyu5as4MGdllF5rUY5O9T6quIIA6UKLS80cMaBd8L329S6EgzyIEMBqn4S3e0bOIOxRZJXKTk2vBT8Q5dROcpPsHQex15AgMBAAECggEADgrtsxfUo1cGpZEjFXox5LVYGieAX8e6JGYDmrtb7MwufaqYE6rWqVEiiR76xjkpRS9qYnU5Bj3K8NQGZdw0+P/pt3+WStN/5gc0jHiFWorlS8oPiSmzvxQuNekGR5gXm8NOLBsApYD7HHBBpbpUSNAhw87APJ9W6RDe96F3lDLANaDYa0rRcmPSAoz9g93bi79tKh7gfriq1pMZe+dqKMaS6z6BPEveaFeV8vLZ7qrzBwQpFrzRP3uRALFLhF8eEEMpcqRb4hjhXMrj4zBBe+UzAy+NU8DIgzOZh7hd5i1xoey2EhEp8ligLcHzPbLg4j4W7yxe8/i0guUqbsceawKBgQDWno72MXzpBKdKDm+40NMRClbcMPog7Coa+iimzpoNM/ZX7wVb+S1epgDm/nXAjf02tF5kRf2H/KcvmJKO6MN7Qi15yjAoCDc7fIEuWowpPdoa927OsvRnWZULoIoC6RAN9MhYrvrzyDMlG/6r1rOSrwKdfIQPE5Br8tbD7zLyFwKBgQDcDvJ5wUp9Nk62C32pTDxHTlxcAj1adZlZcdCxWLDNxCHMejnZLPQK0xCpT++JvebHku7eNNs7Mqn4ZGFxMUuwC3OB6jXyXoOzZXkbKBRPdH+QE+zsLRK8pJvLKcPSq7g6d9T8zXjZwGwAuEQRbdsnPpiaaqrNpVNCmoTDqZ/27wKBgA13RWENGdlFAXoUDc56y8N18p0+NXN7XejzaTmOHPxXFk3OIXfz2nTl1YiozpqWThzwlDuWaKHvqE3ENO3ijOFe9Zt+pCbe3RhOZ4yRAdpUlyq5+6nccJlLdZ6VJBOqq+c0RJ3L3NMO7KaXaxM9FWdOs8tN1LtdbuJXCkKg74FhAoGAbWjhFbgMmQSPTeOYrrvAnJNRSE20w20EuXvlDsfR3/xL8aYzbM705wzZk9SyfAF25HMhYElXVq9x4pXF/MlNoFGRNF6GQ+LKCD/DXsUmk/qQEcpWWXZvgms1KmWxfuTxy+AYfTiLhXguOo1jCmdcNr7gkKXIFkbEhrDcoYuMhPECgYEAh2vfwceLu+cdH0RMy0/yxcolYy2b0jznEJd6cj/vNX0coECfq+xCcMOH0R7jsI3N+OuzzXid9W3adC0g1n44r/03+MuuZ/5TBz3QIQsNYbXlgZC8smln9AUwoyJXwKXUeNMaqXIlgYTZeRKiNsw7z+VQNKTvIKVXS/GVUUkRwSc=', 'MIIBIjANBgkqhkiG9w0BAQEFAAOCAQ8AMIIBCgKCAQEAko4q0N1MsXKP1lvH7Y6/fYcczMeqBJWcV8TRECBCubGEUPU3MeM3aCgbAXNhGcFPbjU+l1rBDe5R6DqLGZJTxl8ms2EVdyL3VKzpAH294eSgziu5v+IE8rVGPdLdaw3/K33Nv7R22m+JIBNJ7Ezxa5bG19Gu6L11AUxa8BWxhFAo5JrLnDcNLXYQ+68wCoanRXzfFrH2/9KCZIqPsS4wY6xN4mNpZKQ/tmMYwfDI6wpJC+uS8QYIhc/Vh5jkzOWsqT80NFyjIt94+BITgaEGXBg5fmmRfiRJFKCPc1HZZq2ZM/MKf18TIPBXqZfcCQPqkYwKo6wuNNNpMPAYog4X9wIDAQAB', 'MIIEvQIBADANBgkqhkiG9w0BAQEFAASCBKcwggSjAgEAAoIBAQCSjirQ3Uyxco/WW8ftjr99hxzMx6oElZxXxNEQIEK5sYRQ9Tcx4zdoKBsBc2EZwU9uNT6XWsEN7lHoOosZklPGXyazYRV3IvdUrOkAfb3h5KDOK7m/4gTytUY90t1rDf8rfc2/tHbab4kgE0nsTPFrlsbX0a7ovXUBTFrwFbGEUCjkmsucNw0tdhD7rzAKhqdFfN8Wsfb/0oJkio+xLjBjrE3iY2lkpD+2YxjB8MjrCkkL65LxBgiFz9WHmOTM5aypPzQ0XKMi33j4EhOBoQZcGDl+aZF+JEkUoI9zUdlmrZkz8wp/XxMg8Fepl9wJA+qRjAqjrC4002kw8BiiDhf3AgMBAAECggEABpNbZ3Cuer29p2wJzeZcQCkaSTPiNH9z+topWTRhWgyVd75w4gukVkeKYqfHIQ0z36mC6+6V/+aEBUvvJtASczGcvmqqOGS4vTNe5vc9WE/WSTncBTiCaVNp2edGqQGBQ/XKkAHsXUOo3ugOpowTPvUOaeuOEgJCKDNBV0lZ5CpVKGUo0ZRwZ8486MRfySJmDMTK4ctADT70BBb0PvTomqeaBy/nFmjRCbRH3AaarRK2CTVqSyVUjA/LEkm16PCR+5B7FX/u63avyRwJ3OiKReh+hFEn972BpDX90W+CGeg3/YyDmys9rPelleHW++H3W6/K7m8l3y+jyeyLcBKBjQKBgQDOm8Id98/fbJNrWmuyzwf02RyyUD3fDx6AnANrZXhFfZ4LGQbYYewfFkk/cTQhKdCtDrfBujnqeSIYVSSTKzYUtpsqeuslw2hJBxL9zy0TkUR2GTWjw7l8p6xjNFTk6E6CQkg1yZgm8yKoGRpV9dQGFrvSNIGOl1aPAiXdJzRYkwKBgQC1lzdhh+l3H65ka+opN/8YLpOoZJYlvVZZ4mMoIlf5ecdVp0ibFRjmNNC2ghpmv8E9RlZK9lGQSBxsnbARf7DRs07LFh4BlSD55RWivSt0hCebzKibmJi7pcrcPoY+2atoGqwUbAzur36smhLMv5H8+Uxmuv0mylKWOhQoiL3VjQKBgQCVsG/RuouW+llMfDRvVmQTV4HdBxnslE2rLF2l39xlrH9m1vkIqNmkJEdpeaElLeCMoY8tArmXUbAMJRPctH/4PdzpyCi6MXtK/Z8a2JF2DdemINmmDtZCpFDXh0DCoDTRVyhuH+LmxV0koRtdkD/PMYVe5L/BCZCjCBFay163lQKBgHJKWnDoOejf58MMqLSIqeVua0DxDg9yu4aXFhGMjBJYsz0VrHzvKly5oSM9f6Br0BPg0S8dGPjWag1ysf5Rf9h8Intv0DLuyXJ+3L8wkMkk5EkK5pQH1xlDoAo+z/9+wIMlRmkUGI+hpPi9gFeduySdQ5jk17AyZwhmRYm9hr2BAoGATOu8kQNCJQIuHd+DOaXwlIP/8gOl0BcqdyI0UsG6aCKPapJUKpV4r1yH9jAKQCT1ti71Xgr42bOn/WpZI+7ZYHVfLWV51hILBGAabZOZHPN4PNymichWwL6OR9Bkx3nu6v56eXZy0FzBk5uQdPUma8KKzkIZv/7tOXBh2gqZDqk=', '2025-10-30 09:52:36.787', '2025-10-30 09:52:36.787', 680083598598475778, 680083598598475778);
COMMIT;

-- ----------------------------
-- Table structure for mdo_doc_content
-- ----------------------------
DROP TABLE IF EXISTS `mdo_doc_content`;
CREATE TABLE `mdo_doc_content` (
  `id` bigint NOT NULL COMMENT 'id',
  `doc_info_id` bigint NOT NULL DEFAULT '0' COMMENT '文档ID\ndoc_info.id',
  `content` longtext CHARACTER SET utf8mb4 COLLATE utf8mb4_general_ci COMMENT '文档内容',
  `created_at` datetime(3) DEFAULT CURRENT_TIMESTAMP(3) COMMENT '添加时间',
  `updated_at` datetime(3) DEFAULT CURRENT_TIMESTAMP(3) ON UPDATE CURRENT_TIMESTAMP(3) COMMENT '修改时间',
  `created_by` bigint DEFAULT '0' COMMENT '创建人id',
  `updated_by` bigint DEFAULT '0' COMMENT '修改人id',
  PRIMARY KEY (`id`) USING BTREE,
  KEY `idx_doc_info_id` (`doc_info_id`) USING BTREE
) ENGINE=InnoDB DEFAULT CHARSET=utf8mb4 COLLATE=utf8mb4_general_ci COMMENT='文档内容';

-- ----------------------------
-- Records of mdo_doc_content
-- ----------------------------
BEGIN;
INSERT INTO `mdo_doc_content` (`id`, `doc_info_id`, `content`, `created_at`, `updated_at`, `created_by`, `updated_by`) VALUES (45056569167898625, 120, '{\"children\":[],\"contentType\":\"\",\"description\":\"\",\"docName\":\"用户数据接口\",\"docTitle\":\"用户数据接口\",\"errorCodeParams\":[],\"globalHeaders\":[],\"globalParams\":[],\"globalReturns\":[],\"gmtCreate\":\"2026-01-14 10:00:25\",\"gmtModified\":\"2026-01-14 10:00:25\",\"headerParams\":[],\"headerParamsRaw\":[],\"httpMethod\":\"\",\"id\":120,\"isFolder\":1,\"name\":\"用户数据接口\",\"parentId\":0,\"pathParams\":[],\"queryParams\":[],\"requestParams\":[],\"responseParams\":[],\"url\":\"\",\"version\":\"\"}', '2026-01-14 10:06:30.250', '2026-01-14 10:06:30.250', 680083598598475778, 680083598598475778);
INSERT INTO `mdo_doc_content` (`id`, `doc_info_id`, `content`, `created_at`, `updated_at`, `created_by`, `updated_by`) VALUES (45056569167898626, 121, '{\"children\":[],\"contentType\":\"\",\"description\":\"每次保存的用户数量不超过 500 条  <br/>\\n用户保存成功之后，返回用户列表（含用户ID）\",\"docName\":\"批量保存用户信息\",\"docTitle\":\"批量保存用户信息\",\"errorCodeParams\":[],\"globalHeaders\":[],\"globalParams\":[],\"globalReturns\":[],\"gmtCreate\":\"2026-01-14 10:00:25\",\"gmtModified\":\"2026-01-14 10:00:25\",\"headerParams\":[],\"headerParamsRaw\":[],\"httpMethod\":\"\",\"id\":121,\"isFolder\":0,\"name\":\"批量保存用户信息\",\"parentId\":120,\"pathParams\":[],\"queryParams\":[],\"requestParams\":[{\"children\":[{\"children\":[],\"creatorName\":\"tangyh\",\"description\":\"用户名\",\"docId\":121,\"enumId\":0,\"example\":\"\",\"global\":false,\"gmtCreate\":\"2026-01-14 10:00:25\",\"gmtModified\":\"2026-01-14 10:00:25\",\"id\":815,\"maxLength\":\"64\",\"modifierName\":\"tangyh\",\"name\":\"username\",\"parentId\":814,\"require\":false,\"required\":1,\"type\":\"String\"},{\"children\":[],\"creatorName\":\"tangyh\",\"description\":\"性别<br>[1-男 2-女]\",\"docId\":121,\"enumId\":0,\"example\":\"\",\"global\":false,\"gmtCreate\":\"2026-01-14 10:00:25\",\"gmtModified\":\"2026-01-14 10:00:25\",\"id\":816,\"maxLength\":\"1\",\"modifierName\":\"tangyh\",\"name\":\"sex\",\"parentId\":814,\"require\":false,\"required\":0,\"type\":\"String\"},{\"children\":[],\"creatorName\":\"tangyh\",\"description\":\"电话号码\",\"docId\":121,\"enumId\":0,\"example\":\"\",\"global\":false,\"gmtCreate\":\"2026-01-14 10:00:25\",\"gmtModified\":\"2026-01-14 10:00:25\",\"id\":817,\"maxLength\":\"20\",\"modifierName\":\"tangyh\",\"name\":\"phone\",\"parentId\":814,\"require\":false,\"required\":0,\"type\":\"String\"},{\"children\":[],\"creatorName\":\"tangyh\",\"description\":\"姓名\",\"docId\":121,\"enumId\":0,\"example\":\"\",\"global\":false,\"gmtCreate\":\"2026-01-14 10:00:25\",\"gmtModified\":\"2026-01-14 10:00:25\",\"id\":818,\"maxLength\":\"255\",\"modifierName\":\"tangyh\",\"name\":\"name\",\"parentId\":814,\"require\":false,\"required\":0,\"type\":\"String\"},{\"children\":[],\"creatorName\":\"tangyh\",\"description\":\"邮箱地址\",\"docId\":121,\"enumId\":0,\"example\":\"\",\"global\":false,\"gmtCreate\":\"2026-01-14 10:00:25\",\"gmtModified\":\"2026-01-14 10:00:25\",\"id\":819,\"maxLength\":\"128\",\"modifierName\":\"tangyh\",\"name\":\"email\",\"parentId\":814,\"require\":false,\"required\":0,\"type\":\"String\"},{\"children\":[],\"creatorName\":\"tangyh\",\"description\":\"No comments found.\",\"docId\":121,\"enumId\":0,\"example\":\"\",\"global\":false,\"gmtCreate\":\"2026-01-14 10:00:25\",\"gmtModified\":\"2026-01-14 10:00:25\",\"id\":820,\"maxLength\":\"-\",\"modifierName\":\"tangyh\",\"name\":\"userSource\",\"parentId\":814,\"require\":false,\"required\":1,\"type\":\"String\"}],\"creatorName\":\"tangyh\",\"description\":\"No comments found.\",\"docId\":121,\"enumId\":0,\"example\":\"\",\"global\":false,\"gmtCreate\":\"2026-01-14 10:00:25\",\"gmtModified\":\"2026-01-14 10:00:25\",\"id\":814,\"maxLength\":\"\",\"modifierName\":\"tangyh\",\"name\":\"list\",\"parentId\":0,\"require\":false,\"required\":0,\"type\":\"List<UserSaveDto>\"}],\"responseParams\":[{\"children\":[{\"children\":[],\"creatorName\":\"tangyh\",\"description\":\"ID\",\"docId\":121,\"enumId\":0,\"example\":\"0\",\"global\":false,\"gmtCreate\":\"2026-01-14 10:00:25\",\"gmtModified\":\"2026-01-14 10:00:25\",\"id\":822,\"maxLength\":\"-\",\"modifierName\":\"tangyh\",\"name\":\"id\",\"parentId\":821,\"require\":false,\"required\":0,\"type\":\"Long\"},{\"children\":[],\"creatorName\":\"tangyh\",\"description\":\"用户名\",\"docId\":121,\"enumId\":0,\"example\":\"\",\"global\":false,\"gmtCreate\":\"2026-01-14 10:00:25\",\"gmtModified\":\"2026-01-14 10:00:25\",\"id\":823,\"maxLength\":\"-\",\"modifierName\":\"tangyh\",\"name\":\"username\",\"parentId\":821,\"require\":false,\"required\":0,\"type\":\"String\"},{\"children\":[],\"creatorName\":\"tangyh\",\"description\":\"性别<br>[1-男 2-女]\",\"docId\":121,\"enumId\":0,\"example\":\"\",\"global\":false,\"gmtCreate\":\"2026-01-14 10:00:25\",\"gmtModified\":\"2026-01-14 10:00:25\",\"id\":824,\"maxLength\":\"-\",\"modifierName\":\"tangyh\",\"name\":\"sex\",\"parentId\":821,\"require\":false,\"required\":0,\"type\":\"String\"},{\"children\":[],\"creatorName\":\"tangyh\",\"description\":\"电话号码\",\"docId\":121,\"enumId\":0,\"example\":\"\",\"global\":false,\"gmtCreate\":\"2026-01-14 10:00:25\",\"gmtModified\":\"2026-01-14 10:00:25\",\"id\":825,\"maxLength\":\"-\",\"modifierName\":\"tangyh\",\"name\":\"phone\",\"parentId\":821,\"require\":false,\"required\":0,\"type\":\"String\"},{\"children\":[],\"creatorName\":\"tangyh\",\"description\":\"姓名\",\"docId\":121,\"enumId\":0,\"example\":\"\",\"global\":false,\"gmtCreate\":\"2026-01-14 10:00:25\",\"gmtModified\":\"2026-01-14 10:00:25\",\"id\":826,\"maxLength\":\"-\",\"modifierName\":\"tangyh\",\"name\":\"name\",\"parentId\":821,\"require\":false,\"required\":0,\"type\":\"String\"},{\"children\":[],\"creatorName\":\"tangyh\",\"description\":\"邮箱地址\",\"docId\":121,\"enumId\":0,\"example\":\"\",\"global\":false,\"gmtCreate\":\"2026-01-14 10:00:25\",\"gmtModified\":\"2026-01-14 10:00:25\",\"id\":827,\"maxLength\":\"-\",\"modifierName\":\"tangyh\",\"name\":\"email\",\"parentId\":821,\"require\":false,\"required\":0,\"type\":\"String\"},{\"children\":[],\"creatorName\":\"tangyh\",\"description\":\"状态<br>[0-禁用 1-正常]\",\"docId\":121,\"enumId\":0,\"example\":\"true\",\"global\":false,\"gmtCreate\":\"2026-01-14 10:00:25\",\"gmtModified\":\"2026-01-14 10:00:25\",\"id\":828,\"maxLength\":\"-\",\"modifierName\":\"tangyh\",\"name\":\"state\",\"parentId\":821,\"require\":false,\"required\":0,\"type\":\"Boolean\"},{\"children\":[],\"creatorName\":\"tangyh\",\"description\":\"创建时间\",\"docId\":121,\"enumId\":0,\"example\":\"yyyy-MM-dd HH:mm:ss\",\"global\":false,\"gmtCreate\":\"2026-01-14 10:00:25\",\"gmtModified\":\"2026-01-14 10:00:25\",\"id\":829,\"maxLength\":\"-\",\"modifierName\":\"tangyh\",\"name\":\"createdAt\",\"parentId\":821,\"require\":false,\"required\":0,\"type\":\"LocalDateTime\"},{\"children\":[],\"creatorName\":\"tangyh\",\"description\":\"No comments found.\",\"docId\":121,\"enumId\":0,\"example\":\"\",\"global\":false,\"gmtCreate\":\"2026-01-14 10:00:25\",\"gmtModified\":\"2026-01-14 10:00:25\",\"id\":830,\"maxLength\":\"-\",\"modifierName\":\"tangyh\",\"name\":\"userSource\",\"parentId\":821,\"require\":false,\"required\":0,\"type\":\"String\"}],\"creatorName\":\"tangyh\",\"description\":\"新增数据\",\"docId\":121,\"enumId\":0,\"example\":\"\",\"global\":false,\"gmtCreate\":\"2026-01-14 10:00:25\",\"gmtModified\":\"2026-01-14 10:00:25\",\"id\":821,\"maxLength\":\"\",\"modifierName\":\"tangyh\",\"name\":\"saveList\",\"parentId\":0,\"require\":false,\"required\":0,\"type\":\"List<UserResp>\"},{\"children\":[{\"children\":[],\"creatorName\":\"tangyh\",\"description\":\"ID\",\"docId\":121,\"enumId\":0,\"example\":\"0\",\"global\":false,\"gmtCreate\":\"2026-01-14 10:00:25\",\"gmtModified\":\"2026-01-14 10:00:25\",\"id\":832,\"maxLength\":\"-\",\"modifierName\":\"tangyh\",\"name\":\"id\",\"parentId\":831,\"require\":false,\"required\":0,\"type\":\"Long\"},{\"children\":[],\"creatorName\":\"tangyh\",\"description\":\"用户名\",\"docId\":121,\"enumId\":0,\"example\":\"\",\"global\":false,\"gmtCreate\":\"2026-01-14 10:00:25\",\"gmtModified\":\"2026-01-14 10:00:25\",\"id\":833,\"maxLength\":\"-\",\"modifierName\":\"tangyh\",\"name\":\"username\",\"parentId\":831,\"require\":false,\"required\":0,\"type\":\"String\"},{\"children\":[],\"creatorName\":\"tangyh\",\"description\":\"性别<br>[1-男 2-女]\",\"docId\":121,\"enumId\":0,\"example\":\"\",\"global\":false,\"gmtCreate\":\"2026-01-14 10:00:25\",\"gmtModified\":\"2026-01-14 10:00:25\",\"id\":834,\"maxLength\":\"-\",\"modifierName\":\"tangyh\",\"name\":\"sex\",\"parentId\":831,\"require\":false,\"required\":0,\"type\":\"String\"},{\"children\":[],\"creatorName\":\"tangyh\",\"description\":\"电话号码\",\"docId\":121,\"enumId\":0,\"example\":\"\",\"global\":false,\"gmtCreate\":\"2026-01-14 10:00:25\",\"gmtModified\":\"2026-01-14 10:00:25\",\"id\":835,\"maxLength\":\"-\",\"modifierName\":\"tangyh\",\"name\":\"phone\",\"parentId\":831,\"require\":false,\"required\":0,\"type\":\"String\"},{\"children\":[],\"creatorName\":\"tangyh\",\"description\":\"姓名\",\"docId\":121,\"enumId\":0,\"example\":\"\",\"global\":false,\"gmtCreate\":\"2026-01-14 10:00:25\",\"gmtModified\":\"2026-01-14 10:00:25\",\"id\":836,\"maxLength\":\"-\",\"modifierName\":\"tangyh\",\"name\":\"name\",\"parentId\":831,\"require\":false,\"required\":0,\"type\":\"String\"},{\"children\":[],\"creatorName\":\"tangyh\",\"description\":\"邮箱地址\",\"docId\":121,\"enumId\":0,\"example\":\"\",\"global\":false,\"gmtCreate\":\"2026-01-14 10:00:25\",\"gmtModified\":\"2026-01-14 10:00:25\",\"id\":837,\"maxLength\":\"-\",\"modifierName\":\"tangyh\",\"name\":\"email\",\"parentId\":831,\"require\":false,\"required\":0,\"type\":\"String\"},{\"children\":[],\"creatorName\":\"tangyh\",\"description\":\"状态<br>[0-禁用 1-正常]\",\"docId\":121,\"enumId\":0,\"example\":\"true\",\"global\":false,\"gmtCreate\":\"2026-01-14 10:00:25\",\"gmtModified\":\"2026-01-14 10:00:25\",\"id\":838,\"maxLength\":\"-\",\"modifierName\":\"tangyh\",\"name\":\"state\",\"parentId\":831,\"require\":false,\"required\":0,\"type\":\"Boolean\"},{\"children\":[],\"creatorName\":\"tangyh\",\"description\":\"创建时间\",\"docId\":121,\"enumId\":0,\"example\":\"yyyy-MM-dd HH:mm:ss\",\"global\":false,\"gmtCreate\":\"2026-01-14 10:00:25\",\"gmtModified\":\"2026-01-14 10:00:25\",\"id\":839,\"maxLength\":\"-\",\"modifierName\":\"tangyh\",\"name\":\"createdAt\",\"parentId\":831,\"require\":false,\"required\":0,\"type\":\"LocalDateTime\"},{\"children\":[],\"creatorName\":\"tangyh\",\"description\":\"No comments found.\",\"docId\":121,\"enumId\":0,\"example\":\"\",\"global\":false,\"gmtCreate\":\"2026-01-14 10:00:25\",\"gmtModified\":\"2026-01-14 10:00:25\",\"id\":840,\"maxLength\":\"-\",\"modifierName\":\"tangyh\",\"name\":\"userSource\",\"parentId\":831,\"require\":false,\"required\":0,\"type\":\"String\"}],\"creatorName\":\"tangyh\",\"description\":\"修改数据\",\"docId\":121,\"enumId\":0,\"example\":\"\",\"global\":false,\"gmtCreate\":\"2026-01-14 10:00:25\",\"gmtModified\":\"2026-01-14 10:00:25\",\"id\":831,\"maxLength\":\"\",\"modifierName\":\"tangyh\",\"name\":\"updateList\",\"parentId\":0,\"require\":false,\"required\":0,\"type\":\"List<UserResp>\"},{\"children\":[{\"children\":[],\"creatorName\":\"tangyh\",\"description\":\"ID\",\"docId\":121,\"enumId\":0,\"example\":\"0\",\"global\":false,\"gmtCreate\":\"2026-01-14 10:00:25\",\"gmtModified\":\"2026-01-14 10:00:25\",\"id\":842,\"maxLength\":\"-\",\"modifierName\":\"tangyh\",\"name\":\"id\",\"parentId\":841,\"require\":false,\"required\":0,\"type\":\"Long\"},{\"children\":[],\"creatorName\":\"tangyh\",\"description\":\"用户名\",\"docId\":121,\"enumId\":0,\"example\":\"\",\"global\":false,\"gmtCreate\":\"2026-01-14 10:00:25\",\"gmtModified\":\"2026-01-14 10:00:25\",\"id\":843,\"maxLength\":\"-\",\"modifierName\":\"tangyh\",\"name\":\"username\",\"parentId\":841,\"require\":false,\"required\":0,\"type\":\"String\"},{\"children\":[],\"creatorName\":\"tangyh\",\"description\":\"性别<br>[1-男 2-女]\",\"docId\":121,\"enumId\":0,\"example\":\"\",\"global\":false,\"gmtCreate\":\"2026-01-14 10:00:25\",\"gmtModified\":\"2026-01-14 10:00:25\",\"id\":844,\"maxLength\":\"-\",\"modifierName\":\"tangyh\",\"name\":\"sex\",\"parentId\":841,\"require\":false,\"required\":0,\"type\":\"String\"},{\"children\":[],\"creatorName\":\"tangyh\",\"description\":\"电话号码\",\"docId\":121,\"enumId\":0,\"example\":\"\",\"global\":false,\"gmtCreate\":\"2026-01-14 10:00:25\",\"gmtModified\":\"2026-01-14 10:00:25\",\"id\":845,\"maxLength\":\"-\",\"modifierName\":\"tangyh\",\"name\":\"phone\",\"parentId\":841,\"require\":false,\"required\":0,\"type\":\"String\"},{\"children\":[],\"creatorName\":\"tangyh\",\"description\":\"姓名\",\"docId\":121,\"enumId\":0,\"example\":\"\",\"global\":false,\"gmtCreate\":\"2026-01-14 10:00:25\",\"gmtModified\":\"2026-01-14 10:00:25\",\"id\":846,\"maxLength\":\"-\",\"modifierName\":\"tangyh\",\"name\":\"name\",\"parentId\":841,\"require\":false,\"required\":0,\"type\":\"String\"},{\"children\":[],\"creatorName\":\"tangyh\",\"description\":\"邮箱地址\",\"docId\":121,\"enumId\":0,\"example\":\"\",\"global\":false,\"gmtCreate\":\"2026-01-14 10:00:25\",\"gmtModified\":\"2026-01-14 10:00:25\",\"id\":847,\"maxLength\":\"-\",\"modifierName\":\"tangyh\",\"name\":\"email\",\"parentId\":841,\"require\":false,\"required\":0,\"type\":\"String\"},{\"children\":[],\"creatorName\":\"tangyh\",\"description\":\"状态<br>[0-禁用 1-正常]\",\"docId\":121,\"enumId\":0,\"example\":\"true\",\"global\":false,\"gmtCreate\":\"2026-01-14 10:00:25\",\"gmtModified\":\"2026-01-14 10:00:25\",\"id\":848,\"maxLength\":\"-\",\"modifierName\":\"tangyh\",\"name\":\"state\",\"parentId\":841,\"require\":false,\"required\":0,\"type\":\"Boolean\"},{\"children\":[],\"creatorName\":\"tangyh\",\"description\":\"创建时间\",\"docId\":121,\"enumId\":0,\"example\":\"yyyy-MM-dd HH:mm:ss\",\"global\":false,\"gmtCreate\":\"2026-01-14 10:00:25\",\"gmtModified\":\"2026-01-14 10:00:25\",\"id\":849,\"maxLength\":\"-\",\"modifierName\":\"tangyh\",\"name\":\"createdAt\",\"parentId\":841,\"require\":false,\"required\":0,\"type\":\"LocalDateTime\"},{\"children\":[],\"creatorName\":\"tangyh\",\"description\":\"No comments found.\",\"docId\":121,\"enumId\":0,\"example\":\"\",\"global\":false,\"gmtCreate\":\"2026-01-14 10:00:25\",\"gmtModified\":\"2026-01-14 10:00:25\",\"id\":850,\"maxLength\":\"-\",\"modifierName\":\"tangyh\",\"name\":\"userSource\",\"parentId\":841,\"require\":false,\"required\":0,\"type\":\"String\"}],\"creatorName\":\"tangyh\",\"description\":\"重复数据\",\"docId\":121,\"enumId\":0,\"example\":\"\",\"global\":false,\"gmtCreate\":\"2026-01-14 10:00:25\",\"gmtModified\":\"2026-01-14 10:00:25\",\"id\":841,\"maxLength\":\"\",\"modifierName\":\"tangyh\",\"name\":\"existList\",\"parentId\":0,\"require\":false,\"required\":0,\"type\":\"List<UserResp>\"}],\"url\":\"user.batchSave\",\"version\":\"1.0\"}', '2026-01-14 10:06:30.265', '2026-01-14 10:06:30.265', 680083598598475778, 680083598598475778);
INSERT INTO `mdo_doc_content` (`id`, `doc_info_id`, `content`, `created_at`, `updated_at`, `created_by`, `updated_by`) VALUES (45056569167898627, 122, '{\"children\":[],\"contentType\":\"\",\"description\":\"根据用户ID，修改用户信息\",\"docName\":\"根据用户ID，修改用户信息\",\"docTitle\":\"根据用户ID，修改用户信息\",\"errorCodeParams\":[],\"globalHeaders\":[],\"globalParams\":[],\"globalReturns\":[],\"gmtCreate\":\"2026-01-14 10:00:25\",\"gmtModified\":\"2026-01-14 10:00:25\",\"headerParams\":[],\"headerParamsRaw\":[],\"httpMethod\":\"\",\"id\":122,\"isFolder\":0,\"name\":\"根据用户ID，修改用户信息\",\"parentId\":120,\"pathParams\":[],\"queryParams\":[],\"requestParams\":[{\"children\":[],\"creatorName\":\"tangyh\",\"description\":\"用户名\",\"docId\":122,\"enumId\":0,\"example\":\"\",\"global\":false,\"gmtCreate\":\"2026-01-14 10:00:25\",\"gmtModified\":\"2026-01-14 10:00:25\",\"id\":851,\"maxLength\":\"64\",\"modifierName\":\"tangyh\",\"name\":\"username\",\"parentId\":0,\"require\":false,\"required\":1,\"type\":\"String\"},{\"children\":[],\"creatorName\":\"tangyh\",\"description\":\"性别<br>[1-男 2-女]\",\"docId\":122,\"enumId\":0,\"example\":\"\",\"global\":false,\"gmtCreate\":\"2026-01-14 10:00:25\",\"gmtModified\":\"2026-01-14 10:00:25\",\"id\":852,\"maxLength\":\"1\",\"modifierName\":\"tangyh\",\"name\":\"sex\",\"parentId\":0,\"require\":false,\"required\":0,\"type\":\"String\"},{\"children\":[],\"creatorName\":\"tangyh\",\"description\":\"电话号码\",\"docId\":122,\"enumId\":0,\"example\":\"\",\"global\":false,\"gmtCreate\":\"2026-01-14 10:00:25\",\"gmtModified\":\"2026-01-14 10:00:25\",\"id\":853,\"maxLength\":\"20\",\"modifierName\":\"tangyh\",\"name\":\"phone\",\"parentId\":0,\"require\":false,\"required\":0,\"type\":\"String\"},{\"children\":[],\"creatorName\":\"tangyh\",\"description\":\"姓名\",\"docId\":122,\"enumId\":0,\"example\":\"\",\"global\":false,\"gmtCreate\":\"2026-01-14 10:00:25\",\"gmtModified\":\"2026-01-14 10:00:25\",\"id\":854,\"maxLength\":\"255\",\"modifierName\":\"tangyh\",\"name\":\"name\",\"parentId\":0,\"require\":false,\"required\":0,\"type\":\"String\"},{\"children\":[],\"creatorName\":\"tangyh\",\"description\":\"邮箱地址\",\"docId\":122,\"enumId\":0,\"example\":\"\",\"global\":false,\"gmtCreate\":\"2026-01-14 10:00:25\",\"gmtModified\":\"2026-01-14 10:00:25\",\"id\":855,\"maxLength\":\"128\",\"modifierName\":\"tangyh\",\"name\":\"email\",\"parentId\":0,\"require\":false,\"required\":0,\"type\":\"String\"},{\"children\":[],\"creatorName\":\"tangyh\",\"description\":\"No comments found.\",\"docId\":122,\"enumId\":0,\"example\":\"\",\"global\":false,\"gmtCreate\":\"2026-01-14 10:00:25\",\"gmtModified\":\"2026-01-14 10:00:25\",\"id\":856,\"maxLength\":\"-\",\"modifierName\":\"tangyh\",\"name\":\"userSource\",\"parentId\":0,\"require\":false,\"required\":1,\"type\":\"String\"},{\"children\":[],\"creatorName\":\"tangyh\",\"description\":\"ID\",\"docId\":122,\"enumId\":0,\"example\":\"0\",\"global\":false,\"gmtCreate\":\"2026-01-14 10:00:25\",\"gmtModified\":\"2026-01-14 10:00:25\",\"id\":857,\"maxLength\":\"-\",\"modifierName\":\"tangyh\",\"name\":\"id\",\"parentId\":0,\"require\":false,\"required\":1,\"type\":\"Long\"}],\"responseParams\":[{\"children\":[],\"creatorName\":\"tangyh\",\"description\":\"ID\",\"docId\":122,\"enumId\":0,\"example\":\"0\",\"global\":false,\"gmtCreate\":\"2026-01-14 10:00:25\",\"gmtModified\":\"2026-01-14 10:00:25\",\"id\":858,\"maxLength\":\"-\",\"modifierName\":\"tangyh\",\"name\":\"id\",\"parentId\":0,\"require\":false,\"required\":0,\"type\":\"Long\"},{\"children\":[],\"creatorName\":\"tangyh\",\"description\":\"用户名\",\"docId\":122,\"enumId\":0,\"example\":\"\",\"global\":false,\"gmtCreate\":\"2026-01-14 10:00:25\",\"gmtModified\":\"2026-01-14 10:00:25\",\"id\":859,\"maxLength\":\"-\",\"modifierName\":\"tangyh\",\"name\":\"username\",\"parentId\":0,\"require\":false,\"required\":0,\"type\":\"String\"},{\"children\":[],\"creatorName\":\"tangyh\",\"description\":\"性别<br>[1-男 2-女]\",\"docId\":122,\"enumId\":0,\"example\":\"\",\"global\":false,\"gmtCreate\":\"2026-01-14 10:00:25\",\"gmtModified\":\"2026-01-14 10:00:25\",\"id\":860,\"maxLength\":\"-\",\"modifierName\":\"tangyh\",\"name\":\"sex\",\"parentId\":0,\"require\":false,\"required\":0,\"type\":\"String\"},{\"children\":[],\"creatorName\":\"tangyh\",\"description\":\"电话号码\",\"docId\":122,\"enumId\":0,\"example\":\"\",\"global\":false,\"gmtCreate\":\"2026-01-14 10:00:25\",\"gmtModified\":\"2026-01-14 10:00:25\",\"id\":861,\"maxLength\":\"-\",\"modifierName\":\"tangyh\",\"name\":\"phone\",\"parentId\":0,\"require\":false,\"required\":0,\"type\":\"String\"},{\"children\":[],\"creatorName\":\"tangyh\",\"description\":\"姓名\",\"docId\":122,\"enumId\":0,\"example\":\"\",\"global\":false,\"gmtCreate\":\"2026-01-14 10:00:25\",\"gmtModified\":\"2026-01-14 10:00:25\",\"id\":862,\"maxLength\":\"-\",\"modifierName\":\"tangyh\",\"name\":\"name\",\"parentId\":0,\"require\":false,\"required\":0,\"type\":\"String\"},{\"children\":[],\"creatorName\":\"tangyh\",\"description\":\"邮箱地址\",\"docId\":122,\"enumId\":0,\"example\":\"\",\"global\":false,\"gmtCreate\":\"2026-01-14 10:00:25\",\"gmtModified\":\"2026-01-14 10:00:25\",\"id\":863,\"maxLength\":\"-\",\"modifierName\":\"tangyh\",\"name\":\"email\",\"parentId\":0,\"require\":false,\"required\":0,\"type\":\"String\"},{\"children\":[],\"creatorName\":\"tangyh\",\"description\":\"状态<br>[0-禁用 1-正常]\",\"docId\":122,\"enumId\":0,\"example\":\"true\",\"global\":false,\"gmtCreate\":\"2026-01-14 10:00:25\",\"gmtModified\":\"2026-01-14 10:00:25\",\"id\":864,\"maxLength\":\"-\",\"modifierName\":\"tangyh\",\"name\":\"state\",\"parentId\":0,\"require\":false,\"required\":0,\"type\":\"Boolean\"},{\"children\":[],\"creatorName\":\"tangyh\",\"description\":\"创建时间\",\"docId\":122,\"enumId\":0,\"example\":\"yyyy-MM-dd HH:mm:ss\",\"global\":false,\"gmtCreate\":\"2026-01-14 10:00:25\",\"gmtModified\":\"2026-01-14 10:00:25\",\"id\":865,\"maxLength\":\"-\",\"modifierName\":\"tangyh\",\"name\":\"createdAt\",\"parentId\":0,\"require\":false,\"required\":0,\"type\":\"LocalDateTime\"},{\"children\":[],\"creatorName\":\"tangyh\",\"description\":\"No comments found.\",\"docId\":122,\"enumId\":0,\"example\":\"\",\"global\":false,\"gmtCreate\":\"2026-01-14 10:00:25\",\"gmtModified\":\"2026-01-14 10:00:25\",\"id\":866,\"maxLength\":\"-\",\"modifierName\":\"tangyh\",\"name\":\"userSource\",\"parentId\":0,\"require\":false,\"required\":0,\"type\":\"String\"}],\"url\":\"user.updateById\",\"version\":\"1.0\"}', '2026-01-14 10:06:30.279', '2026-01-14 10:06:30.279', 680083598598475778, 680083598598475778);
INSERT INTO `mdo_doc_content` (`id`, `doc_info_id`, `content`, `created_at`, `updated_at`, `created_by`, `updated_by`) VALUES (45056569167898628, 123, '{\"children\":[],\"contentType\":\"\",\"description\":\"根据ID查询用户信息\",\"docName\":\"根据ID查询用户信息\",\"docTitle\":\"根据ID查询用户信息\",\"errorCodeParams\":[],\"globalHeaders\":[],\"globalParams\":[],\"globalReturns\":[],\"gmtCreate\":\"2026-01-14 10:00:25\",\"gmtModified\":\"2026-01-14 10:00:25\",\"headerParams\":[],\"headerParamsRaw\":[],\"httpMethod\":\"\",\"id\":123,\"isFolder\":0,\"name\":\"根据ID查询用户信息\",\"parentId\":120,\"pathParams\":[],\"queryParams\":[],\"requestParams\":[{\"children\":[],\"creatorName\":\"tangyh\",\"description\":\"用户ID\",\"docId\":123,\"enumId\":0,\"example\":\"0\",\"global\":false,\"gmtCreate\":\"2026-01-14 10:00:25\",\"gmtModified\":\"2026-01-14 10:00:25\",\"id\":867,\"maxLength\":\"-\",\"modifierName\":\"tangyh\",\"name\":\"id\",\"parentId\":0,\"require\":false,\"required\":0,\"type\":\"Long\"}],\"responseParams\":[{\"children\":[],\"creatorName\":\"tangyh\",\"description\":\"ID\",\"docId\":123,\"enumId\":0,\"example\":\"0\",\"global\":false,\"gmtCreate\":\"2026-01-14 10:00:25\",\"gmtModified\":\"2026-01-14 10:00:25\",\"id\":868,\"maxLength\":\"-\",\"modifierName\":\"tangyh\",\"name\":\"id\",\"parentId\":0,\"require\":false,\"required\":0,\"type\":\"Long\"},{\"children\":[],\"creatorName\":\"tangyh\",\"description\":\"用户名\",\"docId\":123,\"enumId\":0,\"example\":\"\",\"global\":false,\"gmtCreate\":\"2026-01-14 10:00:25\",\"gmtModified\":\"2026-01-14 10:00:25\",\"id\":869,\"maxLength\":\"-\",\"modifierName\":\"tangyh\",\"name\":\"username\",\"parentId\":0,\"require\":false,\"required\":0,\"type\":\"String\"},{\"children\":[],\"creatorName\":\"tangyh\",\"description\":\"性别<br>[1-男 2-女]\",\"docId\":123,\"enumId\":0,\"example\":\"\",\"global\":false,\"gmtCreate\":\"2026-01-14 10:00:25\",\"gmtModified\":\"2026-01-14 10:00:25\",\"id\":870,\"maxLength\":\"-\",\"modifierName\":\"tangyh\",\"name\":\"sex\",\"parentId\":0,\"require\":false,\"required\":0,\"type\":\"String\"},{\"children\":[],\"creatorName\":\"tangyh\",\"description\":\"电话号码\",\"docId\":123,\"enumId\":0,\"example\":\"\",\"global\":false,\"gmtCreate\":\"2026-01-14 10:00:25\",\"gmtModified\":\"2026-01-14 10:00:25\",\"id\":871,\"maxLength\":\"-\",\"modifierName\":\"tangyh\",\"name\":\"phone\",\"parentId\":0,\"require\":false,\"required\":0,\"type\":\"String\"},{\"children\":[],\"creatorName\":\"tangyh\",\"description\":\"姓名\",\"docId\":123,\"enumId\":0,\"example\":\"\",\"global\":false,\"gmtCreate\":\"2026-01-14 10:00:25\",\"gmtModified\":\"2026-01-14 10:00:25\",\"id\":872,\"maxLength\":\"-\",\"modifierName\":\"tangyh\",\"name\":\"name\",\"parentId\":0,\"require\":false,\"required\":0,\"type\":\"String\"},{\"children\":[],\"creatorName\":\"tangyh\",\"description\":\"邮箱地址\",\"docId\":123,\"enumId\":0,\"example\":\"\",\"global\":false,\"gmtCreate\":\"2026-01-14 10:00:25\",\"gmtModified\":\"2026-01-14 10:00:25\",\"id\":873,\"maxLength\":\"-\",\"modifierName\":\"tangyh\",\"name\":\"email\",\"parentId\":0,\"require\":false,\"required\":0,\"type\":\"String\"},{\"children\":[],\"creatorName\":\"tangyh\",\"description\":\"状态<br>[0-禁用 1-正常]\",\"docId\":123,\"enumId\":0,\"example\":\"true\",\"global\":false,\"gmtCreate\":\"2026-01-14 10:00:25\",\"gmtModified\":\"2026-01-14 10:00:25\",\"id\":874,\"maxLength\":\"-\",\"modifierName\":\"tangyh\",\"name\":\"state\",\"parentId\":0,\"require\":false,\"required\":0,\"type\":\"Boolean\"},{\"children\":[],\"creatorName\":\"tangyh\",\"description\":\"创建时间\",\"docId\":123,\"enumId\":0,\"example\":\"yyyy-MM-dd HH:mm:ss\",\"global\":false,\"gmtCreate\":\"2026-01-14 10:00:25\",\"gmtModified\":\"2026-01-14 10:00:25\",\"id\":875,\"maxLength\":\"-\",\"modifierName\":\"tangyh\",\"name\":\"createdAt\",\"parentId\":0,\"require\":false,\"required\":0,\"type\":\"LocalDateTime\"},{\"children\":[],\"creatorName\":\"tangyh\",\"description\":\"No comments found.\",\"docId\":123,\"enumId\":0,\"example\":\"\",\"global\":false,\"gmtCreate\":\"2026-01-14 10:00:25\",\"gmtModified\":\"2026-01-14 10:00:25\",\"id\":876,\"maxLength\":\"-\",\"modifierName\":\"tangyh\",\"name\":\"userSource\",\"parentId\":0,\"require\":false,\"required\":0,\"type\":\"String\"}],\"url\":\"user.getById\",\"version\":\"1.0\"}', '2026-01-14 10:06:30.287', '2026-01-14 10:06:30.287', 680083598598475778, 680083598598475778);
INSERT INTO `mdo_doc_content` (`id`, `doc_info_id`, `content`, `created_at`, `updated_at`, `created_by`, `updated_by`) VALUES (45056569167898629, 124, '{\"children\":[],\"contentType\":\"\",\"description\":\"分页查询用户信息\",\"docName\":\"分页查询用户信息\",\"docTitle\":\"分页查询用户信息\",\"errorCodeParams\":[],\"globalHeaders\":[],\"globalParams\":[],\"globalReturns\":[],\"gmtCreate\":\"2026-01-14 10:00:25\",\"gmtModified\":\"2026-01-14 10:00:25\",\"headerParams\":[],\"headerParamsRaw\":[],\"httpMethod\":\"\",\"id\":124,\"isFolder\":0,\"name\":\"分页查询用户信息\",\"parentId\":120,\"pathParams\":[],\"queryParams\":[],\"requestParams\":[{\"children\":[{\"children\":[],\"creatorName\":\"tangyh\",\"description\":\"用户名\",\"docId\":124,\"enumId\":0,\"example\":\"\",\"global\":false,\"gmtCreate\":\"2026-01-14 10:00:25\",\"gmtModified\":\"2026-01-14 10:00:25\",\"id\":878,\"maxLength\":\"-\",\"modifierName\":\"tangyh\",\"name\":\"username\",\"parentId\":877,\"require\":false,\"required\":0,\"type\":\"String\"},{\"children\":[],\"creatorName\":\"tangyh\",\"description\":\"性别<br>[1-男 2-女]\",\"docId\":124,\"enumId\":0,\"example\":\"\",\"global\":false,\"gmtCreate\":\"2026-01-14 10:00:25\",\"gmtModified\":\"2026-01-14 10:00:25\",\"id\":879,\"maxLength\":\"-\",\"modifierName\":\"tangyh\",\"name\":\"sex\",\"parentId\":877,\"require\":false,\"required\":0,\"type\":\"String\"},{\"children\":[],\"creatorName\":\"tangyh\",\"description\":\"电话号码\",\"docId\":124,\"enumId\":0,\"example\":\"\",\"global\":false,\"gmtCreate\":\"2026-01-14 10:00:25\",\"gmtModified\":\"2026-01-14 10:00:25\",\"id\":880,\"maxLength\":\"-\",\"modifierName\":\"tangyh\",\"name\":\"phone\",\"parentId\":877,\"require\":false,\"required\":0,\"type\":\"String\"},{\"children\":[],\"creatorName\":\"tangyh\",\"description\":\"姓名\",\"docId\":124,\"enumId\":0,\"example\":\"\",\"global\":false,\"gmtCreate\":\"2026-01-14 10:00:25\",\"gmtModified\":\"2026-01-14 10:00:25\",\"id\":881,\"maxLength\":\"-\",\"modifierName\":\"tangyh\",\"name\":\"name\",\"parentId\":877,\"require\":false,\"required\":0,\"type\":\"String\"},{\"children\":[],\"creatorName\":\"tangyh\",\"description\":\"邮箱地址\",\"docId\":124,\"enumId\":0,\"example\":\"\",\"global\":false,\"gmtCreate\":\"2026-01-14 10:00:26\",\"gmtModified\":\"2026-01-14 10:00:26\",\"id\":882,\"maxLength\":\"-\",\"modifierName\":\"tangyh\",\"name\":\"email\",\"parentId\":877,\"require\":false,\"required\":0,\"type\":\"String\"}],\"creatorName\":\"tangyh\",\"description\":\"No comments found.\",\"docId\":124,\"enumId\":0,\"example\":\"\",\"global\":false,\"gmtCreate\":\"2026-01-14 10:00:25\",\"gmtModified\":\"2026-01-14 10:00:25\",\"id\":877,\"maxLength\":\"\",\"modifierName\":\"tangyh\",\"name\":\"model\",\"parentId\":0,\"require\":false,\"required\":1,\"type\":\"object\"},{\"children\":[],\"creatorName\":\"tangyh\",\"description\":\"No comments found.\",\"docId\":124,\"enumId\":0,\"example\":\"0\",\"global\":false,\"gmtCreate\":\"2026-01-14 10:00:26\",\"gmtModified\":\"2026-01-14 10:00:26\",\"id\":883,\"maxLength\":\"-\",\"modifierName\":\"tangyh\",\"name\":\"size\",\"parentId\":0,\"require\":false,\"required\":0,\"type\":\"long\"},{\"children\":[],\"creatorName\":\"tangyh\",\"description\":\"No comments found.\",\"docId\":124,\"enumId\":0,\"example\":\"0\",\"global\":false,\"gmtCreate\":\"2026-01-14 10:00:26\",\"gmtModified\":\"2026-01-14 10:00:26\",\"id\":884,\"maxLength\":\"-\",\"modifierName\":\"tangyh\",\"name\":\"current\",\"parentId\":0,\"require\":false,\"required\":0,\"type\":\"long\"},{\"children\":[],\"creatorName\":\"tangyh\",\"description\":\"No comments found.\",\"docId\":124,\"enumId\":0,\"example\":\"\",\"global\":false,\"gmtCreate\":\"2026-01-14 10:00:26\",\"gmtModified\":\"2026-01-14 10:00:26\",\"id\":885,\"maxLength\":\"-\",\"modifierName\":\"tangyh\",\"name\":\"sort\",\"parentId\":0,\"require\":false,\"required\":0,\"type\":\"String\"},{\"children\":[],\"creatorName\":\"tangyh\",\"description\":\"No comments found.\",\"docId\":124,\"enumId\":0,\"example\":\"\",\"global\":false,\"gmtCreate\":\"2026-01-14 10:00:26\",\"gmtModified\":\"2026-01-14 10:00:26\",\"id\":886,\"maxLength\":\"-\",\"modifierName\":\"tangyh\",\"name\":\"order\",\"parentId\":0,\"require\":false,\"required\":0,\"type\":\"String\"},{\"children\":[{\"children\":[{\"children\":[],\"creatorName\":\"tangyh\",\"description\":\"any object.\",\"docId\":124,\"enumId\":0,\"example\":\"\",\"global\":false,\"gmtCreate\":\"2026-01-14 10:00:26\",\"gmtModified\":\"2026-01-14 10:00:26\",\"id\":889,\"maxLength\":\"-\",\"modifierName\":\"tangyh\",\"name\":\"any object\",\"parentId\":888,\"require\":false,\"required\":1,\"type\":\"object\"}],\"creatorName\":\"tangyh\",\"description\":\"A map key.\",\"docId\":124,\"enumId\":0,\"example\":\"\",\"global\":false,\"gmtCreate\":\"2026-01-14 10:00:26\",\"gmtModified\":\"2026-01-14 10:00:26\",\"id\":888,\"maxLength\":\"\",\"modifierName\":\"tangyh\",\"name\":\"mapKey\",\"parentId\":887,\"require\":false,\"required\":0,\"type\":\"Object\"}],\"creatorName\":\"tangyh\",\"description\":\"No comments found.\",\"docId\":124,\"enumId\":0,\"example\":\"\",\"global\":false,\"gmtCreate\":\"2026-01-14 10:00:26\",\"gmtModified\":\"2026-01-14 10:00:26\",\"id\":887,\"maxLength\":\"\",\"modifierName\":\"tangyh\",\"name\":\"extra\",\"parentId\":0,\"require\":false,\"required\":0,\"type\":\"object\"}],\"responseParams\":[{\"children\":[{\"children\":[],\"creatorName\":\"tangyh\",\"description\":\"ID\",\"docId\":124,\"enumId\":0,\"example\":\"0\",\"global\":false,\"gmtCreate\":\"2026-01-14 10:00:26\",\"gmtModified\":\"2026-01-14 10:00:26\",\"id\":891,\"maxLength\":\"-\",\"modifierName\":\"tangyh\",\"name\":\"id\",\"parentId\":890,\"require\":false,\"required\":0,\"type\":\"Long\"},{\"children\":[],\"creatorName\":\"tangyh\",\"description\":\"用户名\",\"docId\":124,\"enumId\":0,\"example\":\"\",\"global\":false,\"gmtCreate\":\"2026-01-14 10:00:26\",\"gmtModified\":\"2026-01-14 10:00:26\",\"id\":892,\"maxLength\":\"-\",\"modifierName\":\"tangyh\",\"name\":\"username\",\"parentId\":890,\"require\":false,\"required\":0,\"type\":\"String\"},{\"children\":[],\"creatorName\":\"tangyh\",\"description\":\"性别<br>[1-男 2-女]\",\"docId\":124,\"enumId\":0,\"example\":\"\",\"global\":false,\"gmtCreate\":\"2026-01-14 10:00:26\",\"gmtModified\":\"2026-01-14 10:00:26\",\"id\":893,\"maxLength\":\"-\",\"modifierName\":\"tangyh\",\"name\":\"sex\",\"parentId\":890,\"require\":false,\"required\":0,\"type\":\"String\"},{\"children\":[],\"creatorName\":\"tangyh\",\"description\":\"电话号码\",\"docId\":124,\"enumId\":0,\"example\":\"\",\"global\":false,\"gmtCreate\":\"2026-01-14 10:00:26\",\"gmtModified\":\"2026-01-14 10:00:26\",\"id\":894,\"maxLength\":\"-\",\"modifierName\":\"tangyh\",\"name\":\"phone\",\"parentId\":890,\"require\":false,\"required\":0,\"type\":\"String\"},{\"children\":[],\"creatorName\":\"tangyh\",\"description\":\"姓名\",\"docId\":124,\"enumId\":0,\"example\":\"\",\"global\":false,\"gmtCreate\":\"2026-01-14 10:00:26\",\"gmtModified\":\"2026-01-14 10:00:26\",\"id\":895,\"maxLength\":\"-\",\"modifierName\":\"tangyh\",\"name\":\"name\",\"parentId\":890,\"require\":false,\"required\":0,\"type\":\"String\"},{\"children\":[],\"creatorName\":\"tangyh\",\"description\":\"邮箱地址\",\"docId\":124,\"enumId\":0,\"example\":\"\",\"global\":false,\"gmtCreate\":\"2026-01-14 10:00:26\",\"gmtModified\":\"2026-01-14 10:00:26\",\"id\":896,\"maxLength\":\"-\",\"modifierName\":\"tangyh\",\"name\":\"email\",\"parentId\":890,\"require\":false,\"required\":0,\"type\":\"String\"},{\"children\":[],\"creatorName\":\"tangyh\",\"description\":\"状态<br>[0-禁用 1-正常]\",\"docId\":124,\"enumId\":0,\"example\":\"true\",\"global\":false,\"gmtCreate\":\"2026-01-14 10:00:26\",\"gmtModified\":\"2026-01-14 10:00:26\",\"id\":897,\"maxLength\":\"-\",\"modifierName\":\"tangyh\",\"name\":\"state\",\"parentId\":890,\"require\":false,\"required\":0,\"type\":\"Boolean\"},{\"children\":[],\"creatorName\":\"tangyh\",\"description\":\"创建时间\",\"docId\":124,\"enumId\":0,\"example\":\"yyyy-MM-dd HH:mm:ss\",\"global\":false,\"gmtCreate\":\"2026-01-14 10:00:26\",\"gmtModified\":\"2026-01-14 10:00:26\",\"id\":898,\"maxLength\":\"-\",\"modifierName\":\"tangyh\",\"name\":\"createdAt\",\"parentId\":890,\"require\":false,\"required\":0,\"type\":\"LocalDateTime\"},{\"children\":[],\"creatorName\":\"tangyh\",\"description\":\"No comments found.\",\"docId\":124,\"enumId\":0,\"example\":\"\",\"global\":false,\"gmtCreate\":\"2026-01-14 10:00:26\",\"gmtModified\":\"2026-01-14 10:00:26\",\"id\":899,\"maxLength\":\"-\",\"modifierName\":\"tangyh\",\"name\":\"userSource\",\"parentId\":890,\"require\":false,\"required\":0,\"type\":\"String\"}],\"creatorName\":\"tangyh\",\"description\":\"当前页数据。\",\"docId\":124,\"enumId\":0,\"example\":\"\",\"global\":false,\"gmtCreate\":\"2026-01-14 10:00:26\",\"gmtModified\":\"2026-01-14 10:00:26\",\"id\":890,\"maxLength\":\"\",\"modifierName\":\"tangyh\",\"name\":\"records\",\"parentId\":0,\"require\":false,\"required\":0,\"type\":\"List<T>\"},{\"children\":[],\"creatorName\":\"tangyh\",\"description\":\"当前页码。\",\"docId\":124,\"enumId\":0,\"example\":\"0\",\"global\":false,\"gmtCreate\":\"2026-01-14 10:00:26\",\"gmtModified\":\"2026-01-14 10:00:26\",\"id\":900,\"maxLength\":\"-\",\"modifierName\":\"tangyh\",\"name\":\"pageNumber\",\"parentId\":0,\"require\":false,\"required\":0,\"type\":\"long\"},{\"children\":[],\"creatorName\":\"tangyh\",\"description\":\"每页数据数量。\",\"docId\":124,\"enumId\":0,\"example\":\"0\",\"global\":false,\"gmtCreate\":\"2026-01-14 10:00:26\",\"gmtModified\":\"2026-01-14 10:00:26\",\"id\":901,\"maxLength\":\"-\",\"modifierName\":\"tangyh\",\"name\":\"pageSize\",\"parentId\":0,\"require\":false,\"required\":0,\"type\":\"long\"},{\"children\":[],\"creatorName\":\"tangyh\",\"description\":\"每页数据数量最大限制。\",\"docId\":124,\"enumId\":0,\"example\":\"0\",\"global\":false,\"gmtCreate\":\"2026-01-14 10:00:26\",\"gmtModified\":\"2026-01-14 10:00:26\",\"id\":902,\"maxLength\":\"-\",\"modifierName\":\"tangyh\",\"name\":\"maxPageSize\",\"parentId\":0,\"require\":false,\"required\":0,\"type\":\"long\"},{\"children\":[],\"creatorName\":\"tangyh\",\"description\":\"总页数。\",\"docId\":124,\"enumId\":0,\"example\":\"0\",\"global\":false,\"gmtCreate\":\"2026-01-14 10:00:26\",\"gmtModified\":\"2026-01-14 10:00:26\",\"id\":903,\"maxLength\":\"-\",\"modifierName\":\"tangyh\",\"name\":\"totalPage\",\"parentId\":0,\"require\":false,\"required\":0,\"type\":\"long\"},{\"children\":[],\"creatorName\":\"tangyh\",\"description\":\"总数据数量。\",\"docId\":124,\"enumId\":0,\"example\":\"0\",\"global\":false,\"gmtCreate\":\"2026-01-14 10:00:26\",\"gmtModified\":\"2026-01-14 10:00:26\",\"id\":904,\"maxLength\":\"-\",\"modifierName\":\"tangyh\",\"name\":\"totalRow\",\"parentId\":0,\"require\":false,\"required\":0,\"type\":\"long\"},{\"children\":[],\"creatorName\":\"tangyh\",\"description\":\"是否优化分页查询 COUNT 语句。\",\"docId\":124,\"enumId\":0,\"example\":\"true\",\"global\":false,\"gmtCreate\":\"2026-01-14 10:00:26\",\"gmtModified\":\"2026-01-14 10:00:26\",\"id\":905,\"maxLength\":\"-\",\"modifierName\":\"tangyh\",\"name\":\"optimizeCountQuery\",\"parentId\":0,\"require\":false,\"required\":0,\"type\":\"boolean\"}],\"url\":\"user.page\",\"version\":\"1.0\"}', '2026-01-14 10:06:30.307', '2026-01-14 10:06:30.307', 680083598598475778, 680083598598475778);
INSERT INTO `mdo_doc_content` (`id`, `doc_info_id`, `content`, `created_at`, `updated_at`, `created_by`, `updated_by`) VALUES (45056569167898630, 125, '{\"children\":[],\"contentType\":\"\",\"description\":\"\",\"docName\":\"组织数据接口\",\"docTitle\":\"组织数据接口\",\"errorCodeParams\":[],\"globalHeaders\":[],\"globalParams\":[],\"globalReturns\":[],\"gmtCreate\":\"2026-01-14 10:00:26\",\"gmtModified\":\"2026-01-14 10:00:26\",\"headerParams\":[],\"headerParamsRaw\":[],\"httpMethod\":\"\",\"id\":125,\"isFolder\":1,\"name\":\"组织数据接口\",\"parentId\":0,\"pathParams\":[],\"queryParams\":[],\"requestParams\":[],\"responseParams\":[],\"url\":\"\",\"version\":\"\"}', '2026-01-14 10:06:30.314', '2026-01-14 10:06:30.314', 680083598598475778, 680083598598475778);
INSERT INTO `mdo_doc_content` (`id`, `doc_info_id`, `content`, `created_at`, `updated_at`, `created_by`, `updated_by`) VALUES (45056569167898631, 126, '{\"children\":[],\"contentType\":\"\",\"description\":\"批量保存组织机构信息\",\"docName\":\"批量保存组织机构信息\",\"docTitle\":\"批量保存组织机构信息\",\"errorCodeParams\":[],\"globalHeaders\":[],\"globalParams\":[],\"globalReturns\":[],\"gmtCreate\":\"2026-01-14 10:00:26\",\"gmtModified\":\"2026-01-14 10:00:26\",\"headerParams\":[],\"headerParamsRaw\":[],\"httpMethod\":\"\",\"id\":126,\"isFolder\":0,\"name\":\"批量保存组织机构信息\",\"parentId\":125,\"pathParams\":[],\"queryParams\":[],\"requestParams\":[{\"children\":[],\"creatorName\":\"tangyh\",\"description\":\"名称\",\"docId\":126,\"enumId\":0,\"example\":\"\",\"global\":false,\"gmtCreate\":\"2026-01-14 10:00:26\",\"gmtModified\":\"2026-01-14 10:00:26\",\"id\":906,\"maxLength\":\"255\",\"modifierName\":\"tangyh\",\"name\":\"name\",\"parentId\":0,\"require\":false,\"required\":1,\"type\":\"String\"},{\"children\":[],\"creatorName\":\"tangyh\",\"description\":\"类型<br>[10-单位 20-部门]\",\"docId\":126,\"enumId\":0,\"example\":\"\",\"global\":false,\"gmtCreate\":\"2026-01-14 10:00:26\",\"gmtModified\":\"2026-01-14 10:00:26\",\"id\":907,\"maxLength\":\"2\",\"modifierName\":\"tangyh\",\"name\":\"orgType\",\"parentId\":0,\"require\":false,\"required\":1,\"type\":\"String\"},{\"children\":[],\"creatorName\":\"tangyh\",\"description\":\"简称\",\"docId\":126,\"enumId\":0,\"example\":\"\",\"global\":false,\"gmtCreate\":\"2026-01-14 10:00:26\",\"gmtModified\":\"2026-01-14 10:00:26\",\"id\":908,\"maxLength\":\"255\",\"modifierName\":\"tangyh\",\"name\":\"shortName\",\"parentId\":0,\"require\":false,\"required\":0,\"type\":\"String\"},{\"children\":[],\"creatorName\":\"tangyh\",\"description\":\"父组织\",\"docId\":126,\"enumId\":0,\"example\":\"0\",\"global\":false,\"gmtCreate\":\"2026-01-14 10:00:26\",\"gmtModified\":\"2026-01-14 10:00:26\",\"id\":909,\"maxLength\":\"-\",\"modifierName\":\"tangyh\",\"name\":\"parentId\",\"parentId\":0,\"require\":false,\"required\":0,\"type\":\"Long\"},{\"children\":[],\"creatorName\":\"tangyh\",\"description\":\"排序\",\"docId\":126,\"enumId\":0,\"example\":\"0\",\"global\":false,\"gmtCreate\":\"2026-01-14 10:00:26\",\"gmtModified\":\"2026-01-14 10:00:26\",\"id\":910,\"maxLength\":\"-\",\"modifierName\":\"tangyh\",\"name\":\"weight\",\"parentId\":0,\"require\":false,\"required\":0,\"type\":\"Integer\"},{\"children\":[],\"creatorName\":\"tangyh\",\"description\":\"状态<br>[0-禁用 1-启用]\",\"docId\":126,\"enumId\":0,\"example\":\"true\",\"global\":false,\"gmtCreate\":\"2026-01-14 10:00:26\",\"gmtModified\":\"2026-01-14 10:00:26\",\"id\":911,\"maxLength\":\"-\",\"modifierName\":\"tangyh\",\"name\":\"state\",\"parentId\":0,\"require\":false,\"required\":0,\"type\":\"Boolean\"},{\"children\":[],\"creatorName\":\"tangyh\",\"description\":\"备注\",\"docId\":126,\"enumId\":0,\"example\":\"\",\"global\":false,\"gmtCreate\":\"2026-01-14 10:00:26\",\"gmtModified\":\"2026-01-14 10:00:26\",\"id\":912,\"maxLength\":\"255\",\"modifierName\":\"tangyh\",\"name\":\"remarks\",\"parentId\":0,\"require\":false,\"required\":0,\"type\":\"String\"}],\"responseParams\":[{\"children\":[],\"creatorName\":\"tangyh\",\"description\":\"No comments found.\",\"docId\":126,\"enumId\":0,\"example\":\"\",\"global\":false,\"gmtCreate\":\"2026-01-14 10:00:26\",\"gmtModified\":\"2026-01-14 10:00:26\",\"id\":913,\"maxLength\":\"-\",\"modifierName\":\"tangyh\",\"name\":\"createdBy\",\"parentId\":0,\"require\":false,\"required\":0,\"type\":\"Long\"},{\"children\":[],\"creatorName\":\"tangyh\",\"description\":\"No comments found.\",\"docId\":126,\"enumId\":0,\"example\":\"\",\"global\":false,\"gmtCreate\":\"2026-01-14 10:00:26\",\"gmtModified\":\"2026-01-14 10:00:26\",\"id\":914,\"maxLength\":\"-\",\"modifierName\":\"tangyh\",\"name\":\"updatedBy\",\"parentId\":0,\"require\":false,\"required\":0,\"type\":\"Long\"},{\"children\":[],\"creatorName\":\"tangyh\",\"description\":\"No comments found.\",\"docId\":126,\"enumId\":0,\"example\":\"\",\"global\":false,\"gmtCreate\":\"2026-01-14 10:00:26\",\"gmtModified\":\"2026-01-14 10:00:26\",\"id\":915,\"maxLength\":\"-\",\"modifierName\":\"tangyh\",\"name\":\"children\",\"parentId\":0,\"require\":false,\"required\":0,\"type\":\"List<E>\"},{\"children\":[{\"children\":[{\"children\":[],\"creatorName\":\"tangyh\",\"description\":\"any object.\",\"docId\":126,\"enumId\":0,\"example\":\"\",\"global\":false,\"gmtCreate\":\"2026-01-14 10:00:26\",\"gmtModified\":\"2026-01-14 10:00:26\",\"id\":918,\"maxLength\":\"-\",\"modifierName\":\"tangyh\",\"name\":\"any object\",\"parentId\":917,\"require\":false,\"required\":0,\"type\":\"object\"}],\"creatorName\":\"tangyh\",\"description\":\"A map key.\",\"docId\":126,\"enumId\":0,\"example\":\"\",\"global\":false,\"gmtCreate\":\"2026-01-14 10:00:26\",\"gmtModified\":\"2026-01-14 10:00:26\",\"id\":917,\"maxLength\":\"\",\"modifierName\":\"tangyh\",\"name\":\"mapKey\",\"parentId\":916,\"require\":false,\"required\":0,\"type\":\"Object\"}],\"creatorName\":\"tangyh\",\"description\":\"No comments found.\",\"docId\":126,\"enumId\":0,\"example\":\"\",\"global\":false,\"gmtCreate\":\"2026-01-14 10:00:26\",\"gmtModified\":\"2026-01-14 10:00:26\",\"id\":916,\"maxLength\":\"\",\"modifierName\":\"tangyh\",\"name\":\"echoMap\",\"parentId\":0,\"require\":false,\"required\":0,\"type\":\"object\"},{\"children\":[],\"creatorName\":\"tangyh\",\"description\":\"ID\",\"docId\":126,\"enumId\":0,\"example\":\"0\",\"global\":false,\"gmtCreate\":\"2026-01-14 10:00:26\",\"gmtModified\":\"2026-01-14 10:00:26\",\"id\":919,\"maxLength\":\"-\",\"modifierName\":\"tangyh\",\"name\":\"id\",\"parentId\":0,\"require\":false,\"required\":0,\"type\":\"Long\"},{\"children\":[],\"creatorName\":\"tangyh\",\"description\":\"名称\",\"docId\":126,\"enumId\":0,\"example\":\"\",\"global\":false,\"gmtCreate\":\"2026-01-14 10:00:26\",\"gmtModified\":\"2026-01-14 10:00:26\",\"id\":920,\"maxLength\":\"-\",\"modifierName\":\"tangyh\",\"name\":\"name\",\"parentId\":0,\"require\":false,\"required\":0,\"type\":\"String\"},{\"children\":[],\"creatorName\":\"tangyh\",\"description\":\"类型<br>[10-单位 20-部门]\",\"docId\":126,\"enumId\":0,\"example\":\"\",\"global\":false,\"gmtCreate\":\"2026-01-14 10:00:26\",\"gmtModified\":\"2026-01-14 10:00:26\",\"id\":921,\"maxLength\":\"-\",\"modifierName\":\"tangyh\",\"name\":\"orgType\",\"parentId\":0,\"require\":false,\"required\":0,\"type\":\"String\"},{\"children\":[],\"creatorName\":\"tangyh\",\"description\":\"简称\",\"docId\":126,\"enumId\":0,\"example\":\"\",\"global\":false,\"gmtCreate\":\"2026-01-14 10:00:26\",\"gmtModified\":\"2026-01-14 10:00:26\",\"id\":922,\"maxLength\":\"-\",\"modifierName\":\"tangyh\",\"name\":\"shortName\",\"parentId\":0,\"require\":false,\"required\":0,\"type\":\"String\"},{\"children\":[],\"creatorName\":\"tangyh\",\"description\":\"父组织\",\"docId\":126,\"enumId\":0,\"example\":\"0\",\"global\":false,\"gmtCreate\":\"2026-01-14 10:00:26\",\"gmtModified\":\"2026-01-14 10:00:26\",\"id\":923,\"maxLength\":\"-\",\"modifierName\":\"tangyh\",\"name\":\"parentId\",\"parentId\":0,\"require\":false,\"required\":0,\"type\":\"Long\"},{\"children\":[],\"creatorName\":\"tangyh\",\"description\":\"树路径\",\"docId\":126,\"enumId\":0,\"example\":\"\",\"global\":false,\"gmtCreate\":\"2026-01-14 10:00:26\",\"gmtModified\":\"2026-01-14 10:00:26\",\"id\":924,\"maxLength\":\"-\",\"modifierName\":\"tangyh\",\"name\":\"treePath\",\"parentId\":0,\"require\":false,\"required\":0,\"type\":\"String\"},{\"children\":[],\"creatorName\":\"tangyh\",\"description\":\"排序\",\"docId\":126,\"enumId\":0,\"example\":\"0\",\"global\":false,\"gmtCreate\":\"2026-01-14 10:00:26\",\"gmtModified\":\"2026-01-14 10:00:26\",\"id\":925,\"maxLength\":\"-\",\"modifierName\":\"tangyh\",\"name\":\"weight\",\"parentId\":0,\"require\":false,\"required\":0,\"type\":\"Integer\"},{\"children\":[],\"creatorName\":\"tangyh\",\"description\":\"状态<br>[0-禁用 1-启用]\",\"docId\":126,\"enumId\":0,\"example\":\"true\",\"global\":false,\"gmtCreate\":\"2026-01-14 10:00:26\",\"gmtModified\":\"2026-01-14 10:00:26\",\"id\":926,\"maxLength\":\"-\",\"modifierName\":\"tangyh\",\"name\":\"state\",\"parentId\":0,\"require\":false,\"required\":0,\"type\":\"Boolean\"},{\"children\":[],\"creatorName\":\"tangyh\",\"description\":\"备注\",\"docId\":126,\"enumId\":0,\"example\":\"\",\"global\":false,\"gmtCreate\":\"2026-01-14 10:00:26\",\"gmtModified\":\"2026-01-14 10:00:26\",\"id\":927,\"maxLength\":\"-\",\"modifierName\":\"tangyh\",\"name\":\"remarks\",\"parentId\":0,\"require\":false,\"required\":0,\"type\":\"String\"},{\"children\":[],\"creatorName\":\"tangyh\",\"description\":\"创建时间\",\"docId\":126,\"enumId\":0,\"example\":\"yyyy-MM-dd HH:mm:ss\",\"global\":false,\"gmtCreate\":\"2026-01-14 10:00:26\",\"gmtModified\":\"2026-01-14 10:00:26\",\"id\":928,\"maxLength\":\"-\",\"modifierName\":\"tangyh\",\"name\":\"createdAt\",\"parentId\":0,\"require\":false,\"required\":0,\"type\":\"LocalDateTime\"},{\"children\":[],\"creatorName\":\"tangyh\",\"description\":\"修改时间\",\"docId\":126,\"enumId\":0,\"example\":\"yyyy-MM-dd HH:mm:ss\",\"global\":false,\"gmtCreate\":\"2026-01-14 10:00:26\",\"gmtModified\":\"2026-01-14 10:00:26\",\"id\":929,\"maxLength\":\"-\",\"modifierName\":\"tangyh\",\"name\":\"updatedAt\",\"parentId\":0,\"require\":false,\"required\":0,\"type\":\"LocalDateTime\"}],\"url\":\"org.save\",\"version\":\"1.0\"}', '2026-01-14 10:06:30.319', '2026-01-14 10:06:30.319', 680083598598475778, 680083598598475778);
INSERT INTO `mdo_doc_content` (`id`, `doc_info_id`, `content`, `created_at`, `updated_at`, `created_by`, `updated_by`) VALUES (45056569167898632, 127, '{\"children\":[],\"contentType\":\"\",\"description\":\"根据组织机构ID，修改组织机构信息\",\"docName\":\"根据组织机构ID，修改组织机构信息\",\"docTitle\":\"根据组织机构ID，修改组织机构信息\",\"errorCodeParams\":[],\"globalHeaders\":[],\"globalParams\":[],\"globalReturns\":[],\"gmtCreate\":\"2026-01-14 10:00:26\",\"gmtModified\":\"2026-01-14 10:00:26\",\"headerParams\":[],\"headerParamsRaw\":[],\"httpMethod\":\"\",\"id\":127,\"isFolder\":0,\"name\":\"根据组织机构ID，修改组织机构信息\",\"parentId\":125,\"pathParams\":[],\"queryParams\":[],\"requestParams\":[{\"children\":[],\"creatorName\":\"tangyh\",\"description\":\"名称\",\"docId\":127,\"enumId\":0,\"example\":\"\",\"global\":false,\"gmtCreate\":\"2026-01-14 10:00:26\",\"gmtModified\":\"2026-01-14 10:00:26\",\"id\":930,\"maxLength\":\"255\",\"modifierName\":\"tangyh\",\"name\":\"name\",\"parentId\":0,\"require\":false,\"required\":1,\"type\":\"String\"},{\"children\":[],\"creatorName\":\"tangyh\",\"description\":\"类型<br>[10-单位 20-部门]\",\"docId\":127,\"enumId\":0,\"example\":\"\",\"global\":false,\"gmtCreate\":\"2026-01-14 10:00:26\",\"gmtModified\":\"2026-01-14 10:00:26\",\"id\":931,\"maxLength\":\"2\",\"modifierName\":\"tangyh\",\"name\":\"orgType\",\"parentId\":0,\"require\":false,\"required\":1,\"type\":\"String\"},{\"children\":[],\"creatorName\":\"tangyh\",\"description\":\"简称\",\"docId\":127,\"enumId\":0,\"example\":\"\",\"global\":false,\"gmtCreate\":\"2026-01-14 10:00:26\",\"gmtModified\":\"2026-01-14 10:00:26\",\"id\":932,\"maxLength\":\"255\",\"modifierName\":\"tangyh\",\"name\":\"shortName\",\"parentId\":0,\"require\":false,\"required\":0,\"type\":\"String\"},{\"children\":[],\"creatorName\":\"tangyh\",\"description\":\"父组织\",\"docId\":127,\"enumId\":0,\"example\":\"0\",\"global\":false,\"gmtCreate\":\"2026-01-14 10:00:26\",\"gmtModified\":\"2026-01-14 10:00:26\",\"id\":933,\"maxLength\":\"-\",\"modifierName\":\"tangyh\",\"name\":\"parentId\",\"parentId\":0,\"require\":false,\"required\":0,\"type\":\"Long\"},{\"children\":[],\"creatorName\":\"tangyh\",\"description\":\"排序\",\"docId\":127,\"enumId\":0,\"example\":\"0\",\"global\":false,\"gmtCreate\":\"2026-01-14 10:00:26\",\"gmtModified\":\"2026-01-14 10:00:26\",\"id\":934,\"maxLength\":\"-\",\"modifierName\":\"tangyh\",\"name\":\"weight\",\"parentId\":0,\"require\":false,\"required\":0,\"type\":\"Integer\"},{\"children\":[],\"creatorName\":\"tangyh\",\"description\":\"状态<br>[0-禁用 1-启用]\",\"docId\":127,\"enumId\":0,\"example\":\"true\",\"global\":false,\"gmtCreate\":\"2026-01-14 10:00:26\",\"gmtModified\":\"2026-01-14 10:00:26\",\"id\":935,\"maxLength\":\"-\",\"modifierName\":\"tangyh\",\"name\":\"state\",\"parentId\":0,\"require\":false,\"required\":0,\"type\":\"Boolean\"},{\"children\":[],\"creatorName\":\"tangyh\",\"description\":\"备注\",\"docId\":127,\"enumId\":0,\"example\":\"\",\"global\":false,\"gmtCreate\":\"2026-01-14 10:00:26\",\"gmtModified\":\"2026-01-14 10:00:26\",\"id\":936,\"maxLength\":\"255\",\"modifierName\":\"tangyh\",\"name\":\"remarks\",\"parentId\":0,\"require\":false,\"required\":0,\"type\":\"String\"},{\"children\":[],\"creatorName\":\"tangyh\",\"description\":\"ID\",\"docId\":127,\"enumId\":0,\"example\":\"0\",\"global\":false,\"gmtCreate\":\"2026-01-14 10:00:26\",\"gmtModified\":\"2026-01-14 10:00:26\",\"id\":937,\"maxLength\":\"-\",\"modifierName\":\"tangyh\",\"name\":\"id\",\"parentId\":0,\"require\":false,\"required\":1,\"type\":\"Long\"}],\"responseParams\":[{\"children\":[],\"creatorName\":\"tangyh\",\"description\":\"No comments found.\",\"docId\":127,\"enumId\":0,\"example\":\"\",\"global\":false,\"gmtCreate\":\"2026-01-14 10:00:26\",\"gmtModified\":\"2026-01-14 10:00:26\",\"id\":938,\"maxLength\":\"-\",\"modifierName\":\"tangyh\",\"name\":\"createdBy\",\"parentId\":0,\"require\":false,\"required\":0,\"type\":\"Long\"},{\"children\":[],\"creatorName\":\"tangyh\",\"description\":\"No comments found.\",\"docId\":127,\"enumId\":0,\"example\":\"\",\"global\":false,\"gmtCreate\":\"2026-01-14 10:00:26\",\"gmtModified\":\"2026-01-14 10:00:26\",\"id\":939,\"maxLength\":\"-\",\"modifierName\":\"tangyh\",\"name\":\"updatedBy\",\"parentId\":0,\"require\":false,\"required\":0,\"type\":\"Long\"},{\"children\":[],\"creatorName\":\"tangyh\",\"description\":\"No comments found.\",\"docId\":127,\"enumId\":0,\"example\":\"\",\"global\":false,\"gmtCreate\":\"2026-01-14 10:00:26\",\"gmtModified\":\"2026-01-14 10:00:26\",\"id\":940,\"maxLength\":\"-\",\"modifierName\":\"tangyh\",\"name\":\"children\",\"parentId\":0,\"require\":false,\"required\":0,\"type\":\"List<E>\"},{\"children\":[{\"children\":[{\"children\":[],\"creatorName\":\"tangyh\",\"description\":\"any object.\",\"docId\":127,\"enumId\":0,\"example\":\"\",\"global\":false,\"gmtCreate\":\"2026-01-14 10:00:26\",\"gmtModified\":\"2026-01-14 10:00:26\",\"id\":943,\"maxLength\":\"-\",\"modifierName\":\"tangyh\",\"name\":\"any object\",\"parentId\":942,\"require\":false,\"required\":0,\"type\":\"object\"}],\"creatorName\":\"tangyh\",\"description\":\"A map key.\",\"docId\":127,\"enumId\":0,\"example\":\"\",\"global\":false,\"gmtCreate\":\"2026-01-14 10:00:26\",\"gmtModified\":\"2026-01-14 10:00:26\",\"id\":942,\"maxLength\":\"\",\"modifierName\":\"tangyh\",\"name\":\"mapKey\",\"parentId\":941,\"require\":false,\"required\":0,\"type\":\"Object\"}],\"creatorName\":\"tangyh\",\"description\":\"No comments found.\",\"docId\":127,\"enumId\":0,\"example\":\"\",\"global\":false,\"gmtCreate\":\"2026-01-14 10:00:26\",\"gmtModified\":\"2026-01-14 10:00:26\",\"id\":941,\"maxLength\":\"\",\"modifierName\":\"tangyh\",\"name\":\"echoMap\",\"parentId\":0,\"require\":false,\"required\":0,\"type\":\"object\"},{\"children\":[],\"creatorName\":\"tangyh\",\"description\":\"ID\",\"docId\":127,\"enumId\":0,\"example\":\"0\",\"global\":false,\"gmtCreate\":\"2026-01-14 10:00:26\",\"gmtModified\":\"2026-01-14 10:00:26\",\"id\":944,\"maxLength\":\"-\",\"modifierName\":\"tangyh\",\"name\":\"id\",\"parentId\":0,\"require\":false,\"required\":0,\"type\":\"Long\"},{\"children\":[],\"creatorName\":\"tangyh\",\"description\":\"名称\",\"docId\":127,\"enumId\":0,\"example\":\"\",\"global\":false,\"gmtCreate\":\"2026-01-14 10:00:26\",\"gmtModified\":\"2026-01-14 10:00:26\",\"id\":945,\"maxLength\":\"-\",\"modifierName\":\"tangyh\",\"name\":\"name\",\"parentId\":0,\"require\":false,\"required\":0,\"type\":\"String\"},{\"children\":[],\"creatorName\":\"tangyh\",\"description\":\"类型<br>[10-单位 20-部门]\",\"docId\":127,\"enumId\":0,\"example\":\"\",\"global\":false,\"gmtCreate\":\"2026-01-14 10:00:26\",\"gmtModified\":\"2026-01-14 10:00:26\",\"id\":946,\"maxLength\":\"-\",\"modifierName\":\"tangyh\",\"name\":\"orgType\",\"parentId\":0,\"require\":false,\"required\":0,\"type\":\"String\"},{\"children\":[],\"creatorName\":\"tangyh\",\"description\":\"简称\",\"docId\":127,\"enumId\":0,\"example\":\"\",\"global\":false,\"gmtCreate\":\"2026-01-14 10:00:26\",\"gmtModified\":\"2026-01-14 10:00:26\",\"id\":947,\"maxLength\":\"-\",\"modifierName\":\"tangyh\",\"name\":\"shortName\",\"parentId\":0,\"require\":false,\"required\":0,\"type\":\"String\"},{\"children\":[],\"creatorName\":\"tangyh\",\"description\":\"父组织\",\"docId\":127,\"enumId\":0,\"example\":\"0\",\"global\":false,\"gmtCreate\":\"2026-01-14 10:00:26\",\"gmtModified\":\"2026-01-14 10:00:26\",\"id\":948,\"maxLength\":\"-\",\"modifierName\":\"tangyh\",\"name\":\"parentId\",\"parentId\":0,\"require\":false,\"required\":0,\"type\":\"Long\"},{\"children\":[],\"creatorName\":\"tangyh\",\"description\":\"树路径\",\"docId\":127,\"enumId\":0,\"example\":\"\",\"global\":false,\"gmtCreate\":\"2026-01-14 10:00:26\",\"gmtModified\":\"2026-01-14 10:00:26\",\"id\":949,\"maxLength\":\"-\",\"modifierName\":\"tangyh\",\"name\":\"treePath\",\"parentId\":0,\"require\":false,\"required\":0,\"type\":\"String\"},{\"children\":[],\"creatorName\":\"tangyh\",\"description\":\"排序\",\"docId\":127,\"enumId\":0,\"example\":\"0\",\"global\":false,\"gmtCreate\":\"2026-01-14 10:00:26\",\"gmtModified\":\"2026-01-14 10:00:26\",\"id\":950,\"maxLength\":\"-\",\"modifierName\":\"tangyh\",\"name\":\"weight\",\"parentId\":0,\"require\":false,\"required\":0,\"type\":\"Integer\"},{\"children\":[],\"creatorName\":\"tangyh\",\"description\":\"状态<br>[0-禁用 1-启用]\",\"docId\":127,\"enumId\":0,\"example\":\"true\",\"global\":false,\"gmtCreate\":\"2026-01-14 10:00:26\",\"gmtModified\":\"2026-01-14 10:00:26\",\"id\":951,\"maxLength\":\"-\",\"modifierName\":\"tangyh\",\"name\":\"state\",\"parentId\":0,\"require\":false,\"required\":0,\"type\":\"Boolean\"},{\"children\":[],\"creatorName\":\"tangyh\",\"description\":\"备注\",\"docId\":127,\"enumId\":0,\"example\":\"\",\"global\":false,\"gmtCreate\":\"2026-01-14 10:00:26\",\"gmtModified\":\"2026-01-14 10:00:26\",\"id\":952,\"maxLength\":\"-\",\"modifierName\":\"tangyh\",\"name\":\"remarks\",\"parentId\":0,\"require\":false,\"required\":0,\"type\":\"String\"},{\"children\":[],\"creatorName\":\"tangyh\",\"description\":\"创建时间\",\"docId\":127,\"enumId\":0,\"example\":\"yyyy-MM-dd HH:mm:ss\",\"global\":false,\"gmtCreate\":\"2026-01-14 10:00:26\",\"gmtModified\":\"2026-01-14 10:00:26\",\"id\":953,\"maxLength\":\"-\",\"modifierName\":\"tangyh\",\"name\":\"createdAt\",\"parentId\":0,\"require\":false,\"required\":0,\"type\":\"LocalDateTime\"},{\"children\":[],\"creatorName\":\"tangyh\",\"description\":\"修改时间\",\"docId\":127,\"enumId\":0,\"example\":\"yyyy-MM-dd HH:mm:ss\",\"global\":false,\"gmtCreate\":\"2026-01-14 10:00:26\",\"gmtModified\":\"2026-01-14 10:00:26\",\"id\":954,\"maxLength\":\"-\",\"modifierName\":\"tangyh\",\"name\":\"updatedAt\",\"parentId\":0,\"require\":false,\"required\":0,\"type\":\"LocalDateTime\"}],\"url\":\"org.updateById\",\"version\":\"1.0\"}', '2026-01-14 10:06:30.327', '2026-01-14 10:06:30.327', 680083598598475778, 680083598598475778);
INSERT INTO `mdo_doc_content` (`id`, `doc_info_id`, `content`, `created_at`, `updated_at`, `created_by`, `updated_by`) VALUES (45056569167898633, 128, '{\"children\":[],\"contentType\":\"\",\"description\":\"根据ID查询组织机构信息\",\"docName\":\"根据ID查询组织机构信息\",\"docTitle\":\"根据ID查询组织机构信息\",\"errorCodeParams\":[],\"globalHeaders\":[],\"globalParams\":[],\"globalReturns\":[],\"gmtCreate\":\"2026-01-14 10:00:26\",\"gmtModified\":\"2026-01-14 10:00:26\",\"headerParams\":[],\"headerParamsRaw\":[],\"httpMethod\":\"\",\"id\":128,\"isFolder\":0,\"name\":\"根据ID查询组织机构信息\",\"parentId\":125,\"pathParams\":[],\"queryParams\":[],\"requestParams\":[{\"children\":[],\"creatorName\":\"tangyh\",\"description\":\"组织机构ID\",\"docId\":128,\"enumId\":0,\"example\":\"0\",\"global\":false,\"gmtCreate\":\"2026-01-14 10:00:26\",\"gmtModified\":\"2026-01-14 10:00:26\",\"id\":955,\"maxLength\":\"-\",\"modifierName\":\"tangyh\",\"name\":\"id\",\"parentId\":0,\"require\":false,\"required\":0,\"type\":\"Long\"}],\"responseParams\":[{\"children\":[],\"creatorName\":\"tangyh\",\"description\":\"No comments found.\",\"docId\":128,\"enumId\":0,\"example\":\"\",\"global\":false,\"gmtCreate\":\"2026-01-14 10:00:26\",\"gmtModified\":\"2026-01-14 10:00:26\",\"id\":956,\"maxLength\":\"-\",\"modifierName\":\"tangyh\",\"name\":\"createdBy\",\"parentId\":0,\"require\":false,\"required\":0,\"type\":\"Long\"},{\"children\":[],\"creatorName\":\"tangyh\",\"description\":\"No comments found.\",\"docId\":128,\"enumId\":0,\"example\":\"\",\"global\":false,\"gmtCreate\":\"2026-01-14 10:00:26\",\"gmtModified\":\"2026-01-14 10:00:26\",\"id\":957,\"maxLength\":\"-\",\"modifierName\":\"tangyh\",\"name\":\"updatedBy\",\"parentId\":0,\"require\":false,\"required\":0,\"type\":\"Long\"},{\"children\":[],\"creatorName\":\"tangyh\",\"description\":\"No comments found.\",\"docId\":128,\"enumId\":0,\"example\":\"\",\"global\":false,\"gmtCreate\":\"2026-01-14 10:00:26\",\"gmtModified\":\"2026-01-14 10:00:26\",\"id\":958,\"maxLength\":\"-\",\"modifierName\":\"tangyh\",\"name\":\"children\",\"parentId\":0,\"require\":false,\"required\":0,\"type\":\"List<E>\"},{\"children\":[{\"children\":[{\"children\":[],\"creatorName\":\"tangyh\",\"description\":\"any object.\",\"docId\":128,\"enumId\":0,\"example\":\"\",\"global\":false,\"gmtCreate\":\"2026-01-14 10:00:26\",\"gmtModified\":\"2026-01-14 10:00:26\",\"id\":961,\"maxLength\":\"-\",\"modifierName\":\"tangyh\",\"name\":\"any object\",\"parentId\":960,\"require\":false,\"required\":0,\"type\":\"object\"}],\"creatorName\":\"tangyh\",\"description\":\"A map key.\",\"docId\":128,\"enumId\":0,\"example\":\"\",\"global\":false,\"gmtCreate\":\"2026-01-14 10:00:26\",\"gmtModified\":\"2026-01-14 10:00:26\",\"id\":960,\"maxLength\":\"\",\"modifierName\":\"tangyh\",\"name\":\"mapKey\",\"parentId\":959,\"require\":false,\"required\":0,\"type\":\"Object\"}],\"creatorName\":\"tangyh\",\"description\":\"No comments found.\",\"docId\":128,\"enumId\":0,\"example\":\"\",\"global\":false,\"gmtCreate\":\"2026-01-14 10:00:26\",\"gmtModified\":\"2026-01-14 10:00:26\",\"id\":959,\"maxLength\":\"\",\"modifierName\":\"tangyh\",\"name\":\"echoMap\",\"parentId\":0,\"require\":false,\"required\":0,\"type\":\"object\"},{\"children\":[],\"creatorName\":\"tangyh\",\"description\":\"ID\",\"docId\":128,\"enumId\":0,\"example\":\"0\",\"global\":false,\"gmtCreate\":\"2026-01-14 10:00:26\",\"gmtModified\":\"2026-01-14 10:00:26\",\"id\":962,\"maxLength\":\"-\",\"modifierName\":\"tangyh\",\"name\":\"id\",\"parentId\":0,\"require\":false,\"required\":0,\"type\":\"Long\"},{\"children\":[],\"creatorName\":\"tangyh\",\"description\":\"名称\",\"docId\":128,\"enumId\":0,\"example\":\"\",\"global\":false,\"gmtCreate\":\"2026-01-14 10:00:26\",\"gmtModified\":\"2026-01-14 10:00:26\",\"id\":963,\"maxLength\":\"-\",\"modifierName\":\"tangyh\",\"name\":\"name\",\"parentId\":0,\"require\":false,\"required\":0,\"type\":\"String\"},{\"children\":[],\"creatorName\":\"tangyh\",\"description\":\"类型<br>[10-单位 20-部门]\",\"docId\":128,\"enumId\":0,\"example\":\"\",\"global\":false,\"gmtCreate\":\"2026-01-14 10:00:26\",\"gmtModified\":\"2026-01-14 10:00:26\",\"id\":964,\"maxLength\":\"-\",\"modifierName\":\"tangyh\",\"name\":\"orgType\",\"parentId\":0,\"require\":false,\"required\":0,\"type\":\"String\"},{\"children\":[],\"creatorName\":\"tangyh\",\"description\":\"简称\",\"docId\":128,\"enumId\":0,\"example\":\"\",\"global\":false,\"gmtCreate\":\"2026-01-14 10:00:26\",\"gmtModified\":\"2026-01-14 10:00:26\",\"id\":965,\"maxLength\":\"-\",\"modifierName\":\"tangyh\",\"name\":\"shortName\",\"parentId\":0,\"require\":false,\"required\":0,\"type\":\"String\"},{\"children\":[],\"creatorName\":\"tangyh\",\"description\":\"父组织\",\"docId\":128,\"enumId\":0,\"example\":\"0\",\"global\":false,\"gmtCreate\":\"2026-01-14 10:00:26\",\"gmtModified\":\"2026-01-14 10:00:26\",\"id\":966,\"maxLength\":\"-\",\"modifierName\":\"tangyh\",\"name\":\"parentId\",\"parentId\":0,\"require\":false,\"required\":0,\"type\":\"Long\"},{\"children\":[],\"creatorName\":\"tangyh\",\"description\":\"树路径\",\"docId\":128,\"enumId\":0,\"example\":\"\",\"global\":false,\"gmtCreate\":\"2026-01-14 10:00:26\",\"gmtModified\":\"2026-01-14 10:00:26\",\"id\":967,\"maxLength\":\"-\",\"modifierName\":\"tangyh\",\"name\":\"treePath\",\"parentId\":0,\"require\":false,\"required\":0,\"type\":\"String\"},{\"children\":[],\"creatorName\":\"tangyh\",\"description\":\"排序\",\"docId\":128,\"enumId\":0,\"example\":\"0\",\"global\":false,\"gmtCreate\":\"2026-01-14 10:00:26\",\"gmtModified\":\"2026-01-14 10:00:26\",\"id\":968,\"maxLength\":\"-\",\"modifierName\":\"tangyh\",\"name\":\"weight\",\"parentId\":0,\"require\":false,\"required\":0,\"type\":\"Integer\"},{\"children\":[],\"creatorName\":\"tangyh\",\"description\":\"状态<br>[0-禁用 1-启用]\",\"docId\":128,\"enumId\":0,\"example\":\"true\",\"global\":false,\"gmtCreate\":\"2026-01-14 10:00:26\",\"gmtModified\":\"2026-01-14 10:00:26\",\"id\":969,\"maxLength\":\"-\",\"modifierName\":\"tangyh\",\"name\":\"state\",\"parentId\":0,\"require\":false,\"required\":0,\"type\":\"Boolean\"},{\"children\":[],\"creatorName\":\"tangyh\",\"description\":\"备注\",\"docId\":128,\"enumId\":0,\"example\":\"\",\"global\":false,\"gmtCreate\":\"2026-01-14 10:00:26\",\"gmtModified\":\"2026-01-14 10:00:26\",\"id\":970,\"maxLength\":\"-\",\"modifierName\":\"tangyh\",\"name\":\"remarks\",\"parentId\":0,\"require\":false,\"required\":0,\"type\":\"String\"},{\"children\":[],\"creatorName\":\"tangyh\",\"description\":\"创建时间\",\"docId\":128,\"enumId\":0,\"example\":\"yyyy-MM-dd HH:mm:ss\",\"global\":false,\"gmtCreate\":\"2026-01-14 10:00:26\",\"gmtModified\":\"2026-01-14 10:00:26\",\"id\":971,\"maxLength\":\"-\",\"modifierName\":\"tangyh\",\"name\":\"createdAt\",\"parentId\":0,\"require\":false,\"required\":0,\"type\":\"LocalDateTime\"},{\"children\":[],\"creatorName\":\"tangyh\",\"description\":\"修改时间\",\"docId\":128,\"enumId\":0,\"example\":\"yyyy-MM-dd HH:mm:ss\",\"global\":false,\"gmtCreate\":\"2026-01-14 10:00:26\",\"gmtModified\":\"2026-01-14 10:00:26\",\"id\":972,\"maxLength\":\"-\",\"modifierName\":\"tangyh\",\"name\":\"updatedAt\",\"parentId\":0,\"require\":false,\"required\":0,\"type\":\"LocalDateTime\"}],\"url\":\"org.getById\",\"version\":\"1.0\"}', '2026-01-14 10:06:30.341', '2026-01-14 10:06:30.341', 680083598598475778, 680083598598475778);
INSERT INTO `mdo_doc_content` (`id`, `doc_info_id`, `content`, `created_at`, `updated_at`, `created_by`, `updated_by`) VALUES (45056569167898634, 129, '{\"children\":[],\"contentType\":\"\",\"description\":\"分页查询组织机构信息\",\"docName\":\"分页查询组织机构信息\",\"docTitle\":\"分页查询组织机构信息\",\"errorCodeParams\":[],\"globalHeaders\":[],\"globalParams\":[],\"globalReturns\":[],\"gmtCreate\":\"2026-01-14 10:00:26\",\"gmtModified\":\"2026-01-14 10:00:26\",\"headerParams\":[],\"headerParamsRaw\":[],\"httpMethod\":\"\",\"id\":129,\"isFolder\":0,\"name\":\"分页查询组织机构信息\",\"parentId\":125,\"pathParams\":[],\"queryParams\":[],\"requestParams\":[{\"children\":[{\"children\":[{\"children\":[{\"children\":[],\"creatorName\":\"tangyh\",\"description\":\"any object.\",\"docId\":129,\"enumId\":0,\"example\":\"\",\"global\":false,\"gmtCreate\":\"2026-01-14 10:00:26\",\"gmtModified\":\"2026-01-14 10:00:26\",\"id\":976,\"maxLength\":\"-\",\"modifierName\":\"tangyh\",\"name\":\"any object\",\"parentId\":975,\"require\":false,\"required\":1,\"type\":\"object\"}],\"creatorName\":\"tangyh\",\"description\":\"A map key.\",\"docId\":129,\"enumId\":0,\"example\":\"\",\"global\":false,\"gmtCreate\":\"2026-01-14 10:00:26\",\"gmtModified\":\"2026-01-14 10:00:26\",\"id\":975,\"maxLength\":\"\",\"modifierName\":\"tangyh\",\"name\":\"mapKey\",\"parentId\":974,\"require\":false,\"required\":0,\"type\":\"Object\"}],\"creatorName\":\"tangyh\",\"description\":\"No comments found.\",\"docId\":129,\"enumId\":0,\"example\":\"\",\"global\":false,\"gmtCreate\":\"2026-01-14 10:00:26\",\"gmtModified\":\"2026-01-14 10:00:26\",\"id\":974,\"maxLength\":\"\",\"modifierName\":\"tangyh\",\"name\":\"extra\",\"parentId\":973,\"require\":false,\"required\":0,\"type\":\"object\"},{\"children\":[],\"creatorName\":\"tangyh\",\"description\":\"ID\",\"docId\":129,\"enumId\":0,\"example\":\"0\",\"global\":false,\"gmtCreate\":\"2026-01-14 10:00:26\",\"gmtModified\":\"2026-01-14 10:00:26\",\"id\":977,\"maxLength\":\"-\",\"modifierName\":\"tangyh\",\"name\":\"id\",\"parentId\":973,\"require\":false,\"required\":0,\"type\":\"Long\"},{\"children\":[],\"creatorName\":\"tangyh\",\"description\":\"名称\",\"docId\":129,\"enumId\":0,\"example\":\"\",\"global\":false,\"gmtCreate\":\"2026-01-14 10:00:26\",\"gmtModified\":\"2026-01-14 10:00:26\",\"id\":978,\"maxLength\":\"-\",\"modifierName\":\"tangyh\",\"name\":\"name\",\"parentId\":973,\"require\":false,\"required\":0,\"type\":\"String\"},{\"children\":[],\"creatorName\":\"tangyh\",\"description\":\"类型<br>[10-单位 20-部门]\",\"docId\":129,\"enumId\":0,\"example\":\"\",\"global\":false,\"gmtCreate\":\"2026-01-14 10:00:26\",\"gmtModified\":\"2026-01-14 10:00:26\",\"id\":979,\"maxLength\":\"-\",\"modifierName\":\"tangyh\",\"name\":\"orgType\",\"parentId\":973,\"require\":false,\"required\":0,\"type\":\"String\"},{\"children\":[],\"creatorName\":\"tangyh\",\"description\":\"简称\",\"docId\":129,\"enumId\":0,\"example\":\"\",\"global\":false,\"gmtCreate\":\"2026-01-14 10:00:26\",\"gmtModified\":\"2026-01-14 10:00:26\",\"id\":980,\"maxLength\":\"-\",\"modifierName\":\"tangyh\",\"name\":\"shortName\",\"parentId\":973,\"require\":false,\"required\":0,\"type\":\"String\"},{\"children\":[],\"creatorName\":\"tangyh\",\"description\":\"父组织\",\"docId\":129,\"enumId\":0,\"example\":\"0\",\"global\":false,\"gmtCreate\":\"2026-01-14 10:00:26\",\"gmtModified\":\"2026-01-14 10:00:26\",\"id\":981,\"maxLength\":\"-\",\"modifierName\":\"tangyh\",\"name\":\"parentId\",\"parentId\":973,\"require\":false,\"required\":0,\"type\":\"Long\"},{\"children\":[],\"creatorName\":\"tangyh\",\"description\":\"树路径\",\"docId\":129,\"enumId\":0,\"example\":\"\",\"global\":false,\"gmtCreate\":\"2026-01-14 10:00:26\",\"gmtModified\":\"2026-01-14 10:00:26\",\"id\":982,\"maxLength\":\"-\",\"modifierName\":\"tangyh\",\"name\":\"treePath\",\"parentId\":973,\"require\":false,\"required\":0,\"type\":\"String\"},{\"children\":[],\"creatorName\":\"tangyh\",\"description\":\"排序\",\"docId\":129,\"enumId\":0,\"example\":\"0\",\"global\":false,\"gmtCreate\":\"2026-01-14 10:00:26\",\"gmtModified\":\"2026-01-14 10:00:26\",\"id\":983,\"maxLength\":\"-\",\"modifierName\":\"tangyh\",\"name\":\"weight\",\"parentId\":973,\"require\":false,\"required\":0,\"type\":\"Integer\"},{\"children\":[],\"creatorName\":\"tangyh\",\"description\":\"状态<br>[0-禁用 1-启用]\",\"docId\":129,\"enumId\":0,\"example\":\"true\",\"global\":false,\"gmtCreate\":\"2026-01-14 10:00:26\",\"gmtModified\":\"2026-01-14 10:00:26\",\"id\":984,\"maxLength\":\"-\",\"modifierName\":\"tangyh\",\"name\":\"state\",\"parentId\":973,\"require\":false,\"required\":0,\"type\":\"Boolean\"},{\"children\":[],\"creatorName\":\"tangyh\",\"description\":\"备注\",\"docId\":129,\"enumId\":0,\"example\":\"\",\"global\":false,\"gmtCreate\":\"2026-01-14 10:00:26\",\"gmtModified\":\"2026-01-14 10:00:26\",\"id\":985,\"maxLength\":\"-\",\"modifierName\":\"tangyh\",\"name\":\"remarks\",\"parentId\":973,\"require\":false,\"required\":0,\"type\":\"String\"}],\"creatorName\":\"tangyh\",\"description\":\"No comments found.\",\"docId\":129,\"enumId\":0,\"example\":\"\",\"global\":false,\"gmtCreate\":\"2026-01-14 10:00:26\",\"gmtModified\":\"2026-01-14 10:00:26\",\"id\":973,\"maxLength\":\"\",\"modifierName\":\"tangyh\",\"name\":\"model\",\"parentId\":0,\"require\":false,\"required\":1,\"type\":\"object\"},{\"children\":[],\"creatorName\":\"tangyh\",\"description\":\"No comments found.\",\"docId\":129,\"enumId\":0,\"example\":\"0\",\"global\":false,\"gmtCreate\":\"2026-01-14 10:00:26\",\"gmtModified\":\"2026-01-14 10:00:26\",\"id\":986,\"maxLength\":\"-\",\"modifierName\":\"tangyh\",\"name\":\"size\",\"parentId\":0,\"require\":false,\"required\":0,\"type\":\"long\"},{\"children\":[],\"creatorName\":\"tangyh\",\"description\":\"No comments found.\",\"docId\":129,\"enumId\":0,\"example\":\"0\",\"global\":false,\"gmtCreate\":\"2026-01-14 10:00:26\",\"gmtModified\":\"2026-01-14 10:00:26\",\"id\":987,\"maxLength\":\"-\",\"modifierName\":\"tangyh\",\"name\":\"current\",\"parentId\":0,\"require\":false,\"required\":0,\"type\":\"long\"},{\"children\":[],\"creatorName\":\"tangyh\",\"description\":\"No comments found.\",\"docId\":129,\"enumId\":0,\"example\":\"\",\"global\":false,\"gmtCreate\":\"2026-01-14 10:00:26\",\"gmtModified\":\"2026-01-14 10:00:26\",\"id\":988,\"maxLength\":\"-\",\"modifierName\":\"tangyh\",\"name\":\"sort\",\"parentId\":0,\"require\":false,\"required\":0,\"type\":\"String\"},{\"children\":[],\"creatorName\":\"tangyh\",\"description\":\"No comments found.\",\"docId\":129,\"enumId\":0,\"example\":\"\",\"global\":false,\"gmtCreate\":\"2026-01-14 10:00:26\",\"gmtModified\":\"2026-01-14 10:00:26\",\"id\":989,\"maxLength\":\"-\",\"modifierName\":\"tangyh\",\"name\":\"order\",\"parentId\":0,\"require\":false,\"required\":0,\"type\":\"String\"},{\"children\":[{\"children\":[{\"children\":[],\"creatorName\":\"tangyh\",\"description\":\"any object.\",\"docId\":129,\"enumId\":0,\"example\":\"\",\"global\":false,\"gmtCreate\":\"2026-01-14 10:00:26\",\"gmtModified\":\"2026-01-14 10:00:26\",\"id\":992,\"maxLength\":\"-\",\"modifierName\":\"tangyh\",\"name\":\"any object\",\"parentId\":991,\"require\":false,\"required\":1,\"type\":\"object\"}],\"creatorName\":\"tangyh\",\"description\":\"A map key.\",\"docId\":129,\"enumId\":0,\"example\":\"\",\"global\":false,\"gmtCreate\":\"2026-01-14 10:00:26\",\"gmtModified\":\"2026-01-14 10:00:26\",\"id\":991,\"maxLength\":\"\",\"modifierName\":\"tangyh\",\"name\":\"mapKey\",\"parentId\":990,\"require\":false,\"required\":0,\"type\":\"Object\"}],\"creatorName\":\"tangyh\",\"description\":\"No comments found.\",\"docId\":129,\"enumId\":0,\"example\":\"\",\"global\":false,\"gmtCreate\":\"2026-01-14 10:00:26\",\"gmtModified\":\"2026-01-14 10:00:26\",\"id\":990,\"maxLength\":\"\",\"modifierName\":\"tangyh\",\"name\":\"extra\",\"parentId\":0,\"require\":false,\"required\":0,\"type\":\"object\"}],\"responseParams\":[{\"children\":[{\"children\":[],\"creatorName\":\"tangyh\",\"description\":\"No comments found.\",\"docId\":129,\"enumId\":0,\"example\":\"\",\"global\":false,\"gmtCreate\":\"2026-01-14 10:00:26\",\"gmtModified\":\"2026-01-14 10:00:26\",\"id\":994,\"maxLength\":\"-\",\"modifierName\":\"tangyh\",\"name\":\"createdBy\",\"parentId\":993,\"require\":false,\"required\":0,\"type\":\"Long\"},{\"children\":[],\"creatorName\":\"tangyh\",\"description\":\"No comments found.\",\"docId\":129,\"enumId\":0,\"example\":\"\",\"global\":false,\"gmtCreate\":\"2026-01-14 10:00:26\",\"gmtModified\":\"2026-01-14 10:00:26\",\"id\":995,\"maxLength\":\"-\",\"modifierName\":\"tangyh\",\"name\":\"updatedBy\",\"parentId\":993,\"require\":false,\"required\":0,\"type\":\"Long\"},{\"children\":[],\"creatorName\":\"tangyh\",\"description\":\"No comments found.\",\"docId\":129,\"enumId\":0,\"example\":\"\",\"global\":false,\"gmtCreate\":\"2026-01-14 10:00:26\",\"gmtModified\":\"2026-01-14 10:00:26\",\"id\":996,\"maxLength\":\"-\",\"modifierName\":\"tangyh\",\"name\":\"children\",\"parentId\":993,\"require\":false,\"required\":0,\"type\":\"List<E>\"},{\"children\":[{\"children\":[{\"children\":[],\"creatorName\":\"tangyh\",\"description\":\"any object.\",\"docId\":129,\"enumId\":0,\"example\":\"\",\"global\":false,\"gmtCreate\":\"2026-01-14 10:00:26\",\"gmtModified\":\"2026-01-14 10:00:26\",\"id\":999,\"maxLength\":\"-\",\"modifierName\":\"tangyh\",\"name\":\"any object\",\"parentId\":998,\"require\":false,\"required\":0,\"type\":\"object\"}],\"creatorName\":\"tangyh\",\"description\":\"A map key.\",\"docId\":129,\"enumId\":0,\"example\":\"\",\"global\":false,\"gmtCreate\":\"2026-01-14 10:00:26\",\"gmtModified\":\"2026-01-14 10:00:26\",\"id\":998,\"maxLength\":\"\",\"modifierName\":\"tangyh\",\"name\":\"mapKey\",\"parentId\":997,\"require\":false,\"required\":0,\"type\":\"Object\"}],\"creatorName\":\"tangyh\",\"description\":\"No comments found.\",\"docId\":129,\"enumId\":0,\"example\":\"\",\"global\":false,\"gmtCreate\":\"2026-01-14 10:00:26\",\"gmtModified\":\"2026-01-14 10:00:26\",\"id\":997,\"maxLength\":\"\",\"modifierName\":\"tangyh\",\"name\":\"echoMap\",\"parentId\":993,\"require\":false,\"required\":0,\"type\":\"object\"},{\"children\":[],\"creatorName\":\"tangyh\",\"description\":\"ID\",\"docId\":129,\"enumId\":0,\"example\":\"0\",\"global\":false,\"gmtCreate\":\"2026-01-14 10:00:26\",\"gmtModified\":\"2026-01-14 10:00:26\",\"id\":1000,\"maxLength\":\"-\",\"modifierName\":\"tangyh\",\"name\":\"id\",\"parentId\":993,\"require\":false,\"required\":0,\"type\":\"Long\"},{\"children\":[],\"creatorName\":\"tangyh\",\"description\":\"名称\",\"docId\":129,\"enumId\":0,\"example\":\"\",\"global\":false,\"gmtCreate\":\"2026-01-14 10:00:26\",\"gmtModified\":\"2026-01-14 10:00:26\",\"id\":1001,\"maxLength\":\"-\",\"modifierName\":\"tangyh\",\"name\":\"name\",\"parentId\":993,\"require\":false,\"required\":0,\"type\":\"String\"},{\"children\":[],\"creatorName\":\"tangyh\",\"description\":\"类型<br>[10-单位 20-部门]\",\"docId\":129,\"enumId\":0,\"example\":\"\",\"global\":false,\"gmtCreate\":\"2026-01-14 10:00:26\",\"gmtModified\":\"2026-01-14 10:00:26\",\"id\":1002,\"maxLength\":\"-\",\"modifierName\":\"tangyh\",\"name\":\"orgType\",\"parentId\":993,\"require\":false,\"required\":0,\"type\":\"String\"},{\"children\":[],\"creatorName\":\"tangyh\",\"description\":\"简称\",\"docId\":129,\"enumId\":0,\"example\":\"\",\"global\":false,\"gmtCreate\":\"2026-01-14 10:00:26\",\"gmtModified\":\"2026-01-14 10:00:26\",\"id\":1003,\"maxLength\":\"-\",\"modifierName\":\"tangyh\",\"name\":\"shortName\",\"parentId\":993,\"require\":false,\"required\":0,\"type\":\"String\"},{\"children\":[],\"creatorName\":\"tangyh\",\"description\":\"父组织\",\"docId\":129,\"enumId\":0,\"example\":\"0\",\"global\":false,\"gmtCreate\":\"2026-01-14 10:00:26\",\"gmtModified\":\"2026-01-14 10:00:26\",\"id\":1004,\"maxLength\":\"-\",\"modifierName\":\"tangyh\",\"name\":\"parentId\",\"parentId\":993,\"require\":false,\"required\":0,\"type\":\"Long\"},{\"children\":[],\"creatorName\":\"tangyh\",\"description\":\"树路径\",\"docId\":129,\"enumId\":0,\"example\":\"\",\"global\":false,\"gmtCreate\":\"2026-01-14 10:00:26\",\"gmtModified\":\"2026-01-14 10:00:26\",\"id\":1005,\"maxLength\":\"-\",\"modifierName\":\"tangyh\",\"name\":\"treePath\",\"parentId\":993,\"require\":false,\"required\":0,\"type\":\"String\"},{\"children\":[],\"creatorName\":\"tangyh\",\"description\":\"排序\",\"docId\":129,\"enumId\":0,\"example\":\"0\",\"global\":false,\"gmtCreate\":\"2026-01-14 10:00:26\",\"gmtModified\":\"2026-01-14 10:00:26\",\"id\":1006,\"maxLength\":\"-\",\"modifierName\":\"tangyh\",\"name\":\"weight\",\"parentId\":993,\"require\":false,\"required\":0,\"type\":\"Integer\"},{\"children\":[],\"creatorName\":\"tangyh\",\"description\":\"状态<br>[0-禁用 1-启用]\",\"docId\":129,\"enumId\":0,\"example\":\"true\",\"global\":false,\"gmtCreate\":\"2026-01-14 10:00:26\",\"gmtModified\":\"2026-01-14 10:00:26\",\"id\":1007,\"maxLength\":\"-\",\"modifierName\":\"tangyh\",\"name\":\"state\",\"parentId\":993,\"require\":false,\"required\":0,\"type\":\"Boolean\"},{\"children\":[],\"creatorName\":\"tangyh\",\"description\":\"备注\",\"docId\":129,\"enumId\":0,\"example\":\"\",\"global\":false,\"gmtCreate\":\"2026-01-14 10:00:26\",\"gmtModified\":\"2026-01-14 10:00:26\",\"id\":1008,\"maxLength\":\"-\",\"modifierName\":\"tangyh\",\"name\":\"remarks\",\"parentId\":993,\"require\":false,\"required\":0,\"type\":\"String\"},{\"children\":[],\"creatorName\":\"tangyh\",\"description\":\"创建时间\",\"docId\":129,\"enumId\":0,\"example\":\"yyyy-MM-dd HH:mm:ss\",\"global\":false,\"gmtCreate\":\"2026-01-14 10:00:26\",\"gmtModified\":\"2026-01-14 10:00:26\",\"id\":1009,\"maxLength\":\"-\",\"modifierName\":\"tangyh\",\"name\":\"createdAt\",\"parentId\":993,\"require\":false,\"required\":0,\"type\":\"LocalDateTime\"},{\"children\":[],\"creatorName\":\"tangyh\",\"description\":\"修改时间\",\"docId\":129,\"enumId\":0,\"example\":\"yyyy-MM-dd HH:mm:ss\",\"global\":false,\"gmtCreate\":\"2026-01-14 10:00:26\",\"gmtModified\":\"2026-01-14 10:00:26\",\"id\":1010,\"maxLength\":\"-\",\"modifierName\":\"tangyh\",\"name\":\"updatedAt\",\"parentId\":993,\"require\":false,\"required\":0,\"type\":\"LocalDateTime\"}],\"creatorName\":\"tangyh\",\"description\":\"当前页数据。\",\"docId\":129,\"enumId\":0,\"example\":\"\",\"global\":false,\"gmtCreate\":\"2026-01-14 10:00:26\",\"gmtModified\":\"2026-01-14 10:00:26\",\"id\":993,\"maxLength\":\"\",\"modifierName\":\"tangyh\",\"name\":\"records\",\"parentId\":0,\"require\":false,\"required\":0,\"type\":\"List<T>\"},{\"children\":[],\"creatorName\":\"tangyh\",\"description\":\"当前页码。\",\"docId\":129,\"enumId\":0,\"example\":\"0\",\"global\":false,\"gmtCreate\":\"2026-01-14 10:00:26\",\"gmtModified\":\"2026-01-14 10:00:26\",\"id\":1011,\"maxLength\":\"-\",\"modifierName\":\"tangyh\",\"name\":\"pageNumber\",\"parentId\":0,\"require\":false,\"required\":0,\"type\":\"long\"},{\"children\":[],\"creatorName\":\"tangyh\",\"description\":\"每页数据数量。\",\"docId\":129,\"enumId\":0,\"example\":\"0\",\"global\":false,\"gmtCreate\":\"2026-01-14 10:00:26\",\"gmtModified\":\"2026-01-14 10:00:26\",\"id\":1012,\"maxLength\":\"-\",\"modifierName\":\"tangyh\",\"name\":\"pageSize\",\"parentId\":0,\"require\":false,\"required\":0,\"type\":\"long\"},{\"children\":[],\"creatorName\":\"tangyh\",\"description\":\"每页数据数量最大限制。\",\"docId\":129,\"enumId\":0,\"example\":\"0\",\"global\":false,\"gmtCreate\":\"2026-01-14 10:00:26\",\"gmtModified\":\"2026-01-14 10:00:26\",\"id\":1013,\"maxLength\":\"-\",\"modifierName\":\"tangyh\",\"name\":\"maxPageSize\",\"parentId\":0,\"require\":false,\"required\":0,\"type\":\"long\"},{\"children\":[],\"creatorName\":\"tangyh\",\"description\":\"总页数。\",\"docId\":129,\"enumId\":0,\"example\":\"0\",\"global\":false,\"gmtCreate\":\"2026-01-14 10:00:26\",\"gmtModified\":\"2026-01-14 10:00:26\",\"id\":1014,\"maxLength\":\"-\",\"modifierName\":\"tangyh\",\"name\":\"totalPage\",\"parentId\":0,\"require\":false,\"required\":0,\"type\":\"long\"},{\"children\":[],\"creatorName\":\"tangyh\",\"description\":\"总数据数量。\",\"docId\":129,\"enumId\":0,\"example\":\"0\",\"global\":false,\"gmtCreate\":\"2026-01-14 10:00:26\",\"gmtModified\":\"2026-01-14 10:00:26\",\"id\":1015,\"maxLength\":\"-\",\"modifierName\":\"tangyh\",\"name\":\"totalRow\",\"parentId\":0,\"require\":false,\"required\":0,\"type\":\"long\"},{\"children\":[],\"creatorName\":\"tangyh\",\"description\":\"是否优化分页查询 COUNT 语句。\",\"docId\":129,\"enumId\":0,\"example\":\"true\",\"global\":false,\"gmtCreate\":\"2026-01-14 10:00:26\",\"gmtModified\":\"2026-01-14 10:00:26\",\"id\":1016,\"maxLength\":\"-\",\"modifierName\":\"tangyh\",\"name\":\"optimizeCountQuery\",\"parentId\":0,\"require\":false,\"required\":0,\"type\":\"boolean\"}],\"url\":\"org.page\",\"version\":\"1.0\"}', '2026-01-14 10:06:30.348', '2026-01-14 10:06:30.348', 680083598598475778, 680083598598475778);
INSERT INTO `mdo_doc_content` (`id`, `doc_info_id`, `content`, `created_at`, `updated_at`, `created_by`, `updated_by`) VALUES (45056569167898635, 130, '{\"children\":[],\"contentType\":\"\",\"description\":\"\",\"docName\":\"消息 数据接口\",\"docTitle\":\"消息 数据接口\",\"errorCodeParams\":[],\"globalHeaders\":[],\"globalParams\":[],\"globalReturns\":[],\"gmtCreate\":\"2026-01-14 10:00:26\",\"gmtModified\":\"2026-01-14 10:00:26\",\"headerParams\":[],\"headerParamsRaw\":[],\"httpMethod\":\"\",\"id\":130,\"isFolder\":1,\"name\":\"消息 数据接口\",\"parentId\":0,\"pathParams\":[],\"queryParams\":[],\"requestParams\":[],\"responseParams\":[],\"url\":\"\",\"version\":\"\"}', '2026-01-14 10:06:30.358', '2026-01-14 10:06:30.358', 680083598598475778, 680083598598475778);
INSERT INTO `mdo_doc_content` (`id`, `doc_info_id`, `content`, `created_at`, `updated_at`, `created_by`, `updated_by`) VALUES (45056569167898636, 131, '{\"children\":[],\"contentType\":\"\",\"description\":\"根据消息模板发送 短信\",\"docName\":\"根据消息模板发送 短信\",\"docTitle\":\"根据消息模板发送 短信\",\"errorCodeParams\":[],\"globalHeaders\":[],\"globalParams\":[],\"globalReturns\":[],\"gmtCreate\":\"2026-01-14 10:00:26\",\"gmtModified\":\"2026-01-14 10:00:26\",\"headerParams\":[],\"headerParamsRaw\":[],\"httpMethod\":\"\",\"id\":131,\"isFolder\":0,\"name\":\"根据消息模板发送 短信\",\"parentId\":130,\"pathParams\":[],\"queryParams\":[],\"requestParams\":[{\"children\":[],\"creatorName\":\"tangyh\",\"description\":\"模板标识\",\"docId\":131,\"enumId\":0,\"example\":\"\",\"global\":false,\"gmtCreate\":\"2026-01-14 10:00:26\",\"gmtModified\":\"2026-01-14 10:00:26\",\"id\":1017,\"maxLength\":\"255\",\"modifierName\":\"tangyh\",\"name\":\"templateKey\",\"parentId\":0,\"require\":false,\"required\":1,\"type\":\"String\"},{\"children\":[{\"children\":[],\"creatorName\":\"tangyh\",\"description\":\"No comments found.\",\"docId\":131,\"enumId\":0,\"example\":\"\",\"global\":false,\"gmtCreate\":\"2026-01-14 10:00:26\",\"gmtModified\":\"2026-01-14 10:00:26\",\"id\":1019,\"maxLength\":\"-\",\"modifierName\":\"tangyh\",\"name\":\"key\",\"parentId\":1018,\"require\":false,\"required\":0,\"type\":\"String\"},{\"children\":[],\"creatorName\":\"tangyh\",\"description\":\"No comments found.\",\"docId\":131,\"enumId\":0,\"example\":\"\",\"global\":false,\"gmtCreate\":\"2026-01-14 10:00:26\",\"gmtModified\":\"2026-01-14 10:00:26\",\"id\":1020,\"maxLength\":\"-\",\"modifierName\":\"tangyh\",\"name\":\"value\",\"parentId\":1018,\"require\":false,\"required\":0,\"type\":\"String\"}],\"creatorName\":\"tangyh\",\"description\":\"参数;<br><p><br>需要封装为[{{‘key’:\'\', ’value’:\'\'}, {\'key2\':\'\', \'value2\':\'\'}]格式\",\"docId\":131,\"enumId\":0,\"example\":\"\",\"global\":false,\"gmtCreate\":\"2026-01-14 10:00:26\",\"gmtModified\":\"2026-01-14 10:00:26\",\"id\":1018,\"maxLength\":\"\",\"modifierName\":\"tangyh\",\"name\":\"paramList\",\"parentId\":0,\"require\":false,\"required\":0,\"type\":\"List<Kv>\"},{\"children\":[],\"creatorName\":\"tangyh\",\"description\":\"是否定时发送\",\"docId\":131,\"enumId\":0,\"example\":\"true\",\"global\":false,\"gmtCreate\":\"2026-01-14 10:00:26\",\"gmtModified\":\"2026-01-14 10:00:26\",\"id\":1021,\"maxLength\":\"-\",\"modifierName\":\"tangyh\",\"name\":\"isTiming\",\"parentId\":0,\"require\":false,\"required\":0,\"type\":\"Boolean\"},{\"children\":[],\"creatorName\":\"tangyh\",\"description\":\"计划发送时间\",\"docId\":131,\"enumId\":0,\"example\":\"yyyy-MM-dd HH:mm:ss\",\"global\":false,\"gmtCreate\":\"2026-01-14 10:00:26\",\"gmtModified\":\"2026-01-14 10:00:26\",\"id\":1022,\"maxLength\":\"-\",\"modifierName\":\"tangyh\",\"name\":\"scheduledSendTime\",\"parentId\":0,\"require\":false,\"required\":0,\"type\":\"LocalDateTime\"},{\"children\":[],\"creatorName\":\"tangyh\",\"description\":\"业务ID\",\"docId\":131,\"enumId\":0,\"example\":\"0\",\"global\":false,\"gmtCreate\":\"2026-01-14 10:00:26\",\"gmtModified\":\"2026-01-14 10:00:26\",\"id\":1023,\"maxLength\":\"-\",\"modifierName\":\"tangyh\",\"name\":\"bizId\",\"parentId\":0,\"require\":false,\"required\":0,\"type\":\"Long\"},{\"children\":[],\"creatorName\":\"tangyh\",\"description\":\"业务类型\",\"docId\":131,\"enumId\":0,\"example\":\"\",\"global\":false,\"gmtCreate\":\"2026-01-14 10:00:26\",\"gmtModified\":\"2026-01-14 10:00:26\",\"id\":1024,\"maxLength\":\"255\",\"modifierName\":\"tangyh\",\"name\":\"bizType\",\"parentId\":0,\"require\":false,\"required\":0,\"type\":\"String\"},{\"children\":[],\"creatorName\":\"tangyh\",\"description\":\"No comments found.\",\"docId\":131,\"enumId\":0,\"example\":\",\",\"global\":false,\"gmtCreate\":\"2026-01-14 10:00:26\",\"gmtModified\":\"2026-01-14 10:00:26\",\"id\":1025,\"maxLength\":\"-\",\"modifierName\":\"tangyh\",\"name\":\"recipientList\",\"parentId\":0,\"require\":false,\"required\":0,\"type\":\"List<String>\"}],\"responseParams\":[],\"url\":\"msg.sendSms\",\"version\":\"1.0\"}', '2026-01-14 10:06:30.365', '2026-01-14 10:06:30.365', 680083598598475778, 680083598598475778);
INSERT INTO `mdo_doc_content` (`id`, `doc_info_id`, `content`, `created_at`, `updated_at`, `created_by`, `updated_by`) VALUES (45056569167898637, 132, '{\"children\":[],\"contentType\":\"\",\"description\":\"根据消息模板发送 邮件\",\"docName\":\"根据消息模板发送 邮件\",\"docTitle\":\"根据消息模板发送 邮件\",\"errorCodeParams\":[],\"globalHeaders\":[],\"globalParams\":[],\"globalReturns\":[],\"gmtCreate\":\"2026-01-14 10:00:26\",\"gmtModified\":\"2026-01-14 10:00:26\",\"headerParams\":[],\"headerParamsRaw\":[],\"httpMethod\":\"\",\"id\":132,\"isFolder\":0,\"name\":\"根据消息模板发送 邮件\",\"parentId\":130,\"pathParams\":[],\"queryParams\":[],\"requestParams\":[{\"children\":[],\"creatorName\":\"tangyh\",\"description\":\"模板标识\",\"docId\":132,\"enumId\":0,\"example\":\"\",\"global\":false,\"gmtCreate\":\"2026-01-14 10:00:26\",\"gmtModified\":\"2026-01-14 10:00:26\",\"id\":1026,\"maxLength\":\"255\",\"modifierName\":\"tangyh\",\"name\":\"templateKey\",\"parentId\":0,\"require\":false,\"required\":1,\"type\":\"String\"},{\"children\":[{\"children\":[],\"creatorName\":\"tangyh\",\"description\":\"No comments found.\",\"docId\":132,\"enumId\":0,\"example\":\"\",\"global\":false,\"gmtCreate\":\"2026-01-14 10:00:26\",\"gmtModified\":\"2026-01-14 10:00:26\",\"id\":1028,\"maxLength\":\"-\",\"modifierName\":\"tangyh\",\"name\":\"key\",\"parentId\":1027,\"require\":false,\"required\":0,\"type\":\"String\"},{\"children\":[],\"creatorName\":\"tangyh\",\"description\":\"No comments found.\",\"docId\":132,\"enumId\":0,\"example\":\"\",\"global\":false,\"gmtCreate\":\"2026-01-14 10:00:26\",\"gmtModified\":\"2026-01-14 10:00:26\",\"id\":1029,\"maxLength\":\"-\",\"modifierName\":\"tangyh\",\"name\":\"value\",\"parentId\":1027,\"require\":false,\"required\":0,\"type\":\"String\"}],\"creatorName\":\"tangyh\",\"description\":\"参数;<br><p><br>需要封装为[{{‘key’:\'\', ’value’:\'\'}, {\'key2\':\'\', \'value2\':\'\'}]格式\",\"docId\":132,\"enumId\":0,\"example\":\"\",\"global\":false,\"gmtCreate\":\"2026-01-14 10:00:26\",\"gmtModified\":\"2026-01-14 10:00:26\",\"id\":1027,\"maxLength\":\"\",\"modifierName\":\"tangyh\",\"name\":\"paramList\",\"parentId\":0,\"require\":false,\"required\":0,\"type\":\"List<Kv>\"},{\"children\":[],\"creatorName\":\"tangyh\",\"description\":\"是否定时发送\",\"docId\":132,\"enumId\":0,\"example\":\"true\",\"global\":false,\"gmtCreate\":\"2026-01-14 10:00:26\",\"gmtModified\":\"2026-01-14 10:00:26\",\"id\":1030,\"maxLength\":\"-\",\"modifierName\":\"tangyh\",\"name\":\"isTiming\",\"parentId\":0,\"require\":false,\"required\":0,\"type\":\"Boolean\"},{\"children\":[],\"creatorName\":\"tangyh\",\"description\":\"计划发送时间\",\"docId\":132,\"enumId\":0,\"example\":\"yyyy-MM-dd HH:mm:ss\",\"global\":false,\"gmtCreate\":\"2026-01-14 10:00:26\",\"gmtModified\":\"2026-01-14 10:00:26\",\"id\":1031,\"maxLength\":\"-\",\"modifierName\":\"tangyh\",\"name\":\"scheduledSendTime\",\"parentId\":0,\"require\":false,\"required\":0,\"type\":\"LocalDateTime\"},{\"children\":[],\"creatorName\":\"tangyh\",\"description\":\"业务ID\",\"docId\":132,\"enumId\":0,\"example\":\"0\",\"global\":false,\"gmtCreate\":\"2026-01-14 10:00:26\",\"gmtModified\":\"2026-01-14 10:00:26\",\"id\":1032,\"maxLength\":\"-\",\"modifierName\":\"tangyh\",\"name\":\"bizId\",\"parentId\":0,\"require\":false,\"required\":0,\"type\":\"Long\"},{\"children\":[],\"creatorName\":\"tangyh\",\"description\":\"业务类型\",\"docId\":132,\"enumId\":0,\"example\":\"\",\"global\":false,\"gmtCreate\":\"2026-01-14 10:00:26\",\"gmtModified\":\"2026-01-14 10:00:26\",\"id\":1033,\"maxLength\":\"255\",\"modifierName\":\"tangyh\",\"name\":\"bizType\",\"parentId\":0,\"require\":false,\"required\":0,\"type\":\"String\"},{\"children\":[],\"creatorName\":\"tangyh\",\"description\":\"No comments found.\",\"docId\":132,\"enumId\":0,\"example\":\",\",\"global\":false,\"gmtCreate\":\"2026-01-14 10:00:26\",\"gmtModified\":\"2026-01-14 10:00:26\",\"id\":1034,\"maxLength\":\"-\",\"modifierName\":\"tangyh\",\"name\":\"recipientList\",\"parentId\":0,\"require\":false,\"required\":0,\"type\":\"List<String>\"}],\"responseParams\":[],\"url\":\"msg.sendEmail\",\"version\":\"1.0\"}', '2026-01-14 10:06:30.372', '2026-01-14 10:06:30.372', 680083598598475778, 680083598598475778);
INSERT INTO `mdo_doc_content` (`id`, `doc_info_id`, `content`, `created_at`, `updated_at`, `created_by`, `updated_by`) VALUES (45056569167898638, 133, '{\"children\":[],\"contentType\":\"\",\"description\":\"根据消息模板发送 站内信\",\"docName\":\"根据消息模板发送 站内信\",\"docTitle\":\"根据消息模板发送 站内信\",\"errorCodeParams\":[],\"globalHeaders\":[],\"globalParams\":[],\"globalReturns\":[],\"gmtCreate\":\"2026-01-14 10:00:26\",\"gmtModified\":\"2026-01-14 10:00:26\",\"headerParams\":[],\"headerParamsRaw\":[],\"httpMethod\":\"\",\"id\":133,\"isFolder\":0,\"name\":\"根据消息模板发送 站内信\",\"parentId\":130,\"pathParams\":[],\"queryParams\":[],\"requestParams\":[{\"children\":[],\"creatorName\":\"tangyh\",\"description\":\"模板标识\",\"docId\":133,\"enumId\":0,\"example\":\"\",\"global\":false,\"gmtCreate\":\"2026-01-14 10:00:26\",\"gmtModified\":\"2026-01-14 10:00:26\",\"id\":1035,\"maxLength\":\"255\",\"modifierName\":\"tangyh\",\"name\":\"templateKey\",\"parentId\":0,\"require\":false,\"required\":1,\"type\":\"String\"},{\"children\":[{\"children\":[],\"creatorName\":\"tangyh\",\"description\":\"No comments found.\",\"docId\":133,\"enumId\":0,\"example\":\"\",\"global\":false,\"gmtCreate\":\"2026-01-14 10:00:26\",\"gmtModified\":\"2026-01-14 10:00:26\",\"id\":1037,\"maxLength\":\"-\",\"modifierName\":\"tangyh\",\"name\":\"key\",\"parentId\":1036,\"require\":false,\"required\":0,\"type\":\"String\"},{\"children\":[],\"creatorName\":\"tangyh\",\"description\":\"No comments found.\",\"docId\":133,\"enumId\":0,\"example\":\"\",\"global\":false,\"gmtCreate\":\"2026-01-14 10:00:26\",\"gmtModified\":\"2026-01-14 10:00:26\",\"id\":1038,\"maxLength\":\"-\",\"modifierName\":\"tangyh\",\"name\":\"value\",\"parentId\":1036,\"require\":false,\"required\":0,\"type\":\"String\"}],\"creatorName\":\"tangyh\",\"description\":\"参数;<br><p><br>需要封装为[{{‘key’:\'\', ’value’:\'\'}, {\'key2\':\'\', \'value2\':\'\'}]格式\",\"docId\":133,\"enumId\":0,\"example\":\"\",\"global\":false,\"gmtCreate\":\"2026-01-14 10:00:26\",\"gmtModified\":\"2026-01-14 10:00:26\",\"id\":1036,\"maxLength\":\"\",\"modifierName\":\"tangyh\",\"name\":\"paramList\",\"parentId\":0,\"require\":false,\"required\":0,\"type\":\"List<Kv>\"},{\"children\":[],\"creatorName\":\"tangyh\",\"description\":\"是否定时发送\",\"docId\":133,\"enumId\":0,\"example\":\"true\",\"global\":false,\"gmtCreate\":\"2026-01-14 10:00:26\",\"gmtModified\":\"2026-01-14 10:00:26\",\"id\":1039,\"maxLength\":\"-\",\"modifierName\":\"tangyh\",\"name\":\"isTiming\",\"parentId\":0,\"require\":false,\"required\":0,\"type\":\"Boolean\"},{\"children\":[],\"creatorName\":\"tangyh\",\"description\":\"计划发送时间\",\"docId\":133,\"enumId\":0,\"example\":\"yyyy-MM-dd HH:mm:ss\",\"global\":false,\"gmtCreate\":\"2026-01-14 10:00:26\",\"gmtModified\":\"2026-01-14 10:00:26\",\"id\":1040,\"maxLength\":\"-\",\"modifierName\":\"tangyh\",\"name\":\"scheduledSendTime\",\"parentId\":0,\"require\":false,\"required\":0,\"type\":\"LocalDateTime\"},{\"children\":[],\"creatorName\":\"tangyh\",\"description\":\"业务ID\",\"docId\":133,\"enumId\":0,\"example\":\"0\",\"global\":false,\"gmtCreate\":\"2026-01-14 10:00:26\",\"gmtModified\":\"2026-01-14 10:00:26\",\"id\":1041,\"maxLength\":\"-\",\"modifierName\":\"tangyh\",\"name\":\"bizId\",\"parentId\":0,\"require\":false,\"required\":0,\"type\":\"Long\"},{\"children\":[],\"creatorName\":\"tangyh\",\"description\":\"业务类型\",\"docId\":133,\"enumId\":0,\"example\":\"\",\"global\":false,\"gmtCreate\":\"2026-01-14 10:00:26\",\"gmtModified\":\"2026-01-14 10:00:26\",\"id\":1042,\"maxLength\":\"255\",\"modifierName\":\"tangyh\",\"name\":\"bizType\",\"parentId\":0,\"require\":false,\"required\":0,\"type\":\"String\"},{\"children\":[],\"creatorName\":\"tangyh\",\"description\":\"消息分类<br>站内信专用<br>[1-待办 2-预警 3-提醒]\",\"docId\":133,\"enumId\":0,\"example\":\"0\",\"global\":false,\"gmtCreate\":\"2026-01-14 10:00:26\",\"gmtModified\":\"2026-01-14 10:00:26\",\"id\":1043,\"maxLength\":\"-\",\"modifierName\":\"tangyh\",\"name\":\"msgCategory\",\"parentId\":0,\"require\":false,\"required\":0,\"type\":\"Integer\"},{\"children\":[],\"creatorName\":\"tangyh\",\"description\":\"发布人\",\"docId\":133,\"enumId\":0,\"example\":\"\",\"global\":false,\"gmtCreate\":\"2026-01-14 10:00:26\",\"gmtModified\":\"2026-01-14 10:00:26\",\"id\":1044,\"maxLength\":\"255\",\"modifierName\":\"tangyh\",\"name\":\"author\",\"parentId\":0,\"require\":false,\"required\":0,\"type\":\"String\"},{\"children\":[],\"creatorName\":\"tangyh\",\"description\":\"No comments found.\",\"docId\":133,\"enumId\":0,\"example\":\"0,0\",\"global\":false,\"gmtCreate\":\"2026-01-14 10:00:26\",\"gmtModified\":\"2026-01-14 10:00:26\",\"id\":1045,\"maxLength\":\"-\",\"modifierName\":\"tangyh\",\"name\":\"recipientIdList\",\"parentId\":0,\"require\":false,\"required\":0,\"type\":\"List<Long>\"},{\"children\":[],\"creatorName\":\"tangyh\",\"description\":\"接收范围<br>[0-所有人 1-指定用户 2-指定角色 3-指定部门]\",\"docId\":133,\"enumId\":0,\"example\":\"0\",\"global\":false,\"gmtCreate\":\"2026-01-14 10:00:26\",\"gmtModified\":\"2026-01-14 10:00:26\",\"id\":1046,\"maxLength\":\"-\",\"modifierName\":\"tangyh\",\"name\":\"recipientScope\",\"parentId\":0,\"require\":false,\"required\":1,\"type\":\"Integer\"},{\"children\":[],\"creatorName\":\"tangyh\",\"description\":\"跳转地址\",\"docId\":133,\"enumId\":0,\"example\":\"\",\"global\":false,\"gmtCreate\":\"2026-01-14 10:00:26\",\"gmtModified\":\"2026-01-14 10:00:26\",\"id\":1047,\"maxLength\":\"-\",\"modifierName\":\"tangyh\",\"name\":\"url\",\"parentId\":0,\"require\":false,\"required\":0,\"type\":\"String\"}],\"responseParams\":[],\"url\":\"msg.sendNotice\",\"version\":\"1.0\"}', '2026-01-14 10:06:30.377', '2026-01-14 10:06:30.377', 680083598598475778, 680083598598475778);
COMMIT;

-- ----------------------------
-- Table structure for mdo_doc_group
-- ----------------------------
DROP TABLE IF EXISTS `mdo_doc_group`;
CREATE TABLE `mdo_doc_group` (
  `id` bigint NOT NULL COMMENT 'id',
  `name` varchar(64) CHARACTER SET utf8mb4 COLLATE utf8mb4_general_ci NOT NULL COMMENT '名称',
  `token` varchar(64) CHARACTER SET utf8mb4 COLLATE utf8mb4_general_ci NOT NULL COMMENT '令牌',
  `publish` tinyint NOT NULL DEFAULT '0' COMMENT '是否发布',
  `created_at` datetime(3) DEFAULT CURRENT_TIMESTAMP(3) COMMENT '添加时间',
  `updated_at` datetime(3) DEFAULT CURRENT_TIMESTAMP(3) ON UPDATE CURRENT_TIMESTAMP(3) COMMENT '修改时间',
  `created_by` bigint DEFAULT '0' COMMENT '创建人id',
  `updated_by` bigint DEFAULT '0' COMMENT '修改人id',
  PRIMARY KEY (`id`) USING BTREE
) ENGINE=InnoDB DEFAULT CHARSET=utf8mb4 COLLATE=utf8mb4_general_ci COMMENT='文档分组';

-- ----------------------------
-- Records of mdo_doc_group
-- ----------------------------
BEGIN;
INSERT INTO `mdo_doc_group` (`id`, `name`, `token`, `publish`, `created_at`, `updated_at`, `created_by`, `updated_by`) VALUES (45056569167898624, 'mdp', '0288dabf1a024153adf473b57ea15038', 1, '2026-01-14 10:06:29.112', '2026-01-14 10:06:58.373', 680083598598475778, 680083598598475778);
COMMIT;

-- ----------------------------
-- Table structure for mdo_doc_info
-- ----------------------------
DROP TABLE IF EXISTS `mdo_doc_info`;
CREATE TABLE `mdo_doc_info` (
  `id` bigint NOT NULL COMMENT 'id',
  `doc_group_id` bigint NOT NULL COMMENT '所属分组',
  `doc_title` varchar(128) CHARACTER SET utf8mb4 COLLATE utf8mb4_general_ci NOT NULL COMMENT '文档标题',
  `doc_code` varchar(64) CHARACTER SET utf8mb4 COLLATE utf8mb4_general_ci DEFAULT '' COMMENT '文档编码',
  `doc_type` tinyint NOT NULL DEFAULT '1' COMMENT '文档类型\r\n[1-dubbo 2-富文本 3-Markdown]',
  `source_type` tinyint NOT NULL DEFAULT '1' COMMENT '来源类型\n[1-torna 2-自建]',
  `doc_version` varchar(16) CHARACTER SET utf8mb4 COLLATE utf8mb4_general_ci NOT NULL COMMENT '文档版本号',
  `doc_name` varchar(64) CHARACTER SET utf8mb4 COLLATE utf8mb4_general_ci NOT NULL COMMENT '文档名称',
  `description` text CHARACTER SET utf8mb4 COLLATE utf8mb4_general_ci NOT NULL COMMENT '描述',
  `folder` tinyint unsigned NOT NULL DEFAULT '0' COMMENT '是否分类',
  `publish` tinyint unsigned NOT NULL DEFAULT '0' COMMENT '发布状态\r\n[0-未发布 1-已发布]',
  `parent_id` bigint NOT NULL COMMENT '父文档',
  `weight` int DEFAULT '0' COMMENT '排序',
  `created_at` datetime(3) DEFAULT CURRENT_TIMESTAMP(3) COMMENT '添加时间',
  `updated_at` datetime(3) DEFAULT CURRENT_TIMESTAMP(3) ON UPDATE CURRENT_TIMESTAMP(3) COMMENT '修改时间',
  `created_by` bigint DEFAULT '0' COMMENT '创建人id',
  `updated_by` bigint DEFAULT '0' COMMENT '修改人id',
  PRIMARY KEY (`id`) USING BTREE,
  KEY `idx_doc_app_id` (`doc_group_id`) USING BTREE
) ENGINE=InnoDB DEFAULT CHARSET=utf8mb4 COLLATE=utf8mb4_general_ci COMMENT='文档信息';

-- ----------------------------
-- Records of mdo_doc_info
-- ----------------------------
BEGIN;
INSERT INTO `mdo_doc_info` (`id`, `doc_group_id`, `doc_title`, `doc_code`, `doc_type`, `source_type`, `doc_version`, `doc_name`, `description`, `folder`, `publish`, `parent_id`, `weight`, `created_at`, `updated_at`, `created_by`, `updated_by`) VALUES (120, 45056569167898624, '用户数据接口', '', 1, 1, '', '用户数据接口', '', 1, 1, 0, 0, '2026-01-14 10:06:29.245', '2026-01-14 10:06:55.190', 680083598598475778, 680083598598475778);
INSERT INTO `mdo_doc_info` (`id`, `doc_group_id`, `doc_title`, `doc_code`, `doc_type`, `source_type`, `doc_version`, `doc_name`, `description`, `folder`, `publish`, `parent_id`, `weight`, `created_at`, `updated_at`, `created_by`, `updated_by`) VALUES (121, 45056569167898624, '批量保存用户信息', '', 1, 1, '1.0', 'user.batchSave', '每次保存的用户数量不超过 500 条  <br/>\n用户保存成功之后，返回用户列表（含用户ID）', 0, 1, 120, 0, '2026-01-14 10:06:29.251', '2026-01-14 10:06:55.190', 680083598598475778, 680083598598475778);
INSERT INTO `mdo_doc_info` (`id`, `doc_group_id`, `doc_title`, `doc_code`, `doc_type`, `source_type`, `doc_version`, `doc_name`, `description`, `folder`, `publish`, `parent_id`, `weight`, `created_at`, `updated_at`, `created_by`, `updated_by`) VALUES (122, 45056569167898624, '根据用户ID，修改用户信息', '', 1, 1, '1.0', 'user.updateById', '根据用户ID，修改用户信息', 0, 1, 120, 0, '2026-01-14 10:06:29.254', '2026-01-14 10:06:55.190', 680083598598475778, 680083598598475778);
INSERT INTO `mdo_doc_info` (`id`, `doc_group_id`, `doc_title`, `doc_code`, `doc_type`, `source_type`, `doc_version`, `doc_name`, `description`, `folder`, `publish`, `parent_id`, `weight`, `created_at`, `updated_at`, `created_by`, `updated_by`) VALUES (123, 45056569167898624, '根据ID查询用户信息', '', 1, 1, '1.0', 'user.getById', '根据ID查询用户信息', 0, 1, 120, 0, '2026-01-14 10:06:29.256', '2026-01-14 10:06:55.190', 680083598598475778, 680083598598475778);
INSERT INTO `mdo_doc_info` (`id`, `doc_group_id`, `doc_title`, `doc_code`, `doc_type`, `source_type`, `doc_version`, `doc_name`, `description`, `folder`, `publish`, `parent_id`, `weight`, `created_at`, `updated_at`, `created_by`, `updated_by`) VALUES (124, 45056569167898624, '分页查询用户信息', '', 1, 1, '1.0', 'user.page', '分页查询用户信息', 0, 1, 120, 0, '2026-01-14 10:06:29.263', '2026-01-14 10:06:55.190', 680083598598475778, 680083598598475778);
INSERT INTO `mdo_doc_info` (`id`, `doc_group_id`, `doc_title`, `doc_code`, `doc_type`, `source_type`, `doc_version`, `doc_name`, `description`, `folder`, `publish`, `parent_id`, `weight`, `created_at`, `updated_at`, `created_by`, `updated_by`) VALUES (125, 45056569167898624, '组织数据接口', '', 1, 1, '', '组织数据接口', '', 1, 1, 0, 0, '2026-01-14 10:06:29.255', '2026-01-14 10:06:56.781', 680083598598475778, 680083598598475778);
INSERT INTO `mdo_doc_info` (`id`, `doc_group_id`, `doc_title`, `doc_code`, `doc_type`, `source_type`, `doc_version`, `doc_name`, `description`, `folder`, `publish`, `parent_id`, `weight`, `created_at`, `updated_at`, `created_by`, `updated_by`) VALUES (126, 45056569167898624, '批量保存组织机构信息', '', 1, 1, '1.0', 'org.save', '批量保存组织机构信息', 0, 1, 125, 0, '2026-01-14 10:06:29.252', '2026-01-14 10:06:56.781', 680083598598475778, 680083598598475778);
INSERT INTO `mdo_doc_info` (`id`, `doc_group_id`, `doc_title`, `doc_code`, `doc_type`, `source_type`, `doc_version`, `doc_name`, `description`, `folder`, `publish`, `parent_id`, `weight`, `created_at`, `updated_at`, `created_by`, `updated_by`) VALUES (127, 45056569167898624, '根据组织机构ID，修改组织机构信息', '', 1, 1, '1.0', 'org.updateById', '根据组织机构ID，修改组织机构信息', 0, 1, 125, 0, '2026-01-14 10:06:29.255', '2026-01-14 10:06:56.781', 680083598598475778, 680083598598475778);
INSERT INTO `mdo_doc_info` (`id`, `doc_group_id`, `doc_title`, `doc_code`, `doc_type`, `source_type`, `doc_version`, `doc_name`, `description`, `folder`, `publish`, `parent_id`, `weight`, `created_at`, `updated_at`, `created_by`, `updated_by`) VALUES (128, 45056569167898624, '根据ID查询组织机构信息', '', 1, 1, '1.0', 'org.getById', '根据ID查询组织机构信息', 0, 1, 125, 0, '2026-01-14 10:06:29.256', '2026-01-14 10:06:56.781', 680083598598475778, 680083598598475778);
INSERT INTO `mdo_doc_info` (`id`, `doc_group_id`, `doc_title`, `doc_code`, `doc_type`, `source_type`, `doc_version`, `doc_name`, `description`, `folder`, `publish`, `parent_id`, `weight`, `created_at`, `updated_at`, `created_by`, `updated_by`) VALUES (129, 45056569167898624, '分页查询组织机构信息', '', 1, 1, '1.0', 'org.page', '分页查询组织机构信息', 0, 1, 125, 0, '2026-01-14 10:06:29.264', '2026-01-14 10:06:56.781', 680083598598475778, 680083598598475778);
INSERT INTO `mdo_doc_info` (`id`, `doc_group_id`, `doc_title`, `doc_code`, `doc_type`, `source_type`, `doc_version`, `doc_name`, `description`, `folder`, `publish`, `parent_id`, `weight`, `created_at`, `updated_at`, `created_by`, `updated_by`) VALUES (130, 45056569167898624, '消息 数据接口', '', 1, 1, '', '消息 数据接口', '', 1, 1, 0, 0, '2026-01-14 10:06:29.257', '2026-01-14 10:06:58.365', 680083598598475778, 680083598598475778);
INSERT INTO `mdo_doc_info` (`id`, `doc_group_id`, `doc_title`, `doc_code`, `doc_type`, `source_type`, `doc_version`, `doc_name`, `description`, `folder`, `publish`, `parent_id`, `weight`, `created_at`, `updated_at`, `created_by`, `updated_by`) VALUES (131, 45056569167898624, '根据消息模板发送 短信', '', 1, 1, '1.0', 'msg.sendSms', '根据消息模板发送 短信', 0, 1, 130, 0, '2026-01-14 10:06:29.253', '2026-01-14 10:06:58.365', 680083598598475778, 680083598598475778);
INSERT INTO `mdo_doc_info` (`id`, `doc_group_id`, `doc_title`, `doc_code`, `doc_type`, `source_type`, `doc_version`, `doc_name`, `description`, `folder`, `publish`, `parent_id`, `weight`, `created_at`, `updated_at`, `created_by`, `updated_by`) VALUES (132, 45056569167898624, '根据消息模板发送 邮件', '', 1, 1, '1.0', 'msg.sendEmail', '根据消息模板发送 邮件', 0, 1, 130, 0, '2026-01-14 10:06:29.256', '2026-01-14 10:06:58.365', 680083598598475778, 680083598598475778);
INSERT INTO `mdo_doc_info` (`id`, `doc_group_id`, `doc_title`, `doc_code`, `doc_type`, `source_type`, `doc_version`, `doc_name`, `description`, `folder`, `publish`, `parent_id`, `weight`, `created_at`, `updated_at`, `created_by`, `updated_by`) VALUES (133, 45056569167898624, '根据消息模板发送 站内信', '', 1, 1, '1.0', 'msg.sendNotice', '根据消息模板发送 站内信', 0, 1, 130, 0, '2026-01-14 10:06:29.257', '2026-01-14 10:06:58.365', 680083598598475778, 680083598598475778);
COMMIT;

-- ----------------------------
-- Table structure for mdo_event_push
-- ----------------------------
DROP TABLE IF EXISTS `mdo_event_push`;
CREATE TABLE `mdo_event_push` (
  `id` bigint NOT NULL COMMENT 'ID',
  `event_trigger_id` bigint NOT NULL COMMENT '事件触发ID',
  `event_code` varchar(255) CHARACTER SET utf8mb4 COLLATE utf8mb4_general_ci NOT NULL COMMENT '事件类型',
  `app_id` bigint NOT NULL COMMENT '所属应用',
  `app_key` varchar(100) COLLATE utf8mb4_general_ci NOT NULL COMMENT '应用秘钥',
  `notify_url` varchar(255) COLLATE utf8mb4_general_ci DEFAULT NULL COMMENT '回调url',
  `request_data` text CHARACTER SET utf8mb4 COLLATE utf8mb4_general_ci COMMENT '请求参数',
  `last_request_time` datetime(3) DEFAULT NULL COMMENT '最后请求时间',
  `next_request_time` datetime(3) DEFAULT NULL COMMENT '下次请求时间',
  `max_request_cnt` int DEFAULT NULL COMMENT '最大请求次数',
  `request_cnt` int DEFAULT '0' COMMENT '已请求次数',
  `exec_status` char(1) CHARACTER SET utf8mb4 COLLATE utf8mb4_general_ci DEFAULT '0' COMMENT '执行状态\n[0-待执行 1-执行成功 2-执行失败 3-重试结束 4-手动结束]',
  `remark` varchar(256) COLLATE utf8mb4_general_ci DEFAULT NULL COMMENT '备注',
  `created_at` datetime(3) DEFAULT CURRENT_TIMESTAMP(3) COMMENT '创建时间',
  `updated_at` datetime(3) DEFAULT CURRENT_TIMESTAMP(3) COMMENT '修改时间',
  `created_by` bigint DEFAULT '0' COMMENT '创建人id',
  `updated_by` bigint DEFAULT '0' COMMENT '修改人id',
  PRIMARY KEY (`id`),
  KEY `idx_app_key` (`app_key`),
  KEY `idx_event_trigger_id` (`event_trigger_id`,`app_id`,`exec_status`) USING BTREE
) ENGINE=InnoDB DEFAULT CHARSET=utf8mb4 COLLATE=utf8mb4_general_ci COMMENT='事件推送任务';

-- ----------------------------
-- Records of mdo_event_push
-- ----------------------------
BEGIN;
INSERT INTO `mdo_event_push` (`id`, `event_trigger_id`, `event_code`, `app_id`, `app_key`, `notify_url`, `request_data`, `last_request_time`, `next_request_time`, `max_request_cnt`, `request_cnt`, `exec_status`, `remark`, `created_at`, `updated_at`, `created_by`, `updated_by`) VALUES (44782344095972379, 44782344095972378, 'org:edit', 5, 'ruoyi-vue-oauth', 'http://127.0.0.1:7800/anyUser/notify/callback', '44782344095972369', NULL, NULL, 5, 0, '0', NULL, '2026-01-13 16:35:58.160', '2026-01-13 16:35:58.160', 680083598598475778, 680083598598475778);
INSERT INTO `mdo_event_push` (`id`, `event_trigger_id`, `event_code`, `app_id`, `app_key`, `notify_url`, `request_data`, `last_request_time`, `next_request_time`, `max_request_cnt`, `request_cnt`, `exec_status`, `remark`, `created_at`, `updated_at`, `created_by`, `updated_by`) VALUES (44782344095972381, 44782344095972380, 'org:edit', 5, 'ruoyi-vue-oauth', 'http://127.0.0.1:7800/anyUser/notify/callback', '44782344095972369', NULL, NULL, 5, 0, '0', NULL, '2026-01-13 16:38:19.905', '2026-01-13 16:38:19.905', 680083598598475778, 680083598598475778);
INSERT INTO `mdo_event_push` (`id`, `event_trigger_id`, `event_code`, `app_id`, `app_key`, `notify_url`, `request_data`, `last_request_time`, `next_request_time`, `max_request_cnt`, `request_cnt`, `exec_status`, `remark`, `created_at`, `updated_at`, `created_by`, `updated_by`) VALUES (44790775116775425, 44790775116775424, 'org:edit', 5, 'ruoyi-vue-oauth', 'http://127.0.0.1:7800/anyUser/notify/callback', '44782344095972369', NULL, NULL, 5, 0, '0', NULL, '2026-01-13 16:51:45.750', '2026-01-13 16:51:45.750', 680083598598475778, 680083598598475778);
INSERT INTO `mdo_event_push` (`id`, `event_trigger_id`, `event_code`, `app_id`, `app_key`, `notify_url`, `request_data`, `last_request_time`, `next_request_time`, `max_request_cnt`, `request_cnt`, `exec_status`, `remark`, `created_at`, `updated_at`, `created_by`, `updated_by`) VALUES (44790775116775427, 44790775116775426, 'org:edit', 5, 'ruoyi-vue-oauth', 'http://127.0.0.1:7800/anyUser/notify/callback', '44782344095972369', NULL, NULL, 5, 0, '0', NULL, '2026-01-13 16:52:36.677', '2026-01-13 16:52:36.677', 680083598598475778, 680083598598475778);
INSERT INTO `mdo_event_push` (`id`, `event_trigger_id`, `event_code`, `app_id`, `app_key`, `notify_url`, `request_data`, `last_request_time`, `next_request_time`, `max_request_cnt`, `request_cnt`, `exec_status`, `remark`, `created_at`, `updated_at`, `created_by`, `updated_by`) VALUES (44790775116775429, 44790775116775428, 'org:edit', 5, 'ruoyi-vue-oauth', 'http://127.0.0.1:7800/anyUser/notify/callback', '44782344095972369', NULL, NULL, 5, 0, '0', NULL, '2026-01-13 16:58:00.704', '2026-01-13 16:58:00.704', 680083598598475778, 680083598598475778);
INSERT INTO `mdo_event_push` (`id`, `event_trigger_id`, `event_code`, `app_id`, `app_key`, `notify_url`, `request_data`, `last_request_time`, `next_request_time`, `max_request_cnt`, `request_cnt`, `exec_status`, `remark`, `created_at`, `updated_at`, `created_by`, `updated_by`) VALUES (44790775116775431, 44790775116775430, 'org:edit', 5, 'ruoyi-vue-oauth', 'http://127.0.0.1:7800/anyUser/notify/callback', '44782344095972369', NULL, NULL, 5, 0, '0', NULL, '2026-01-13 16:59:03.555', '2026-01-13 16:59:03.555', 680083598598475778, 680083598598475778);
INSERT INTO `mdo_event_push` (`id`, `event_trigger_id`, `event_code`, `app_id`, `app_key`, `notify_url`, `request_data`, `last_request_time`, `next_request_time`, `max_request_cnt`, `request_cnt`, `exec_status`, `remark`, `created_at`, `updated_at`, `created_by`, `updated_by`) VALUES (44860564040371201, 44860564040371200, 'org:edit', 5, 'ruoyi-vue-oauth', 'http://127.0.0.1:7800/anyUser/notify/callback', '44782344095972369', '2026-01-13 23:08:00.057', '2026-01-13 23:03:00.000', 5, 4, '3', NULL, '2026-01-13 21:23:18.971', '2026-01-13 21:23:18.971', 680083598598475778, 680083598598475778);
INSERT INTO `mdo_event_push` (`id`, `event_trigger_id`, `event_code`, `app_id`, `app_key`, `notify_url`, `request_data`, `last_request_time`, `next_request_time`, `max_request_cnt`, `request_cnt`, `exec_status`, `remark`, `created_at`, `updated_at`, `created_by`, `updated_by`) VALUES (44860564040371204, 44860564040371203, 'org:edit', 5, 'ruoyi-vue-oauth', 'http://127.0.0.1:7800/anyUser/notify/callback', '44782344095972369', '2026-01-13 23:08:00.404', '2026-01-13 23:03:00.000', 5, 4, '3', NULL, '2026-01-13 21:26:22.406', '2026-01-13 21:26:22.406', 680083598598475778, 680083598598475778);
INSERT INTO `mdo_event_push` (`id`, `event_trigger_id`, `event_code`, `app_id`, `app_key`, `notify_url`, `request_data`, `last_request_time`, `next_request_time`, `max_request_cnt`, `request_cnt`, `exec_status`, `remark`, `created_at`, `updated_at`, `created_by`, `updated_by`) VALUES (44860564040371207, 44860564040371206, 'org:edit', 5, 'ruoyi-vue-oauth', 'http://127.0.0.1:7800/anyUser/notify/callback', '44782344095972369', '2026-01-13 23:08:00.447', '2026-01-13 23:03:00.000', 5, 4, '3', NULL, '2026-01-13 21:26:58.859', '2026-01-13 21:26:58.859', 680083598598475778, 680083598598475778);
INSERT INTO `mdo_event_push` (`id`, `event_trigger_id`, `event_code`, `app_id`, `app_key`, `notify_url`, `request_data`, `last_request_time`, `next_request_time`, `max_request_cnt`, `request_cnt`, `exec_status`, `remark`, `created_at`, `updated_at`, `created_by`, `updated_by`) VALUES (44862209012846593, 44862209012846592, 'org:edit', 5, 'ruoyi-vue-oauth', 'http://127.0.0.1:7800/anyUser/notify/callback', '44782344095972369', '2026-01-13 23:08:00.485', '2026-01-13 23:03:00.000', 5, 4, '3', NULL, '2026-01-13 21:29:06.654', '2026-01-13 21:29:06.654', 680083598598475778, 680083598598475778);
INSERT INTO `mdo_event_push` (`id`, `event_trigger_id`, `event_code`, `app_id`, `app_key`, `notify_url`, `request_data`, `last_request_time`, `next_request_time`, `max_request_cnt`, `request_cnt`, `exec_status`, `remark`, `created_at`, `updated_at`, `created_by`, `updated_by`) VALUES (44862209012846601, 44862209012846600, 'org:edit', 5, 'ruoyi-vue-oauth', 'http://127.0.0.1:7800/anyUser/notify/callback', '44782344095972369', '2026-01-13 23:32:00.014', '2026-01-13 23:26:00.000', 5, 4, '3', NULL, '2026-01-13 22:28:57.814', '2026-01-13 22:28:57.814', 680083598598475778, 680083598598475778);
INSERT INTO `mdo_event_push` (`id`, `event_trigger_id`, `event_code`, `app_id`, `app_key`, `notify_url`, `request_data`, `last_request_time`, `next_request_time`, `max_request_cnt`, `request_cnt`, `exec_status`, `remark`, `created_at`, `updated_at`, `created_by`, `updated_by`) VALUES (44890431242951681, 44890431242951680, 'org:edit', 5, 'ruoyi-vue-oauth', 'http://127.0.0.1:7800/anyUser/notify/callback', '44782344095972369', '2026-01-13 23:56:00.027', '2026-01-13 23:54:00.000', 5, 3, '3', NULL, '2026-01-13 23:18:21.698', '2026-01-13 23:18:21.698', 680083598598475778, 680083598598475778);
INSERT INTO `mdo_event_push` (`id`, `event_trigger_id`, `event_code`, `app_id`, `app_key`, `notify_url`, `request_data`, `last_request_time`, `next_request_time`, `max_request_cnt`, `request_cnt`, `exec_status`, `remark`, `created_at`, `updated_at`, `created_by`, `updated_by`) VALUES (44890431242951684, 44890431242951683, 'org:edit', 5, 'ruoyi-vue-oauth', 'http://127.0.0.1:7800/anyUser/notify/callback', '44782344095972369', '2026-01-14 00:08:00.032', '2026-01-14 00:02:00.000', 5, 3, '3', NULL, '2026-01-13 23:19:55.867', '2026-01-13 23:19:55.866', 680083598598475778, 680083598598475778);
INSERT INTO `mdo_event_push` (`id`, `event_trigger_id`, `event_code`, `app_id`, `app_key`, `notify_url`, `request_data`, `last_request_time`, `next_request_time`, `max_request_cnt`, `request_cnt`, `exec_status`, `remark`, `created_at`, `updated_at`, `created_by`, `updated_by`) VALUES (44890431242951687, 44890431242951686, 'org:edit', 5, 'ruoyi-vue-oauth', 'http://127.0.0.1:7800/anyUser/notify/callback', '44782344095972369', '2026-01-14 00:08:00.083', '2026-01-14 00:02:00.000', 5, 3, '3', NULL, '2026-01-13 23:21:44.218', '2026-01-13 23:21:44.218', 680083598598475778, 680083598598475778);
INSERT INTO `mdo_event_push` (`id`, `event_trigger_id`, `event_code`, `app_id`, `app_key`, `notify_url`, `request_data`, `last_request_time`, `next_request_time`, `max_request_cnt`, `request_cnt`, `exec_status`, `remark`, `created_at`, `updated_at`, `created_by`, `updated_by`) VALUES (44890431242951690, 44890431242951689, 'org:edit', 5, 'ruoyi-vue-oauth', 'http://127.0.0.1:7800/anyUser/notify/callback', '44782344095972369', '2026-01-14 00:08:00.113', '2026-01-14 00:02:00.000', 5, 3, '3', NULL, '2026-01-13 23:22:50.292', '2026-01-13 23:22:50.292', 680083598598475778, 680083598598475778);
INSERT INTO `mdo_event_push` (`id`, `event_trigger_id`, `event_code`, `app_id`, `app_key`, `notify_url`, `request_data`, `last_request_time`, `next_request_time`, `max_request_cnt`, `request_cnt`, `exec_status`, `remark`, `created_at`, `updated_at`, `created_by`, `updated_by`) VALUES (44890431242951694, 44890431242951693, 'org:edit', 5, 'ruoyi-vue-oauth', 'http://127.0.0.1:7800/anyUser/notify/callback', '44782344095972369', '2026-01-14 00:08:00.144', '2026-01-14 00:02:00.000', 5, 3, '3', NULL, '2026-01-13 23:25:40.906', '2026-01-13 23:25:40.906', 680083598598475778, 680083598598475778);
INSERT INTO `mdo_event_push` (`id`, `event_trigger_id`, `event_code`, `app_id`, `app_key`, `notify_url`, `request_data`, `last_request_time`, `next_request_time`, `max_request_cnt`, `request_cnt`, `exec_status`, `remark`, `created_at`, `updated_at`, `created_by`, `updated_by`) VALUES (44890431242951697, 44890431242951696, 'org:edit', 5, 'ruoyi-vue-oauth', 'http://127.0.0.1:7800/anyUser/notify/callback', '44782344095972369', '2026-01-14 00:08:00.173', '2026-01-14 00:02:00.000', 5, 3, '3', NULL, '2026-01-13 23:26:48.540', '2026-01-13 23:26:48.540', 680083598598475778, 680083598598475778);
INSERT INTO `mdo_event_push` (`id`, `event_trigger_id`, `event_code`, `app_id`, `app_key`, `notify_url`, `request_data`, `last_request_time`, `next_request_time`, `max_request_cnt`, `request_cnt`, `exec_status`, `remark`, `created_at`, `updated_at`, `created_by`, `updated_by`) VALUES (44890431242951700, 44890431242951699, 'org:edit', 5, 'ruoyi-vue-oauth', 'http://127.0.0.1:7800/anyUser/notify/callback', '44782344095972369', '2026-01-14 00:16:00.031', '2026-01-14 00:10:00.000', 5, 3, '3', NULL, '2026-01-13 23:27:21.821', '2026-01-13 23:27:21.821', 680083598598475778, 680083598598475778);
INSERT INTO `mdo_event_push` (`id`, `event_trigger_id`, `event_code`, `app_id`, `app_key`, `notify_url`, `request_data`, `last_request_time`, `next_request_time`, `max_request_cnt`, `request_cnt`, `exec_status`, `remark`, `created_at`, `updated_at`, `created_by`, `updated_by`) VALUES (44890431242951703, 44890431242951702, 'org:edit', 5, 'ruoyi-vue-oauth', 'http://127.0.0.1:7800/anyUser/notify/callback', '44782344095972369', '2026-01-14 23:41:23.945', '2026-01-14 00:10:00.000', 5, 5, '1', NULL, '2026-01-13 23:30:47.557', '2026-01-13 23:30:47.557', 680083598598475778, 680083598598475778);
INSERT INTO `mdo_event_push` (`id`, `event_trigger_id`, `event_code`, `app_id`, `app_key`, `notify_url`, `request_data`, `last_request_time`, `next_request_time`, `max_request_cnt`, `request_cnt`, `exec_status`, `remark`, `created_at`, `updated_at`, `created_by`, `updated_by`) VALUES (45598250443283500, 45598250443283499, 'user:edit', 4, 'ruoyi-vue-sso', 'http://127.0.0.1:1234/anyUser/notify/callback', '{\"id\":43373586232915971}', '2026-01-16 05:20:49.318', '2026-01-16 04:16:00.000', 5, 5, '3', NULL, '2026-01-15 21:24:15.951', '2026-01-15 21:24:15.951', 0, 0);
INSERT INTO `mdo_event_push` (`id`, `event_trigger_id`, `event_code`, `app_id`, `app_key`, `notify_url`, `request_data`, `last_request_time`, `next_request_time`, `max_request_cnt`, `request_cnt`, `exec_status`, `remark`, `created_at`, `updated_at`, `created_by`, `updated_by`) VALUES (45598250443283501, 45598250443283499, 'user:edit', 5, 'ruoyi-vue-oauth', 'http://127.0.0.1:7800/anyUser/notify/callback', '{\"id\":43373586232915971}', '2026-01-15 21:24:16.037', NULL, 5, 1, '1', NULL, '2026-01-15 21:24:15.957', '2026-01-15 21:24:15.957', 0, 0);
INSERT INTO `mdo_event_push` (`id`, `event_trigger_id`, `event_code`, `app_id`, `app_key`, `notify_url`, `request_data`, `last_request_time`, `next_request_time`, `max_request_cnt`, `request_cnt`, `exec_status`, `remark`, `created_at`, `updated_at`, `created_by`, `updated_by`) VALUES (45905439389198338, 45905439389198337, 'user:add', 4, 'ruoyi-vue-sso', 'http://127.0.0.1:1234/anyUser/notify/callback', '{\"id\":45905439389198336}', '2026-01-17 01:54:14.783', '2026-01-17 01:27:00.000', 5, 5, '3', NULL, '2026-01-16 16:57:22.149', '2026-01-16 16:57:22.149', 0, 0);
INSERT INTO `mdo_event_push` (`id`, `event_trigger_id`, `event_code`, `app_id`, `app_key`, `notify_url`, `request_data`, `last_request_time`, `next_request_time`, `max_request_cnt`, `request_cnt`, `exec_status`, `remark`, `created_at`, `updated_at`, `created_by`, `updated_by`) VALUES (45905439389198339, 45905439389198337, 'user:add', 5, 'ruoyi-vue-oauth', 'http://127.0.0.1:7800/anyUser/notify/callback', '{\"id\":45905439389198336}', '2026-01-16 16:57:22.253', NULL, 5, 1, '1', NULL, '2026-01-16 16:57:22.155', '2026-01-16 16:57:22.155', 0, 0);
INSERT INTO `mdo_event_push` (`id`, `event_trigger_id`, `event_code`, `app_id`, `app_key`, `notify_url`, `request_data`, `last_request_time`, `next_request_time`, `max_request_cnt`, `request_cnt`, `exec_status`, `remark`, `created_at`, `updated_at`, `created_by`, `updated_by`) VALUES (45905439389198340, 45905439389198337, 'user:add', 27794923806382080, '20251128NXfAhuyNlL', NULL, '{\"id\":45905439389198336}', NULL, NULL, 5, 0, '0', NULL, '2026-01-16 16:57:22.156', '2026-01-16 16:57:22.156', 0, 0);
INSERT INTO `mdo_event_push` (`id`, `event_trigger_id`, `event_code`, `app_id`, `app_key`, `notify_url`, `request_data`, `last_request_time`, `next_request_time`, `max_request_cnt`, `request_cnt`, `exec_status`, `remark`, `created_at`, `updated_at`, `created_by`, `updated_by`) VALUES (45946774154457096, 45946774154457095, 'user:add', 4, 'ruoyi-vue-sso', 'http://127.0.0.1:1234/anyUser/notify/callback', '{\"id\":45946774154457094}', '2026-01-17 05:26:15.263', '2026-01-17 05:08:00.000', 5, 5, '3', NULL, '2026-01-16 20:01:11.864', '2026-01-16 20:01:11.864', 0, 0);
INSERT INTO `mdo_event_push` (`id`, `event_trigger_id`, `event_code`, `app_id`, `app_key`, `notify_url`, `request_data`, `last_request_time`, `next_request_time`, `max_request_cnt`, `request_cnt`, `exec_status`, `remark`, `created_at`, `updated_at`, `created_by`, `updated_by`) VALUES (45946774154457097, 45946774154457095, 'user:add', 5, 'ruoyi-vue-oauth', 'http://127.0.0.1:7800/anyUser/notify/callback', '{\"id\":45946774154457094}', '2026-01-16 20:01:12.383', NULL, 5, 1, '1', NULL, '2026-01-16 20:01:12.058', '2026-01-16 20:01:12.058', 0, 0);
INSERT INTO `mdo_event_push` (`id`, `event_trigger_id`, `event_code`, `app_id`, `app_key`, `notify_url`, `request_data`, `last_request_time`, `next_request_time`, `max_request_cnt`, `request_cnt`, `exec_status`, `remark`, `created_at`, `updated_at`, `created_by`, `updated_by`) VALUES (45946774154457098, 45946774154457095, 'user:add', 27794923806382080, '20251128NXfAhuyNlL', NULL, '{\"id\":45946774154457094}', NULL, NULL, 5, 0, '0', NULL, '2026-01-16 20:01:12.068', '2026-01-16 20:01:12.068', 0, 0);
INSERT INTO `mdo_event_push` (`id`, `event_trigger_id`, `event_code`, `app_id`, `app_key`, `notify_url`, `request_data`, `last_request_time`, `next_request_time`, `max_request_cnt`, `request_cnt`, `exec_status`, `remark`, `created_at`, `updated_at`, `created_by`, `updated_by`) VALUES (45946774154457109, 45946774154457108, 'user:add', 4, 'ruoyi-vue-sso', 'http://127.0.0.1:1234/anyUser/notify/callback', '{\"id\":45946774154457107}', '2026-01-17 05:26:15.725', '2026-01-17 05:08:00.000', 5, 5, '3', NULL, '2026-01-16 20:03:07.519', '2026-01-16 20:03:07.519', 0, 0);
INSERT INTO `mdo_event_push` (`id`, `event_trigger_id`, `event_code`, `app_id`, `app_key`, `notify_url`, `request_data`, `last_request_time`, `next_request_time`, `max_request_cnt`, `request_cnt`, `exec_status`, `remark`, `created_at`, `updated_at`, `created_by`, `updated_by`) VALUES (45946774154457110, 45946774154457108, 'user:add', 5, 'ruoyi-vue-oauth', 'http://127.0.0.1:7800/anyUser/notify/callback', '{\"id\":45946774154457107}', '2026-01-16 20:03:07.573', NULL, 5, 1, '1', NULL, '2026-01-16 20:03:07.521', '2026-01-16 20:03:07.521', 0, 0);
INSERT INTO `mdo_event_push` (`id`, `event_trigger_id`, `event_code`, `app_id`, `app_key`, `notify_url`, `request_data`, `last_request_time`, `next_request_time`, `max_request_cnt`, `request_cnt`, `exec_status`, `remark`, `created_at`, `updated_at`, `created_by`, `updated_by`) VALUES (45946774154457111, 45946774154457108, 'user:add', 27794923806382080, '20251128NXfAhuyNlL', NULL, '{\"id\":45946774154457107}', NULL, NULL, 5, 0, '0', NULL, '2026-01-16 20:03:07.521', '2026-01-16 20:03:07.521', 0, 0);
INSERT INTO `mdo_event_push` (`id`, `event_trigger_id`, `event_code`, `app_id`, `app_key`, `notify_url`, `request_data`, `last_request_time`, `next_request_time`, `max_request_cnt`, `request_cnt`, `exec_status`, `remark`, `created_at`, `updated_at`, `created_by`, `updated_by`) VALUES (46000701763827724, 46000701763827723, 'user:edit', 4, 'ruoyi-vue-sso', 'http://127.0.0.1:1234/anyUser/notify/callback', '{\"id\":45946774154457107}', '2026-01-17 07:33:29.397', '2026-01-17 07:05:00.000', 5, 5, '3', NULL, '2026-01-16 23:50:39.272', '2026-01-16 23:50:39.272', 0, 0);
INSERT INTO `mdo_event_push` (`id`, `event_trigger_id`, `event_code`, `app_id`, `app_key`, `notify_url`, `request_data`, `last_request_time`, `next_request_time`, `max_request_cnt`, `request_cnt`, `exec_status`, `remark`, `created_at`, `updated_at`, `created_by`, `updated_by`) VALUES (46000701763827725, 46000701763827723, 'user:edit', 5, 'ruoyi-vue-oauth', 'http://127.0.0.1:7800/anyUser/notify/callback', '{\"id\":45946774154457107}', '2026-01-16 23:50:39.327', NULL, 5, 1, '1', NULL, '2026-01-16 23:50:39.277', '2026-01-16 23:50:39.277', 0, 0);
INSERT INTO `mdo_event_push` (`id`, `event_trigger_id`, `event_code`, `app_id`, `app_key`, `notify_url`, `request_data`, `last_request_time`, `next_request_time`, `max_request_cnt`, `request_cnt`, `exec_status`, `remark`, `created_at`, `updated_at`, `created_by`, `updated_by`) VALUES (46000701763827729, 46000701763827728, 'user:edit', 4, 'ruoyi-vue-sso', 'http://127.0.0.1:1234/anyUser/notify/callback', '{\"id\":45946774154457107}', '2026-01-17 07:33:29.471', '2026-01-17 07:05:00.000', 5, 5, '3', NULL, '2026-01-16 23:50:41.878', '2026-01-16 23:50:41.878', 0, 0);
INSERT INTO `mdo_event_push` (`id`, `event_trigger_id`, `event_code`, `app_id`, `app_key`, `notify_url`, `request_data`, `last_request_time`, `next_request_time`, `max_request_cnt`, `request_cnt`, `exec_status`, `remark`, `created_at`, `updated_at`, `created_by`, `updated_by`) VALUES (46000701763827730, 46000701763827728, 'user:edit', 5, 'ruoyi-vue-oauth', 'http://127.0.0.1:7800/anyUser/notify/callback', '{\"id\":45946774154457107}', '2026-01-16 23:50:41.921', NULL, 5, 1, '1', NULL, '2026-01-16 23:50:41.880', '2026-01-16 23:50:41.880', 0, 0);
INSERT INTO `mdo_event_push` (`id`, `event_trigger_id`, `event_code`, `app_id`, `app_key`, `notify_url`, `request_data`, `last_request_time`, `next_request_time`, `max_request_cnt`, `request_cnt`, `exec_status`, `remark`, `created_at`, `updated_at`, `created_by`, `updated_by`) VALUES (46000701763827734, 46000701763827733, 'user:edit', 4, 'ruoyi-vue-sso', 'http://127.0.0.1:1234/anyUser/notify/callback', '{\"id\":45946774154457107}', '2026-01-17 07:33:29.519', '2026-01-17 07:05:00.000', 5, 5, '3', NULL, '2026-01-16 23:51:18.741', '2026-01-16 23:51:18.741', 0, 0);
INSERT INTO `mdo_event_push` (`id`, `event_trigger_id`, `event_code`, `app_id`, `app_key`, `notify_url`, `request_data`, `last_request_time`, `next_request_time`, `max_request_cnt`, `request_cnt`, `exec_status`, `remark`, `created_at`, `updated_at`, `created_by`, `updated_by`) VALUES (46000701763827735, 46000701763827733, 'user:edit', 5, 'ruoyi-vue-oauth', 'http://127.0.0.1:7800/anyUser/notify/callback', '{\"id\":45946774154457107}', '2026-01-16 23:51:18.802', NULL, 5, 1, '1', NULL, '2026-01-16 23:51:18.742', '2026-01-16 23:51:18.742', 0, 0);
COMMIT;

-- ----------------------------
-- Table structure for mdo_event_push_log
-- ----------------------------
DROP TABLE IF EXISTS `mdo_event_push_log`;
CREATE TABLE `mdo_event_push_log` (
  `id` bigint NOT NULL COMMENT '主键',
  `event_push_id` bigint NOT NULL COMMENT '所属推送',
  `request_time` datetime(3) DEFAULT NULL COMMENT '请求时间',
  `request_data` longtext COLLATE utf8mb4_general_ci COMMENT '请求参数',
  `response_data` longtext COLLATE utf8mb4_general_ci COMMENT '响应内容',
  `response_time` datetime(3) DEFAULT NULL COMMENT '响应时间',
  `exec_status` char(1) CHARACTER SET utf8mb4 COLLATE utf8mb4_general_ci NOT NULL COMMENT '状态\n[1-执行成功 2-执行失败]',
  `error_msg` longtext COLLATE utf8mb4_general_ci COMMENT '失败原因',
  `created_by` bigint DEFAULT NULL COMMENT '创建人',
  `created_at` datetime(3) DEFAULT NULL COMMENT '创建时间',
  PRIMARY KEY (`id`)
) ENGINE=InnoDB DEFAULT CHARSET=utf8mb4 COLLATE=utf8mb4_general_ci COMMENT='事件推送日志';

-- ----------------------------
-- Records of mdo_event_push_log
-- ----------------------------
BEGIN;
INSERT INTO `mdo_event_push_log` (`id`, `event_push_id`, `request_time`, `request_data`, `response_data`, `response_time`, `exec_status`, `error_msg`, `created_by`, `created_at`) VALUES (44860564040371202, 44860564040371201, '2026-01-13 21:23:19.017', '{\"biz_content\":\"44782344095972369\",\"app_key\":\"ruoyi-vue-oauth\",\"event_code\":\"org:edit\",\"format\":\"json\",\"sign\":\"DT4/3uicylZmgITn+H1nZEFmdH2fJ8MDlSCTFZ0FB/aNxMMcT4thH9rTOb0zt1Jcy1vlr5oyduf5GuyZXtVLqn+nmkAd3Un3aPBV7s+u7//Oglnl7OCNTNWIhA7/9uLddKqf6QwS3N66mwtMRD2eHOJbMauuPX/xHEThwsQOFLbrqNEYgEPSvaDv5C2CX75Opx9dGm2UbgNfEjFJ32FWOMTbyVPmorMHg/Z4eFL9c/jpL8kemYkF9rarSaGPa8DFeAhcsl1HwQmJfU32MmYEEf4RdGi7OrZT4YhjDG+VStOroYRgh8fO2gbW4GIJoMyYeHj35KQeqAXIr0m4InntAg==\",\"sign_type\":\"RSA2\",\"timestamp\":\"2026-01-13 21:23:18\"}', '', '2026-01-13 21:23:19.091', '2', 'illegal fieldName input 69, offset 1, character E, line 1, column 1, fastjson-version 2.0.59 ERR', NULL, '2026-01-13 21:23:19.122');
INSERT INTO `mdo_event_push_log` (`id`, `event_push_id`, `request_time`, `request_data`, `response_data`, `response_time`, `exec_status`, `error_msg`, `created_by`, `created_at`) VALUES (44860564040371205, 44860564040371204, '2026-01-13 21:26:22.427', '{\"biz_content\":\"44782344095972369\",\"app_key\":\"ruoyi-vue-oauth\",\"event_code\":\"org:edit\",\"format\":\"json\",\"sign\":\"lzUc9S2wiJJ0pRL69CK9dlBUDt4AuDiS4Q78yLKjcgAiJEzHD/1hxPCXMcRIWW3cGFU32HF/PokkOSThIT1brRLi/jtX+UFLnQ5V6XzEEfgX4+1Z8bNN6PlzQPiF0gvweXaikuLbuKcnZxS/rm6LDzNqtwQf+uEJjPNY2wtFRr0sWO1zR5mAabI2Zdef+PHR1dZGS3QoxqKkQoT9Rola1FSP+en0fKnKu8cR7O3J/OVdh/DQjya4JhYlbXZjoeJkOKPI9g3hsszt8vhI6EWXq7Q44NJUnjPlOgCfviNnpTvyQtKv7klgXmVVbVF/IbEwB/MQhqTkzilI1owF7nctvg==\",\"sign_type\":\"RSA2\",\"timestamp\":\"2026-01-13 21:26:22\"}', 'ERR', '2026-01-13 21:26:22.432', '2', 'illegal fieldName input 69, offset 1, character E, line 1, column 1, fastjson-version 2.0.59 ERR', NULL, '2026-01-13 21:26:22.441');
INSERT INTO `mdo_event_push_log` (`id`, `event_push_id`, `request_time`, `request_data`, `response_data`, `response_time`, `exec_status`, `error_msg`, `created_by`, `created_at`) VALUES (44860564040371208, 44860564040371207, '2026-01-13 21:26:58.879', '{\"biz_content\":\"44782344095972369\",\"app_key\":\"ruoyi-vue-oauth\",\"event_code\":\"org:edit\",\"format\":\"json\",\"sign\":\"LrGvvbM2JGSWrLJtB6VJ6LQHmIMedG71U77Ji+ByPRLTEfSAWzH6k0OFDePCynMaKGGdTuOxLr01nS12xRDSi3NaJkrSvvWfZigshQixKnc7JN/OozBOnzBRo1H/Sk59XfE3A92GTQOqmWOOJpAHw0TQdb/8SNP1t87TiAAsbAiw/iPqBVWEg7VgR4zo5NljNc5fQxN8oVllcYk9UJejfjob5MyCvSvE8+gKZikwNSTFnqtUmM1l3tT4bPYIb1M/JlSE3RSysoysJ5CQ8XZnXvd/Jp92Hs4cL7/Cy2VoBGZRkniFkVaU8DZFEFIai3XBF8/ssSsfhVDKuCdDVtrDPQ==\",\"sign_type\":\"RSA2\",\"timestamp\":\"2026-01-13 21:26:58\"}', 'ERR', '2026-01-13 21:27:08.902', '2', 'illegal fieldName input 69, offset 1, character E, line 1, column 1, fastjson-version 2.0.59 ERR', NULL, '2026-01-13 21:27:08.926');
INSERT INTO `mdo_event_push_log` (`id`, `event_push_id`, `request_time`, `request_data`, `response_data`, `response_time`, `exec_status`, `error_msg`, `created_by`, `created_at`) VALUES (44862209012846594, 44862209012846593, '2026-01-13 21:29:06.772', '{\"biz_content\":\"44782344095972369\",\"app_key\":\"ruoyi-vue-oauth\",\"event_code\":\"org:edit\",\"format\":\"json\",\"sign\":\"YFJIFXmTIof+tZxHj71S+ZMsn1/xoAEQ1afch7Q/618E0fpNTd0RrtjmvITKCGp7F28YfZDUulLgZ9tyI5Z4xjHKLwpzMsMJOQgA+sj922FD2o1I37NzoX2dbvIpsntVid1NtCVAc4xjfSvweFYNgoEIQ4jNyaOCHylWHxCXMuUvRTkut0Lcetke0Y6uOfq2YReLuB8jMXVc8FHrv7O6N6bueNW4uC+oap6HFY8E3W5xKRdCNiN4agm19I3Bsy6m2OJvpFlIP8LWOtHthhph5UVaG2QniC8dCAIjn+9iOw9E5xe7i0ooTZGJ21zWJ/9XAxYUqBWXhh+Ml+d5E1IMXA==\",\"sign_type\":\"RSA2\",\"timestamp\":\"2026-01-13 21:29:06\"}', '{\"code\":-5,\"data\":null,\"msg\":\"空指针异常\",\"path\":\"/anyUser/notify/callback\",\"extra\":null,\"timestamp\":\"1768310946806\",\"errorMsg\":\"Cannot invoke \\\"String.hashCode()\\\" because \\\"<local4>\\\" is null\",\"isSuccess\":false}', '2026-01-13 21:29:17.950', '2', NULL, NULL, '2026-01-13 21:29:17.972');
INSERT INTO `mdo_event_push_log` (`id`, `event_push_id`, `request_time`, `request_data`, `response_data`, `response_time`, `exec_status`, `error_msg`, `created_by`, `created_at`) VALUES (44862209012846596, 44860564040371201, '2026-01-13 22:00:42.947', '{\"biz_content\":\"44782344095972369\",\"app_key\":\"ruoyi-vue-oauth\",\"event_code\":\"org:edit\",\"format\":\"json\",\"sign\":\"qX8q9nnidqRwBlkvAnFQHqyiCi9gO+RoJf7821gBqXJvHOkLI5jzET34Nfx1PvVk9oa/oykjOSck4eKJiWl1Xyae74gZxNRNh2UwXCSz9jeI+6Si5XTXtDlVB4iakRGsmQhd5q2X5I11tm9GDENuhcLbYkadAg/bau6QkSSApJ0HAy793V+qOqVlWtdYo7iSrmG60bRLFWEpJxxn4EwBbFjq2w2wl/5lYf/xP7UXf/er2uKtbs4LUnDv6Ek90L11NYbPFvlOTnRBjavpwwG0kfcg3wuxOCM4P1JX3BkUMcXvpZ6RdcniET4glT4Okx3xf2ts2aWXFXWp11M2v25/5A==\",\"sign_type\":\"RSA2\",\"timestamp\":\"2026-01-13 22:00:42\"}', '{\"code\":-5,\"data\":null,\"msg\":\"空指针异常\",\"path\":\"/anyUser/notify/callback\",\"extra\":null,\"timestamp\":\"1768312842951\",\"errorMsg\":\"Cannot invoke \\\"String.hashCode()\\\" because \\\"<local4>\\\" is null\",\"isSuccess\":false}', '2026-01-13 22:00:42.953', '2', NULL, NULL, '2026-01-13 22:00:42.973');
INSERT INTO `mdo_event_push_log` (`id`, `event_push_id`, `request_time`, `request_data`, `response_data`, `response_time`, `exec_status`, `error_msg`, `created_by`, `created_at`) VALUES (44862209012846597, 44860564040371204, '2026-01-13 22:00:43.000', '{\"biz_content\":\"44782344095972369\",\"app_key\":\"ruoyi-vue-oauth\",\"event_code\":\"org:edit\",\"format\":\"json\",\"sign\":\"qX8q9nnidqRwBlkvAnFQHqyiCi9gO+RoJf7821gBqXJvHOkLI5jzET34Nfx1PvVk9oa/oykjOSck4eKJiWl1Xyae74gZxNRNh2UwXCSz9jeI+6Si5XTXtDlVB4iakRGsmQhd5q2X5I11tm9GDENuhcLbYkadAg/bau6QkSSApJ0HAy793V+qOqVlWtdYo7iSrmG60bRLFWEpJxxn4EwBbFjq2w2wl/5lYf/xP7UXf/er2uKtbs4LUnDv6Ek90L11NYbPFvlOTnRBjavpwwG0kfcg3wuxOCM4P1JX3BkUMcXvpZ6RdcniET4glT4Okx3xf2ts2aWXFXWp11M2v25/5A==\",\"sign_type\":\"RSA2\",\"timestamp\":\"2026-01-13 22:00:42\"}', '{\"code\":-5,\"data\":null,\"msg\":\"空指针异常\",\"path\":\"/anyUser/notify/callback\",\"extra\":null,\"timestamp\":\"1768312843004\",\"errorMsg\":\"Cannot invoke \\\"String.hashCode()\\\" because \\\"<local4>\\\" is null\",\"isSuccess\":false}', '2026-01-13 22:00:43.005', '2', NULL, NULL, '2026-01-13 22:00:43.017');
INSERT INTO `mdo_event_push_log` (`id`, `event_push_id`, `request_time`, `request_data`, `response_data`, `response_time`, `exec_status`, `error_msg`, `created_by`, `created_at`) VALUES (44862209012846598, 44860564040371207, '2026-01-13 22:00:43.040', '{\"biz_content\":\"44782344095972369\",\"app_key\":\"ruoyi-vue-oauth\",\"event_code\":\"org:edit\",\"format\":\"json\",\"sign\":\"ocnrpztAQxrOHHz84RVI1OQX9PHBi7EgHAarOkWH9AxZpXuqNAiGOo1wf8ZeJnVNMnTS5XEidoZRkiy1KMFPUYKXHN0dGHOxZW5wMyGEJ50qiHYMhyUR+c2qsI8ki2j/gsJ0/RXPUcRCo9jBCuUeYy/IflinLUE2uflu8J4RAd9o5WWJfHDAS93+5TxGZr0Qw8lTqudjP77btG+P397w4D+yL0V0C5B9zdEDMX1Qh08tmcNhGNK1pYBj14deoymaWeQjceN6dYwBCCCLcWnk2yqbiDK6iyewJ1vN9h9mDVdP6ht/2QuceWR8ctwxuUjWRmWkA/ExR+vGlg1xTFJtcg==\",\"sign_type\":\"RSA2\",\"timestamp\":\"2026-01-13 22:00:43\"}', '{\"code\":-5,\"data\":null,\"msg\":\"空指针异常\",\"path\":\"/anyUser/notify/callback\",\"extra\":null,\"timestamp\":\"1768312843043\",\"errorMsg\":\"Cannot invoke \\\"String.hashCode()\\\" because \\\"<local4>\\\" is null\",\"isSuccess\":false}', '2026-01-13 22:00:43.045', '2', NULL, NULL, '2026-01-13 22:00:43.051');
INSERT INTO `mdo_event_push_log` (`id`, `event_push_id`, `request_time`, `request_data`, `response_data`, `response_time`, `exec_status`, `error_msg`, `created_by`, `created_at`) VALUES (44862209012846599, 44862209012846593, '2026-01-13 22:00:43.074', '{\"biz_content\":\"44782344095972369\",\"app_key\":\"ruoyi-vue-oauth\",\"event_code\":\"org:edit\",\"format\":\"json\",\"sign\":\"ocnrpztAQxrOHHz84RVI1OQX9PHBi7EgHAarOkWH9AxZpXuqNAiGOo1wf8ZeJnVNMnTS5XEidoZRkiy1KMFPUYKXHN0dGHOxZW5wMyGEJ50qiHYMhyUR+c2qsI8ki2j/gsJ0/RXPUcRCo9jBCuUeYy/IflinLUE2uflu8J4RAd9o5WWJfHDAS93+5TxGZr0Qw8lTqudjP77btG+P397w4D+yL0V0C5B9zdEDMX1Qh08tmcNhGNK1pYBj14deoymaWeQjceN6dYwBCCCLcWnk2yqbiDK6iyewJ1vN9h9mDVdP6ht/2QuceWR8ctwxuUjWRmWkA/ExR+vGlg1xTFJtcg==\",\"sign_type\":\"RSA2\",\"timestamp\":\"2026-01-13 22:00:43\"}', '{\"code\":-5,\"data\":null,\"msg\":\"空指针异常\",\"path\":\"/anyUser/notify/callback\",\"extra\":null,\"timestamp\":\"1768312843076\",\"errorMsg\":\"Cannot invoke \\\"String.hashCode()\\\" because \\\"<local4>\\\" is null\",\"isSuccess\":false}', '2026-01-13 22:00:43.078', '2', NULL, NULL, '2026-01-13 22:00:43.083');
INSERT INTO `mdo_event_push_log` (`id`, `event_push_id`, `request_time`, `request_data`, `response_data`, `response_time`, `exec_status`, `error_msg`, `created_by`, `created_at`) VALUES (44862209012846602, 44862209012846601, '2026-01-13 22:28:57.836', '{\"biz_content\":\"44782344095972369\",\"app_key\":\"ruoyi-vue-oauth\",\"event_code\":\"org:edit\",\"format\":\"json\",\"sign\":\"gmauDP90rU5Dooj1aa708PHdC2vPK0/oZ1cHLpy97IrEfZyp4XE1VF3bouMQH7+Qk5WE9qlbaSH8NuLM+6GamkHyK5XD9Zhx0/h4vLHfmp9RHCmHHlZnAw2lkOy/JKktj3PSQsHawC9vMlBFA3jAY3xBRUtXQ07ONcmtXghHIbispiInEibHJBV9x6q4RFbCkieeqScF33TofmcB7cjDYLGkRLkEoCY98j3ytHvRBSxO4fFn7uTTmETXtITjn/mbsdA0+pizdjPl2REuULGYk9xUCsFlSpXZnZLGA79GfSdSuRxaH/5YygVeYh7WTwt9xva363CAeEb9WNCJ2oXI5w==\",\"sign_type\":\"RSA2\",\"timestamp\":\"2026-01-13 22:28:57\"}', NULL, '2026-01-13 22:29:23.080', '2', 'Read timed out', NULL, '2026-01-13 22:29:43.352');
INSERT INTO `mdo_event_push_log` (`id`, `event_push_id`, `request_time`, `request_data`, `response_data`, `response_time`, `exec_status`, `error_msg`, `created_by`, `created_at`) VALUES (44862209012846603, 44860564040371201, '2026-01-13 22:33:33.074', '{\"biz_content\":\"44782344095972369\",\"app_key\":\"ruoyi-vue-oauth\",\"event_code\":\"org:edit\",\"format\":\"json\",\"sign\":\"jbZCOQvaX5I2L84SvsKbnoRVymvQh4OGtg6f4BnipA0r2AwmKdmdhV/T3fzVkPeHNc+aCt5KqWuVH52p1QJ80ETAJTmHD3U0iB8sobZM/hlECXE0cfCniZ2BOWQtC8qxfL9twIOneGo/vKUjYXMPXqaJgNpIvBBwN2fruz0PgQYAHzaBiJ/xfUa0X5xVENPYULrZXkvEtyuXBQF1iu+k7bRnHExAX96/OkW1+BCyuRmY5rca7G66uk8xFNZmML5lEO0Pmhae1BGiyvpjG2Etol+LNnuHDyrbNd4kyuFq74HqIocdbA6JWSP8GJL1cvswYzxzln1zTimOHMQWCHiYZg==\",\"sign_type\":\"RSA2\",\"timestamp\":\"2026-01-13 22:33:33\"}', '{\"code\":-5,\"data\":null,\"msg\":\"空指针异常\",\"path\":\"/anyUser/notify/callback\",\"extra\":null,\"timestamp\":\"1768314817128\",\"errorMsg\":\"Cannot invoke \\\"String.hashCode()\\\" because \\\"<local4>\\\" is null\",\"isSuccess\":false}', '2026-01-13 22:33:37.130', '2', NULL, NULL, '2026-01-13 22:33:37.156');
INSERT INTO `mdo_event_push_log` (`id`, `event_push_id`, `request_time`, `request_data`, `response_data`, `response_time`, `exec_status`, `error_msg`, `created_by`, `created_at`) VALUES (44862209012846604, 44860564040371204, '2026-01-13 22:33:37.183', '{\"biz_content\":\"44782344095972369\",\"app_key\":\"ruoyi-vue-oauth\",\"event_code\":\"org:edit\",\"format\":\"json\",\"sign\":\"ZQGoLwJgCcRE7SdbWQN1a9ReXl/dEQ1Y0qpWDVlS730/gnEZfU4cDyxhQWZpSTMzCER6kgqdfSsgex3iEVugweGtrsnxGxjPlZlaii1+lSluue/S/qhHo487mxllbxgh4BTHbs1v16NFt9SZG9NwJmg163I339w8xm8AH2p3ZtQmMsbD3pkfHy20ZiCP+h4ciH/4OrPr7ECac1wx+N9zKB8EeD3YYZQi8HsluNRsdPu3EHUe5qmhNpJrmf6/9eGEOLLKZQ07dfd3OXtmHT+Qldk/GzBe9I4ds1f//p9nLCov/c8Q1UpwznKGituKn4CwPb5SNhpYomZTkZpJ/U9HgA==\",\"sign_type\":\"RSA2\",\"timestamp\":\"2026-01-13 22:33:37\"}', '{\"code\":-5,\"data\":null,\"msg\":\"空指针异常\",\"path\":\"/anyUser/notify/callback\",\"extra\":null,\"timestamp\":\"1768314817186\",\"errorMsg\":\"Cannot invoke \\\"String.hashCode()\\\" because \\\"<local4>\\\" is null\",\"isSuccess\":false}', '2026-01-13 22:33:37.188', '2', NULL, NULL, '2026-01-13 22:33:37.194');
INSERT INTO `mdo_event_push_log` (`id`, `event_push_id`, `request_time`, `request_data`, `response_data`, `response_time`, `exec_status`, `error_msg`, `created_by`, `created_at`) VALUES (44862209012846605, 44860564040371207, '2026-01-13 22:33:37.217', '{\"biz_content\":\"44782344095972369\",\"app_key\":\"ruoyi-vue-oauth\",\"event_code\":\"org:edit\",\"format\":\"json\",\"sign\":\"ZQGoLwJgCcRE7SdbWQN1a9ReXl/dEQ1Y0qpWDVlS730/gnEZfU4cDyxhQWZpSTMzCER6kgqdfSsgex3iEVugweGtrsnxGxjPlZlaii1+lSluue/S/qhHo487mxllbxgh4BTHbs1v16NFt9SZG9NwJmg163I339w8xm8AH2p3ZtQmMsbD3pkfHy20ZiCP+h4ciH/4OrPr7ECac1wx+N9zKB8EeD3YYZQi8HsluNRsdPu3EHUe5qmhNpJrmf6/9eGEOLLKZQ07dfd3OXtmHT+Qldk/GzBe9I4ds1f//p9nLCov/c8Q1UpwznKGituKn4CwPb5SNhpYomZTkZpJ/U9HgA==\",\"sign_type\":\"RSA2\",\"timestamp\":\"2026-01-13 22:33:37\"}', '{\"code\":-5,\"data\":null,\"msg\":\"空指针异常\",\"path\":\"/anyUser/notify/callback\",\"extra\":null,\"timestamp\":\"1768314817220\",\"errorMsg\":\"Cannot invoke \\\"String.hashCode()\\\" because \\\"<local4>\\\" is null\",\"isSuccess\":false}', '2026-01-13 22:33:37.221', '2', NULL, NULL, '2026-01-13 22:33:37.229');
INSERT INTO `mdo_event_push_log` (`id`, `event_push_id`, `request_time`, `request_data`, `response_data`, `response_time`, `exec_status`, `error_msg`, `created_by`, `created_at`) VALUES (44862209012846606, 44862209012846593, '2026-01-13 22:33:37.252', '{\"biz_content\":\"44782344095972369\",\"app_key\":\"ruoyi-vue-oauth\",\"event_code\":\"org:edit\",\"format\":\"json\",\"sign\":\"ZQGoLwJgCcRE7SdbWQN1a9ReXl/dEQ1Y0qpWDVlS730/gnEZfU4cDyxhQWZpSTMzCER6kgqdfSsgex3iEVugweGtrsnxGxjPlZlaii1+lSluue/S/qhHo487mxllbxgh4BTHbs1v16NFt9SZG9NwJmg163I339w8xm8AH2p3ZtQmMsbD3pkfHy20ZiCP+h4ciH/4OrPr7ECac1wx+N9zKB8EeD3YYZQi8HsluNRsdPu3EHUe5qmhNpJrmf6/9eGEOLLKZQ07dfd3OXtmHT+Qldk/GzBe9I4ds1f//p9nLCov/c8Q1UpwznKGituKn4CwPb5SNhpYomZTkZpJ/U9HgA==\",\"sign_type\":\"RSA2\",\"timestamp\":\"2026-01-13 22:33:37\"}', '{\"code\":-5,\"data\":null,\"msg\":\"空指针异常\",\"path\":\"/anyUser/notify/callback\",\"extra\":null,\"timestamp\":\"1768314817255\",\"errorMsg\":\"Cannot invoke \\\"String.hashCode()\\\" because \\\"<local4>\\\" is null\",\"isSuccess\":false}', '2026-01-13 22:33:37.257', '2', NULL, NULL, '2026-01-13 22:33:37.264');
INSERT INTO `mdo_event_push_log` (`id`, `event_push_id`, `request_time`, `request_data`, `response_data`, `response_time`, `exec_status`, `error_msg`, `created_by`, `created_at`) VALUES (44862209012846607, 44862209012846601, '2026-01-13 22:40:00.059', '{\"biz_content\":\"44782344095972369\",\"app_key\":\"ruoyi-vue-oauth\",\"event_code\":\"org:edit\",\"format\":\"json\",\"sign\":\"oPuLEmEJc+PGjp7cMKhvVMyCSqkg+AkUSML3qJJYXzrkupfd2QiqDwI2AHiEFPrjbaAn6VV2vOW3m9WjS2w0btm9Nn8xHwyyTju2RtnZ6KOv/zUd6QkaUxAaUEJX7V4KRL6zGqvXoa5Qg+3UPW3cxGewqOoA16y7sRd/jP+VCq1AVD3AiOgpAMATUAhHJ8P5BhTgzN6lqi21D5xaBQpryodojrpLE5C6CmkFlX0iYSYA6GCP3Ddo0XIHZMIaCczSrvASUiyLz8QksIAluVgzKzzECeWRtajAHeIkLjSxgvrk5/fhP9gJzzFxlLkE94IlwcFXJDy2swafrg+JZw/VAA==\",\"sign_type\":\"RSA2\",\"timestamp\":\"2026-01-13 22:40:00\"}', '{\"code\":-5,\"data\":null,\"msg\":\"空指针异常\",\"path\":\"/anyUser/notify/callback\",\"extra\":null,\"timestamp\":\"1768315200082\",\"errorMsg\":\"Cannot invoke \\\"String.hashCode()\\\" because \\\"<local4>\\\" is null\",\"isSuccess\":false}', '2026-01-13 22:40:00.085', '2', NULL, NULL, '2026-01-13 22:40:00.103');
INSERT INTO `mdo_event_push_log` (`id`, `event_push_id`, `request_time`, `request_data`, `response_data`, `response_time`, `exec_status`, `error_msg`, `created_by`, `created_at`) VALUES (44862209012846608, 44862209012846601, '2026-01-13 22:56:00.149', '{\"biz_content\":\"44782344095972369\",\"app_key\":\"ruoyi-vue-oauth\",\"event_code\":\"org:edit\",\"format\":\"json\",\"sign\":\"zI0nVJAabdsiQmX9vthJlznVVQwTck3tQ8OnEjs2Zapr+ju9adPB/LKqEwdjBSATN1n96n5KZUFlCXUBTA0TJpBcVuZXtuDmTJ6FJ00yDKf2Cf/nDVyNNcwojG9E3aciK6sOKlqXKnodm3Adb5+cZSLoMuat2NdoBTkbBRZ76HOmxqAHxed6cfUILXkHa/kw/75NDupWDSA/T7x3r6XiA02jQCuP7DEkFvM/yCCJLDg9WeKhYkY5uDTHdcZVroI0o9qn1EqPgVL6774FXkpYSVFIdGd6bEgrKwKoetRJ9rWkrhkTpQio/pDekmuk2JT54jIrlB+4v6PiERR0H0vOzg==\",\"sign_type\":\"RSA2\",\"timestamp\":\"2026-01-13 22:56:00\"}', '{\"code\":-5,\"data\":null,\"msg\":\"空指针异常\",\"path\":\"/anyUser/notify/callback\",\"extra\":null,\"timestamp\":\"1768316160163\",\"errorMsg\":\"Cannot invoke \\\"String.hashCode()\\\" because \\\"<local4>\\\" is null\",\"isSuccess\":false}', '2026-01-13 22:56:00.167', '2', NULL, NULL, '2026-01-13 22:56:00.183');
INSERT INTO `mdo_event_push_log` (`id`, `event_push_id`, `request_time`, `request_data`, `response_data`, `response_time`, `exec_status`, `error_msg`, `created_by`, `created_at`) VALUES (44887149887935488, 44860564040371201, '2026-01-13 23:08:00.117', '{\"charset\":\"utf8\",\"biz_content\":\"44782344095972369\",\"app_key\":\"ruoyi-vue-oauth\",\"method\":\"org:edit\",\"format\":\"json\",\"sign\":\"MnSpjx+yodniVYafljcW9U5e+TqFdEAJQYxFLUOmYUyjL98kLOWBqOYJcUks4/rX/qFqGr/RLo7K3Ow686S/i+tXVe99YoxYiUyCbSLkZn1lZaC23VBMXpIzqGkb1PQoYEJa9hoim85y56k3PUdw4xQ/A1Q7AbC3+zL3iv7fIlgrc4dtB+RRLlhxuE1VYFUzbKS1ThiKy7cyMxYjzB4SrToiYhP6lkS9Bv60uIcj5QAhSCatA3OQzGswrypiVq+SGf7ydjdYUKU5e9poRTZ+p/8y3UkJQjY4qPZWQ2uszo5kZCYAv/qdRglsyTdp9KvyhGz00Ffo1hiARjjXauHZqg==\",\"type\":\"EVENT_PUSH\",\"sign_type\":\"RSA2\",\"timestamp\":\"2026-01-13 23:08:00\"}', '{\"code\":-1,\"data\":null,\"msg\":\"系统繁忙~请稍后再试~\",\"path\":\"/anyUser/notify/callback\",\"extra\":null,\"timestamp\":\"1768316880309\",\"errorMsg\":\"offset 1, character 4, line 1, column 1, fastjson-version 2.0.59 44782344095972369\",\"isSuccess\":false}', '2026-01-13 23:08:00.348', '3', NULL, NULL, '2026-01-13 23:08:00.388');
INSERT INTO `mdo_event_push_log` (`id`, `event_push_id`, `request_time`, `request_data`, `response_data`, `response_time`, `exec_status`, `error_msg`, `created_by`, `created_at`) VALUES (44887149887935489, 44860564040371204, '2026-01-13 23:08:00.419', '{\"charset\":\"utf8\",\"biz_content\":\"44782344095972369\",\"app_key\":\"ruoyi-vue-oauth\",\"method\":\"org:edit\",\"format\":\"json\",\"sign\":\"MnSpjx+yodniVYafljcW9U5e+TqFdEAJQYxFLUOmYUyjL98kLOWBqOYJcUks4/rX/qFqGr/RLo7K3Ow686S/i+tXVe99YoxYiUyCbSLkZn1lZaC23VBMXpIzqGkb1PQoYEJa9hoim85y56k3PUdw4xQ/A1Q7AbC3+zL3iv7fIlgrc4dtB+RRLlhxuE1VYFUzbKS1ThiKy7cyMxYjzB4SrToiYhP6lkS9Bv60uIcj5QAhSCatA3OQzGswrypiVq+SGf7ydjdYUKU5e9poRTZ+p/8y3UkJQjY4qPZWQ2uszo5kZCYAv/qdRglsyTdp9KvyhGz00Ffo1hiARjjXauHZqg==\",\"type\":\"EVENT_PUSH\",\"sign_type\":\"RSA2\",\"timestamp\":\"2026-01-13 23:08:00\"}', '{\"code\":-1,\"data\":null,\"msg\":\"系统繁忙~请稍后再试~\",\"path\":\"/anyUser/notify/callback\",\"extra\":null,\"timestamp\":\"1768316880426\",\"errorMsg\":\"offset 1, character 4, line 1, column 1, fastjson-version 2.0.59 44782344095972369\",\"isSuccess\":false}', '2026-01-13 23:08:00.428', '3', NULL, NULL, '2026-01-13 23:08:00.437');
INSERT INTO `mdo_event_push_log` (`id`, `event_push_id`, `request_time`, `request_data`, `response_data`, `response_time`, `exec_status`, `error_msg`, `created_by`, `created_at`) VALUES (44887149887935490, 44860564040371207, '2026-01-13 23:08:00.462', '{\"charset\":\"utf8\",\"biz_content\":\"44782344095972369\",\"app_key\":\"ruoyi-vue-oauth\",\"method\":\"org:edit\",\"format\":\"json\",\"sign\":\"MnSpjx+yodniVYafljcW9U5e+TqFdEAJQYxFLUOmYUyjL98kLOWBqOYJcUks4/rX/qFqGr/RLo7K3Ow686S/i+tXVe99YoxYiUyCbSLkZn1lZaC23VBMXpIzqGkb1PQoYEJa9hoim85y56k3PUdw4xQ/A1Q7AbC3+zL3iv7fIlgrc4dtB+RRLlhxuE1VYFUzbKS1ThiKy7cyMxYjzB4SrToiYhP6lkS9Bv60uIcj5QAhSCatA3OQzGswrypiVq+SGf7ydjdYUKU5e9poRTZ+p/8y3UkJQjY4qPZWQ2uszo5kZCYAv/qdRglsyTdp9KvyhGz00Ffo1hiARjjXauHZqg==\",\"type\":\"EVENT_PUSH\",\"sign_type\":\"RSA2\",\"timestamp\":\"2026-01-13 23:08:00\"}', '{\"code\":-1,\"data\":null,\"msg\":\"系统繁忙~请稍后再试~\",\"path\":\"/anyUser/notify/callback\",\"extra\":null,\"timestamp\":\"1768316880467\",\"errorMsg\":\"offset 1, character 4, line 1, column 1, fastjson-version 2.0.59 44782344095972369\",\"isSuccess\":false}', '2026-01-13 23:08:00.469', '3', NULL, NULL, '2026-01-13 23:08:00.475');
INSERT INTO `mdo_event_push_log` (`id`, `event_push_id`, `request_time`, `request_data`, `response_data`, `response_time`, `exec_status`, `error_msg`, `created_by`, `created_at`) VALUES (44887149887935491, 44862209012846593, '2026-01-13 23:08:00.500', '{\"charset\":\"utf8\",\"biz_content\":\"44782344095972369\",\"app_key\":\"ruoyi-vue-oauth\",\"method\":\"org:edit\",\"format\":\"json\",\"sign\":\"MnSpjx+yodniVYafljcW9U5e+TqFdEAJQYxFLUOmYUyjL98kLOWBqOYJcUks4/rX/qFqGr/RLo7K3Ow686S/i+tXVe99YoxYiUyCbSLkZn1lZaC23VBMXpIzqGkb1PQoYEJa9hoim85y56k3PUdw4xQ/A1Q7AbC3+zL3iv7fIlgrc4dtB+RRLlhxuE1VYFUzbKS1ThiKy7cyMxYjzB4SrToiYhP6lkS9Bv60uIcj5QAhSCatA3OQzGswrypiVq+SGf7ydjdYUKU5e9poRTZ+p/8y3UkJQjY4qPZWQ2uszo5kZCYAv/qdRglsyTdp9KvyhGz00Ffo1hiARjjXauHZqg==\",\"type\":\"EVENT_PUSH\",\"sign_type\":\"RSA2\",\"timestamp\":\"2026-01-13 23:08:00\"}', '{\"code\":-1,\"data\":null,\"msg\":\"系统繁忙~请稍后再试~\",\"path\":\"/anyUser/notify/callback\",\"extra\":null,\"timestamp\":\"1768316880504\",\"errorMsg\":\"offset 1, character 4, line 1, column 1, fastjson-version 2.0.59 44782344095972369\",\"isSuccess\":false}', '2026-01-13 23:08:00.506', '3', NULL, NULL, '2026-01-13 23:08:00.514');
INSERT INTO `mdo_event_push_log` (`id`, `event_push_id`, `request_time`, `request_data`, `response_data`, `response_time`, `exec_status`, `error_msg`, `created_by`, `created_at`) VALUES (44890431242951682, 44890431242951681, '2026-01-13 23:18:21.751', '{\"charset\":\"utf8\",\"biz_content\":\"44782344095972369\",\"app_key\":\"ruoyi-vue-oauth\",\"method\":\"org:edit\",\"format\":\"json\",\"sign\":\"mODTaMqcL+jmzKexcJd/WTglMt0pNfGlQ8gLN/lwrchHB14pDFx5vbRamkGtQWdxxb8GssD4Ry/BqesG7jTyPu4y2seDpVWoCDkcxJf0NMClAvtGrCPwTmL1y5WAG2r8PbU1FAhwnU+oPwxqimBHGkqnscqi+9VKDROY3TkxvFcDOLKL5RhkIbFM23TRJuY7MkU1zeDHEYuK7T8ddcJJrNVORtVlFskFrG76uJi4aDtxlM3ABIjr4pqCjqPvk73LWD62euCo+8+xJuuPhzYicHlimHtKcteyMp5zaCy49hEOEWZ/rsCdTXQAyBerhT8666/gyZwoeDpDtvBpM7cHqw==\",\"type\":\"EVENT_PUSH\",\"sign_type\":\"RSA2\",\"timestamp\":\"2026-01-13 23:18:21\"}', '{\"code\":-1,\"data\":null,\"msg\":\"系统繁忙~请稍后再试~\",\"path\":\"/anyUser/notify/callback\",\"extra\":null,\"timestamp\":\"1768317501786\",\"errorMsg\":\"offset 1, character 4, line 1, column 1, fastjson-version 2.0.59 44782344095972369\",\"isSuccess\":false}', '2026-01-13 23:18:21.802', '2', NULL, NULL, '2026-01-13 23:18:21.825');
INSERT INTO `mdo_event_push_log` (`id`, `event_push_id`, `request_time`, `request_data`, `response_data`, `response_time`, `exec_status`, `error_msg`, `created_by`, `created_at`) VALUES (44890431242951685, 44890431242951684, '2026-01-13 23:19:55.888', '{\"charset\":\"utf8\",\"biz_content\":\"44782344095972369\",\"app_key\":\"ruoyi-vue-oauth\",\"method\":\"org:edit\",\"format\":\"json\",\"sign\":\"jT0zixGbNLlJBoU3iGWa8g0Qu/vg82d2pkGZ7G+94v+/0tOZke1nBQXPXcJqlXW+vKjkSFoWlV5ICONidVKD0MGTc9uH5AOIMYwrntzbNaMwo/6mY3qtStMWHoQEX4RbrV2nqTJU3O6hVnia3/Dv/NytOSyA3tOwnbDQk8+i13jQq7gNA7YxOL7QM8I4VMxUMnrbmRR+zC23AVJtp9J4dycLCTsVUIoJJj+DzZAiITtn0k6Id3H81A9iPnPTXCCM5DnBpiszEkE8+U6CmxurpDoE3buwHLA4kB/F4vFbVSnpC0r/cY8APH7uDaZfWyIj3ojEg9ltL0p4wB/plZT4Zw==\",\"type\":\"EVENT_PUSH\",\"sign_type\":\"RSA2\",\"timestamp\":\"2026-01-13 23:19:55\"}', '{\"code\":-1,\"data\":null,\"msg\":\"系统繁忙~请稍后再试~\",\"path\":\"/anyUser/notify/callback\",\"extra\":null,\"timestamp\":\"1768317595894\",\"errorMsg\":\"offset 1, character 4, line 1, column 1, fastjson-version 2.0.59 44782344095972369\",\"isSuccess\":false}', '2026-01-13 23:20:15.160', '2', NULL, NULL, '2026-01-13 23:20:24.507');
INSERT INTO `mdo_event_push_log` (`id`, `event_push_id`, `request_time`, `request_data`, `response_data`, `response_time`, `exec_status`, `error_msg`, `created_by`, `created_at`) VALUES (44890431242951688, 44890431242951687, '2026-01-13 23:21:44.238', '{\"charset\":\"utf8\",\"biz_content\":\"44782344095972369\",\"app_key\":\"ruoyi-vue-oauth\",\"method\":\"org:edit\",\"format\":\"json\",\"sign\":\"A5mOVaGpPOJ8MFIe8LiAmC8YK19kl2XE1wgGN06kRxQOh2TPS+VlFQWkIOkx8uineExb7t9g5x/0lZDjcZvFOYVGgpIzqCczu37iHWd07ypfaxUax7AmTYksVRuFeBm/t9YC9NDjBj4gP5W0ml1290+V+R+2vj7YxialQJYNhfRKlfKkRUj5EXzXZYGrt4Dbf3nX8LpwifTa9sBVR2unt37Ju8VP/WpaDwYTZqe0M+sOR+KWH//O9iybimaEnGQ6BfzltN75RokZJGLxFF9BoPiO2F1WLRk794mBkUOuD6Fz8if6Zuvjdb9AKFvex7aS/CtF57iIJR/hGDDu2TlS5g==\",\"type\":\"EVENT_PUSH\",\"sign_type\":\"RSA2\",\"timestamp\":\"2026-01-13 23:21:44\"}', NULL, '2026-01-13 23:21:50.447', '2', 'Read timed out', NULL, '2026-01-13 23:22:18.894');
INSERT INTO `mdo_event_push_log` (`id`, `event_push_id`, `request_time`, `request_data`, `response_data`, `response_time`, `exec_status`, `error_msg`, `created_by`, `created_at`) VALUES (44890431242951691, 44890431242951690, '2026-01-13 23:22:50.315', '{\"charset\":\"utf8\",\"biz_content\":\"44782344095972369\",\"app_key\":\"ruoyi-vue-oauth\",\"method\":\"org:edit\",\"format\":\"json\",\"sign\":\"FiLrKz1gE6GDzpwMKgnlvgoP3SCjdRHyGkMp5ZWdAnxjXJ+tLzszISo7QJP81IkD+AkgoV7leTUh5Lj4wNzvBXPY3pswj7E0fQdfoGdKnmPV5a0Y0ZXKDqBpaWD2BE2/2/WJJ/5Tr7bKhQH3BGb231G9j1/Gn4ioBUVeVOy2r1Mvb9v+iP/wSZYv8mVtYFZZE/+cI7/nJ5zcki9ai5BX+99C/deklpu+Yx8te4Yoe3x9oez1NNuXGqlMSG/jFIEifjWAWuA+6CK6/Xbe1y0AVXBBoeDIaiy04QRz4+FF2lADND9SZQtJVomyXUrI7o5y+BkoN6/4Wm9GSZCJ/3BA9w==\",\"type\":\"EVENT_PUSH\",\"sign_type\":\"RSA2\",\"timestamp\":\"2026-01-13 23:22:50\"}', '{\"code\":-1,\"data\":null,\"msg\":\"系统繁忙~请稍后再试~\",\"path\":\"/anyUser/notify/callback\",\"extra\":null,\"timestamp\":\"1768317770320\",\"errorMsg\":\"offset 1, character 4, line 1, column 1, fastjson-version 2.0.59 44782344095972369\",\"isSuccess\":false}', '2026-01-13 23:22:52.170', '2', NULL, NULL, '2026-01-13 23:23:48.158');
INSERT INTO `mdo_event_push_log` (`id`, `event_push_id`, `request_time`, `request_data`, `response_data`, `response_time`, `exec_status`, `error_msg`, `created_by`, `created_at`) VALUES (44890431242951692, 44890431242951681, '2026-01-13 23:24:00.037', '{\"charset\":\"utf8\",\"biz_content\":\"44782344095972369\",\"app_key\":\"ruoyi-vue-oauth\",\"method\":\"org:edit\",\"format\":\"json\",\"sign\":\"H4XbJxPwyAXE7aK28PN/8zgET9FFUy+wIC948beOGIEZCrJatl5dyGPn7NVw33B/MNljkfVm/lemdPyqRhIt3wvKBV9O/ZTXr9y0V6WAMQGSEoSe7ovsmJdOQFfdaKOuSS5TsAQEuFoNO8EA3pg92DryTfmSE62oJRdTfCjLVEvBngDXSFlNRKioVABgh6A3odAUziA/47bxBJG2lzG9aalW4wHLSamJ3Uuw68L2zQvwbpoKCMhoYvAdrBd/z1t+c+JIGOphRCVoZ6WNcAs9nAuETYMpUVIy3JD3Myo7JIz86WqcRzJOlRSAhx9WdbZf5+vK71qAWZJa+RcTdNqO+w==\",\"type\":\"EVENT_PUSH\",\"sign_type\":\"RSA2\",\"timestamp\":\"2026-01-13 23:24:00\"}', '{\"code\":-1,\"data\":null,\"msg\":\"系统繁忙~请稍后再试~\",\"path\":\"/anyUser/notify/callback\",\"extra\":null,\"timestamp\":\"1768317840041\",\"errorMsg\":\"offset 1, character 4, line 1, column 1, fastjson-version 2.0.59 44782344095972369\",\"isSuccess\":false}', '2026-01-13 23:24:02.209', '2', NULL, NULL, '2026-01-13 23:24:02.224');
INSERT INTO `mdo_event_push_log` (`id`, `event_push_id`, `request_time`, `request_data`, `response_data`, `response_time`, `exec_status`, `error_msg`, `created_by`, `created_at`) VALUES (44890431242951695, 44890431242951694, '2026-01-13 23:25:40.985', '{\"charset\":\"utf8\",\"biz_content\":\"44782344095972369\",\"app_key\":\"ruoyi-vue-oauth\",\"method\":\"org:edit\",\"format\":\"json\",\"sign\":\"YCgAwD1ux6c909c8Kx9oiezAz575YoPX72NnwqGETcMmFcxlzj62q0azcIdGnxpyiq52mlcsLeD2AF/lPl9t9XY+toZJxeto51n7X46Eiiw2KD/4SqzscIctVcSc6h4N7AaKlfwuyvDca+wHTlue2NMe2K0Zjnub189neISOD0bvzMKtQ2+aBvVrMpwFLoA+Egz8alqBgr2zb9lIuYQ4OOe3vXcT73+UG6QFhTvGb59aP708iYLcnDzkpf5ZVgW4eYSoyhWFG24OQLG4Q4fZPGrXzK7w6YONulr3LFRfOC8e5He4n5TWZaWNp1g4forLnHIBJxn33ImjifP6WCJRTg==\",\"type\":\"EVENT_PUSH\",\"sign_type\":\"RSA2\",\"timestamp\":\"2026-01-13 23:25:40\"}', NULL, '2026-01-13 23:25:46.288', '2', 'Read timed out', NULL, '2026-01-13 23:26:05.476');
INSERT INTO `mdo_event_push_log` (`id`, `event_push_id`, `request_time`, `request_data`, `response_data`, `response_time`, `exec_status`, `error_msg`, `created_by`, `created_at`) VALUES (44890431242951698, 44890431242951697, '2026-01-13 23:26:48.569', '{\"charset\":\"utf8\",\"biz_content\":\"44782344095972369\",\"app_key\":\"ruoyi-vue-oauth\",\"method\":\"org:edit\",\"format\":\"json\",\"sign\":\"WesETUhw0k9xzn4MOYTrKSH7MfPJCFh0lc7GWcZvvsXZFNPz0TIXnWlKt8KykhGk9o3Fr3Vb5VmgNz9pIYqbKct5gFBAx7JZolzR4cWaqkV3japCmoF/wZlh30G0UFSvQEffywuXzJA8hNobM5YwU2MCJzHTvZhZf1yrPjhLOyjCYgK9184oYXOLDqu8/HaFQ2APMKy5bnOz4NrzSpLQFZEO3gN6uEGgzYSYKvGEZZX3uL6kBcQtZA3SHJPYM2w29740I8aBfRuAWzg/05679fcoQcAETIfeqfFk3ope3hny4MwYeIxwsu/pZUqmcwgvigO+2a0MJwokaE16tvNrzQ==\",\"type\":\"EVENT_PUSH\",\"sign_type\":\"RSA2\",\"timestamp\":\"2026-01-13 23:26:48\"}', 'success', '2026-01-13 23:26:48.582', '2', 'illegal fieldName input 115, offset 1, character s, line 1, column 1, fastjson-version 2.0.59 success', NULL, '2026-01-13 23:26:48.590');
INSERT INTO `mdo_event_push_log` (`id`, `event_push_id`, `request_time`, `request_data`, `response_data`, `response_time`, `exec_status`, `error_msg`, `created_by`, `created_at`) VALUES (44890431242951701, 44890431242951700, '2026-01-13 23:27:21.851', '{\"charset\":\"utf8\",\"biz_content\":\"44782344095972369\",\"app_key\":\"ruoyi-vue-oauth\",\"method\":\"org:edit\",\"format\":\"json\",\"sign\":\"sJglqDogy8H08LVIAdYupJJSJ32wytr6WSmGBtmlWAOQ+QOTU2J6l8Gh0dv8uL3U/33ipJmiotmzvhHUxd6DAweA/YBDC3J2NAWtloPwGXq5RfbZEnU44R1zdkIw6W5/nZw+kq3xcOrfEKWTePBsemZHhDJClKT6HoaqtwMJoIh1nWF8YMYupbmBprabiRLEy26AP6X3ogg5jVz1V/8cZinHEBeHxi1eONi6PS49s+tmT5eSajsIjxtTYTd9ipGQcBmIZh6jVHZZdLnrSsT5zXwSSeVuocJJOtbKjSlnUuu+YpyCoqU7veLBf2joIJ4qVjgiGfBTnUXZHt1rJAyV3w==\",\"type\":\"EVENT_PUSH\",\"sign_type\":\"RSA2\",\"timestamp\":\"2026-01-13 23:27:21\"}', 'success', '2026-01-13 23:27:21.859', '2', 'illegal fieldName input 115, offset 1, character s, line 1, column 1, fastjson-version 2.0.59 success', NULL, '2026-01-13 23:29:30.945');
INSERT INTO `mdo_event_push_log` (`id`, `event_push_id`, `request_time`, `request_data`, `response_data`, `response_time`, `exec_status`, `error_msg`, `created_by`, `created_at`) VALUES (44890431242951704, 44890431242951703, '2026-01-13 23:30:47.585', '{\"charset\":\"utf8\",\"biz_content\":\"44782344095972369\",\"app_key\":\"ruoyi-vue-oauth\",\"method\":\"org:edit\",\"format\":\"json\",\"sign\":\"mCX8+FXCTo1uD/sBqlxSYhoRSfkJ61HL97ZuSM1CsMhbPGeuHQP7ydd2NsAnzVWlzsPnWNYA4TYlSSxKW00iqayd3tWXsdhTo6O4Uo4aZsj3K9Owu8G1iAKUtiXopAyHc0qSz0abZEE8oVsEj1YNl6EPrv9PiCBbfuTpiyXAOufqnURcvLsNCfuNIWv1ol08F2m34imzq/Qdtofx+K68bkemSIp7BQzS+CqJBIvsi80AXwhuSYr6mhKCXmh7eKdSMe/+ntymXJH9P0C30GW9H/3Js3DT6YnJo5g+vplH+uzoRPykCABD4YOdKcDIGLOYkhLL2lISn2vq0Ozu8G/zmQ==\",\"type\":\"EVENT_PUSH\",\"sign_type\":\"RSA2\",\"timestamp\":\"2026-01-13 23:30:47\"}', 'success', '2026-01-13 23:30:47.591', '2', '返回值格式错误，无法解析为 ApiResponse.class，请返回正确格式： {\"code\": \"0\", \"msg\": \"\" }', NULL, '2026-01-13 23:30:47.605');
INSERT INTO `mdo_event_push_log` (`id`, `event_push_id`, `request_time`, `request_data`, `response_data`, `response_time`, `exec_status`, `error_msg`, `created_by`, `created_at`) VALUES (44890431242951705, 44862209012846601, '2026-01-13 23:32:00.032', '{\"charset\":\"utf8\",\"biz_content\":\"44782344095972369\",\"app_key\":\"ruoyi-vue-oauth\",\"method\":\"org:edit\",\"format\":\"json\",\"sign\":\"MfmC8uKiQ5AsuXdnHLNQh1ON/hoT0ch0u0Yhm5hSqS43yBnZfheF+XWHpVNzXGEbocFe5hhMUSWSrqhoMCrHfx/pbt1HVTd93E4gzNyiEyRSTLQtWAOiX2iQcKlNf3ASUHLSOzclrxz9rnUgbUa1RE/er9I4QZWjRPP4ugEEK/tyi6VcNHlnYjrCF4PBh8yRSxZGyEG6zeniNc5gwn2amW/neVYCErx6YvhvyJwernzHFCbBiVOotw2XpGIoT2mf2iADMdhai5vcNGFVrxbZ6CgXNRGGrielTXW0GQyjDQkLu8tyifcQTEOdVyhCPC6g56tH5S4xCseY9NeESyO7dQ==\",\"type\":\"EVENT_PUSH\",\"sign_type\":\"RSA2\",\"timestamp\":\"2026-01-13 23:32:00\"}', 'success', '2026-01-13 23:32:00.038', '3', '返回值格式错误，无法解析为 ApiResponse.class，请返回正确格式： {\"code\": \"0\", \"msg\": \"\" }', NULL, '2026-01-13 23:32:00.059');
INSERT INTO `mdo_event_push_log` (`id`, `event_push_id`, `request_time`, `request_data`, `response_data`, `response_time`, `exec_status`, `error_msg`, `created_by`, `created_at`) VALUES (44890431242951706, 44890431242951684, '2026-01-13 23:32:00.101', '{\"charset\":\"utf8\",\"biz_content\":\"44782344095972369\",\"app_key\":\"ruoyi-vue-oauth\",\"method\":\"org:edit\",\"format\":\"json\",\"sign\":\"MfmC8uKiQ5AsuXdnHLNQh1ON/hoT0ch0u0Yhm5hSqS43yBnZfheF+XWHpVNzXGEbocFe5hhMUSWSrqhoMCrHfx/pbt1HVTd93E4gzNyiEyRSTLQtWAOiX2iQcKlNf3ASUHLSOzclrxz9rnUgbUa1RE/er9I4QZWjRPP4ugEEK/tyi6VcNHlnYjrCF4PBh8yRSxZGyEG6zeniNc5gwn2amW/neVYCErx6YvhvyJwernzHFCbBiVOotw2XpGIoT2mf2iADMdhai5vcNGFVrxbZ6CgXNRGGrielTXW0GQyjDQkLu8tyifcQTEOdVyhCPC6g56tH5S4xCseY9NeESyO7dQ==\",\"type\":\"EVENT_PUSH\",\"sign_type\":\"RSA2\",\"timestamp\":\"2026-01-13 23:32:00\"}', 'success', '2026-01-13 23:32:00.107', '2', '返回值格式错误，无法解析为 ApiResponse.class，请返回正确格式： {\"code\": \"0\", \"msg\": \"\" }', NULL, '2026-01-13 23:32:00.115');
INSERT INTO `mdo_event_push_log` (`id`, `event_push_id`, `request_time`, `request_data`, `response_data`, `response_time`, `exec_status`, `error_msg`, `created_by`, `created_at`) VALUES (44890431242951707, 44890431242951687, '2026-01-13 23:32:00.136', '{\"charset\":\"utf8\",\"biz_content\":\"44782344095972369\",\"app_key\":\"ruoyi-vue-oauth\",\"method\":\"org:edit\",\"format\":\"json\",\"sign\":\"MfmC8uKiQ5AsuXdnHLNQh1ON/hoT0ch0u0Yhm5hSqS43yBnZfheF+XWHpVNzXGEbocFe5hhMUSWSrqhoMCrHfx/pbt1HVTd93E4gzNyiEyRSTLQtWAOiX2iQcKlNf3ASUHLSOzclrxz9rnUgbUa1RE/er9I4QZWjRPP4ugEEK/tyi6VcNHlnYjrCF4PBh8yRSxZGyEG6zeniNc5gwn2amW/neVYCErx6YvhvyJwernzHFCbBiVOotw2XpGIoT2mf2iADMdhai5vcNGFVrxbZ6CgXNRGGrielTXW0GQyjDQkLu8tyifcQTEOdVyhCPC6g56tH5S4xCseY9NeESyO7dQ==\",\"type\":\"EVENT_PUSH\",\"sign_type\":\"RSA2\",\"timestamp\":\"2026-01-13 23:32:00\"}', 'success', '2026-01-13 23:32:00.142', '2', '返回值格式错误，无法解析为 ApiResponse.class，请返回正确格式： {\"code\": \"0\", \"msg\": \"\" }', NULL, '2026-01-13 23:32:00.149');
INSERT INTO `mdo_event_push_log` (`id`, `event_push_id`, `request_time`, `request_data`, `response_data`, `response_time`, `exec_status`, `error_msg`, `created_by`, `created_at`) VALUES (44890431242951708, 44890431242951690, '2026-01-13 23:32:00.171', '{\"charset\":\"utf8\",\"biz_content\":\"44782344095972369\",\"app_key\":\"ruoyi-vue-oauth\",\"method\":\"org:edit\",\"format\":\"json\",\"sign\":\"MfmC8uKiQ5AsuXdnHLNQh1ON/hoT0ch0u0Yhm5hSqS43yBnZfheF+XWHpVNzXGEbocFe5hhMUSWSrqhoMCrHfx/pbt1HVTd93E4gzNyiEyRSTLQtWAOiX2iQcKlNf3ASUHLSOzclrxz9rnUgbUa1RE/er9I4QZWjRPP4ugEEK/tyi6VcNHlnYjrCF4PBh8yRSxZGyEG6zeniNc5gwn2amW/neVYCErx6YvhvyJwernzHFCbBiVOotw2XpGIoT2mf2iADMdhai5vcNGFVrxbZ6CgXNRGGrielTXW0GQyjDQkLu8tyifcQTEOdVyhCPC6g56tH5S4xCseY9NeESyO7dQ==\",\"type\":\"EVENT_PUSH\",\"sign_type\":\"RSA2\",\"timestamp\":\"2026-01-13 23:32:00\"}', 'success', '2026-01-13 23:32:00.176', '2', '返回值格式错误，无法解析为 ApiResponse.class，请返回正确格式： {\"code\": \"0\", \"msg\": \"\" }', NULL, '2026-01-13 23:32:00.183');
INSERT INTO `mdo_event_push_log` (`id`, `event_push_id`, `request_time`, `request_data`, `response_data`, `response_time`, `exec_status`, `error_msg`, `created_by`, `created_at`) VALUES (44890431242951709, 44890431242951694, '2026-01-13 23:32:00.207', '{\"charset\":\"utf8\",\"biz_content\":\"44782344095972369\",\"app_key\":\"ruoyi-vue-oauth\",\"method\":\"org:edit\",\"format\":\"json\",\"sign\":\"MfmC8uKiQ5AsuXdnHLNQh1ON/hoT0ch0u0Yhm5hSqS43yBnZfheF+XWHpVNzXGEbocFe5hhMUSWSrqhoMCrHfx/pbt1HVTd93E4gzNyiEyRSTLQtWAOiX2iQcKlNf3ASUHLSOzclrxz9rnUgbUa1RE/er9I4QZWjRPP4ugEEK/tyi6VcNHlnYjrCF4PBh8yRSxZGyEG6zeniNc5gwn2amW/neVYCErx6YvhvyJwernzHFCbBiVOotw2XpGIoT2mf2iADMdhai5vcNGFVrxbZ6CgXNRGGrielTXW0GQyjDQkLu8tyifcQTEOdVyhCPC6g56tH5S4xCseY9NeESyO7dQ==\",\"type\":\"EVENT_PUSH\",\"sign_type\":\"RSA2\",\"timestamp\":\"2026-01-13 23:32:00\"}', 'success', '2026-01-13 23:32:00.212', '2', '返回值格式错误，无法解析为 ApiResponse.class，请返回正确格式： {\"code\": \"0\", \"msg\": \"\" }', NULL, '2026-01-13 23:32:00.219');
INSERT INTO `mdo_event_push_log` (`id`, `event_push_id`, `request_time`, `request_data`, `response_data`, `response_time`, `exec_status`, `error_msg`, `created_by`, `created_at`) VALUES (44890431242951710, 44890431242951697, '2026-01-13 23:32:00.242', '{\"charset\":\"utf8\",\"biz_content\":\"44782344095972369\",\"app_key\":\"ruoyi-vue-oauth\",\"method\":\"org:edit\",\"format\":\"json\",\"sign\":\"MfmC8uKiQ5AsuXdnHLNQh1ON/hoT0ch0u0Yhm5hSqS43yBnZfheF+XWHpVNzXGEbocFe5hhMUSWSrqhoMCrHfx/pbt1HVTd93E4gzNyiEyRSTLQtWAOiX2iQcKlNf3ASUHLSOzclrxz9rnUgbUa1RE/er9I4QZWjRPP4ugEEK/tyi6VcNHlnYjrCF4PBh8yRSxZGyEG6zeniNc5gwn2amW/neVYCErx6YvhvyJwernzHFCbBiVOotw2XpGIoT2mf2iADMdhai5vcNGFVrxbZ6CgXNRGGrielTXW0GQyjDQkLu8tyifcQTEOdVyhCPC6g56tH5S4xCseY9NeESyO7dQ==\",\"type\":\"EVENT_PUSH\",\"sign_type\":\"RSA2\",\"timestamp\":\"2026-01-13 23:32:00\"}', 'success', '2026-01-13 23:32:00.247', '2', '返回值格式错误，无法解析为 ApiResponse.class，请返回正确格式： {\"code\": \"0\", \"msg\": \"\" }', NULL, '2026-01-13 23:32:00.254');
INSERT INTO `mdo_event_push_log` (`id`, `event_push_id`, `request_time`, `request_data`, `response_data`, `response_time`, `exec_status`, `error_msg`, `created_by`, `created_at`) VALUES (44890431242951711, 44890431242951700, '2026-01-13 23:40:00.042', '{\"charset\":\"utf8\",\"biz_content\":\"44782344095972369\",\"app_key\":\"ruoyi-vue-oauth\",\"method\":\"org:edit\",\"format\":\"json\",\"sign\":\"CJ0qitUy9+VFU4/tMXGTulnjIs6NbrkavPJPigjrH4BcLe7zU+VD5Y7lozEDDVK+11Tm2w3/UoMslSLOKFbC6N0EFWY5FA9vV504haXh2ElGslIKmNm5q7IHjvYKtXwkHaAzQsGdX2Kq8rEctTO9v+5ez6BYH+U23ZI4oDc5C8kAeip6p+MOCrcD3AQbQf6dbQZQ1HnD97lNSdoMKyWhNapfE2RoOBuEPfXP25O5FIzXA4U4HHefLxpZsQJRmkbu/SjKmJNfJOStr0d1N0yt8dPONhDGGdZdEt1LNI4xOhX6z82sGYSC3qo4IQESp5vzHOerq/oc8URAzVsKSs8ydA==\",\"type\":\"EVENT_PUSH\",\"sign_type\":\"RSA2\",\"timestamp\":\"2026-01-13 23:40:00\"}', 'success', '2026-01-13 23:40:00.051', '2', '返回值格式错误，无法解析为 ApiResponse.class，请返回正确格式： {\"code\": \"0\", \"msg\": \"\" }', NULL, '2026-01-13 23:40:00.095');
INSERT INTO `mdo_event_push_log` (`id`, `event_push_id`, `request_time`, `request_data`, `response_data`, `response_time`, `exec_status`, `error_msg`, `created_by`, `created_at`) VALUES (44890431242951712, 44890431242951703, '2026-01-13 23:40:00.131', '{\"charset\":\"utf8\",\"biz_content\":\"44782344095972369\",\"app_key\":\"ruoyi-vue-oauth\",\"method\":\"org:edit\",\"format\":\"json\",\"sign\":\"CJ0qitUy9+VFU4/tMXGTulnjIs6NbrkavPJPigjrH4BcLe7zU+VD5Y7lozEDDVK+11Tm2w3/UoMslSLOKFbC6N0EFWY5FA9vV504haXh2ElGslIKmNm5q7IHjvYKtXwkHaAzQsGdX2Kq8rEctTO9v+5ez6BYH+U23ZI4oDc5C8kAeip6p+MOCrcD3AQbQf6dbQZQ1HnD97lNSdoMKyWhNapfE2RoOBuEPfXP25O5FIzXA4U4HHefLxpZsQJRmkbu/SjKmJNfJOStr0d1N0yt8dPONhDGGdZdEt1LNI4xOhX6z82sGYSC3qo4IQESp5vzHOerq/oc8URAzVsKSs8ydA==\",\"type\":\"EVENT_PUSH\",\"sign_type\":\"RSA2\",\"timestamp\":\"2026-01-13 23:40:00\"}', 'success', '2026-01-13 23:40:00.138', '2', '返回值格式错误，无法解析为 ApiResponse.class，请返回正确格式： {\"code\": \"0\", \"msg\": \"\" }', NULL, '2026-01-13 23:40:00.147');
INSERT INTO `mdo_event_push_log` (`id`, `event_push_id`, `request_time`, `request_data`, `response_data`, `response_time`, `exec_status`, `error_msg`, `created_by`, `created_at`) VALUES (44890431242951713, 44890431242951681, '2026-01-13 23:56:00.048', '{\"charset\":\"utf8\",\"biz_content\":\"44782344095972369\",\"app_key\":\"ruoyi-vue-oauth\",\"method\":\"org:edit\",\"format\":\"json\",\"sign\":\"tc/RbCNdbRVC2BpjcQ6rAEXKsFd7m71l2qRUll93TDRprqFjSDAIPDm9Px3if2ihu9shp2FsAYyLXGxCGDKUmK/9dRR2AdDRH/H/vanxojDPM64/XQLtLvC4TjImcAFCvL1rKbI5nmusV+uRFH06te8BNsCYB4WfPL6woZhuFpiEo6DGTT5WeCJg+cYEPtuubdRsu4oJGKz7WpkL+dhKLVGwNZTkYLy3B3Z3HAEu1OO1i8EY3rGZT2BzKP4ML3D8jQbannRnYbPbSK1pXqdD5enV25SvlP/t9dzIr2H8JI4OcyaKOtQK62YwMMpYKxQv+MLn+KBqs+dQO1zijYEsmA==\",\"type\":\"EVENT_PUSH\",\"sign_type\":\"RSA2\",\"timestamp\":\"2026-01-13 23:56:00\"}', 'success', '2026-01-13 23:56:00.060', '3', '返回值格式错误，无法解析为 ApiResponse.class，请返回正确格式： {\"code\": \"0\", \"msg\": \"\" }', NULL, '2026-01-13 23:56:00.085');
INSERT INTO `mdo_event_push_log` (`id`, `event_push_id`, `request_time`, `request_data`, `response_data`, `response_time`, `exec_status`, `error_msg`, `created_by`, `created_at`) VALUES (44890431242951714, 44890431242951684, '2026-01-14 00:08:00.049', '{\"charset\":\"utf8\",\"biz_content\":\"44782344095972369\",\"app_key\":\"ruoyi-vue-oauth\",\"method\":\"org:edit\",\"format\":\"json\",\"sign\":\"QxFGrQshFRmUorHqmQuuNRbeO13/VlWat/GZhArK2/KydAWcSDG+tGNRpa/bCznpVm9q2Py5nvh1WizLRWE6Cyyr4Zr1W/eElckLQSfhjy3JMbZj13JbeH1dbFEIjHjO4xa9Zt4L8dyH/I5CnFy6Jq0Tj/QmLTgGUJiknRegscULkOeVy8HFt6qDgfB0g1pm2xgDvFJ4tAzJuQu6PYFeL4TjWV63totX1eYmHR0XupmeBOQK2qGsyfpiSjtNghCC7ayje5nN2D6Do8/dOQZBwhZBJXVXKB3cyTv3IcHTCKENVFQJWogJegpHoemT1M7FqJF2yM3L/vImPJl5D1WaGw==\",\"type\":\"EVENT_PUSH\",\"sign_type\":\"RSA2\",\"timestamp\":\"2026-01-14 00:08:00\"}', 'success', '2026-01-14 00:08:00.059', '3', '返回值格式错误，无法解析为 ApiResponse.class，请返回正确格式： {\"code\": \"0\", \"msg\": \"\" }', NULL, '2026-01-14 00:08:00.075');
INSERT INTO `mdo_event_push_log` (`id`, `event_push_id`, `request_time`, `request_data`, `response_data`, `response_time`, `exec_status`, `error_msg`, `created_by`, `created_at`) VALUES (44890431242951715, 44890431242951687, '2026-01-14 00:08:00.094', '{\"charset\":\"utf8\",\"biz_content\":\"44782344095972369\",\"app_key\":\"ruoyi-vue-oauth\",\"method\":\"org:edit\",\"format\":\"json\",\"sign\":\"QxFGrQshFRmUorHqmQuuNRbeO13/VlWat/GZhArK2/KydAWcSDG+tGNRpa/bCznpVm9q2Py5nvh1WizLRWE6Cyyr4Zr1W/eElckLQSfhjy3JMbZj13JbeH1dbFEIjHjO4xa9Zt4L8dyH/I5CnFy6Jq0Tj/QmLTgGUJiknRegscULkOeVy8HFt6qDgfB0g1pm2xgDvFJ4tAzJuQu6PYFeL4TjWV63totX1eYmHR0XupmeBOQK2qGsyfpiSjtNghCC7ayje5nN2D6Do8/dOQZBwhZBJXVXKB3cyTv3IcHTCKENVFQJWogJegpHoemT1M7FqJF2yM3L/vImPJl5D1WaGw==\",\"type\":\"EVENT_PUSH\",\"sign_type\":\"RSA2\",\"timestamp\":\"2026-01-14 00:08:00\"}', 'success', '2026-01-14 00:08:00.099', '3', '返回值格式错误，无法解析为 ApiResponse.class，请返回正确格式： {\"code\": \"0\", \"msg\": \"\" }', NULL, '2026-01-14 00:08:00.106');
INSERT INTO `mdo_event_push_log` (`id`, `event_push_id`, `request_time`, `request_data`, `response_data`, `response_time`, `exec_status`, `error_msg`, `created_by`, `created_at`) VALUES (44890431242951716, 44890431242951690, '2026-01-14 00:08:00.125', '{\"charset\":\"utf8\",\"biz_content\":\"44782344095972369\",\"app_key\":\"ruoyi-vue-oauth\",\"method\":\"org:edit\",\"format\":\"json\",\"sign\":\"QxFGrQshFRmUorHqmQuuNRbeO13/VlWat/GZhArK2/KydAWcSDG+tGNRpa/bCznpVm9q2Py5nvh1WizLRWE6Cyyr4Zr1W/eElckLQSfhjy3JMbZj13JbeH1dbFEIjHjO4xa9Zt4L8dyH/I5CnFy6Jq0Tj/QmLTgGUJiknRegscULkOeVy8HFt6qDgfB0g1pm2xgDvFJ4tAzJuQu6PYFeL4TjWV63totX1eYmHR0XupmeBOQK2qGsyfpiSjtNghCC7ayje5nN2D6Do8/dOQZBwhZBJXVXKB3cyTv3IcHTCKENVFQJWogJegpHoemT1M7FqJF2yM3L/vImPJl5D1WaGw==\",\"type\":\"EVENT_PUSH\",\"sign_type\":\"RSA2\",\"timestamp\":\"2026-01-14 00:08:00\"}', 'success', '2026-01-14 00:08:00.130', '3', '返回值格式错误，无法解析为 ApiResponse.class，请返回正确格式： {\"code\": \"0\", \"msg\": \"\" }', NULL, '2026-01-14 00:08:00.137');
INSERT INTO `mdo_event_push_log` (`id`, `event_push_id`, `request_time`, `request_data`, `response_data`, `response_time`, `exec_status`, `error_msg`, `created_by`, `created_at`) VALUES (44890431242951717, 44890431242951694, '2026-01-14 00:08:00.156', '{\"charset\":\"utf8\",\"biz_content\":\"44782344095972369\",\"app_key\":\"ruoyi-vue-oauth\",\"method\":\"org:edit\",\"format\":\"json\",\"sign\":\"QxFGrQshFRmUorHqmQuuNRbeO13/VlWat/GZhArK2/KydAWcSDG+tGNRpa/bCznpVm9q2Py5nvh1WizLRWE6Cyyr4Zr1W/eElckLQSfhjy3JMbZj13JbeH1dbFEIjHjO4xa9Zt4L8dyH/I5CnFy6Jq0Tj/QmLTgGUJiknRegscULkOeVy8HFt6qDgfB0g1pm2xgDvFJ4tAzJuQu6PYFeL4TjWV63totX1eYmHR0XupmeBOQK2qGsyfpiSjtNghCC7ayje5nN2D6Do8/dOQZBwhZBJXVXKB3cyTv3IcHTCKENVFQJWogJegpHoemT1M7FqJF2yM3L/vImPJl5D1WaGw==\",\"type\":\"EVENT_PUSH\",\"sign_type\":\"RSA2\",\"timestamp\":\"2026-01-14 00:08:00\"}', 'success', '2026-01-14 00:08:00.160', '3', '返回值格式错误，无法解析为 ApiResponse.class，请返回正确格式： {\"code\": \"0\", \"msg\": \"\" }', NULL, '2026-01-14 00:08:00.166');
INSERT INTO `mdo_event_push_log` (`id`, `event_push_id`, `request_time`, `request_data`, `response_data`, `response_time`, `exec_status`, `error_msg`, `created_by`, `created_at`) VALUES (44890431242951718, 44890431242951697, '2026-01-14 00:08:00.185', '{\"charset\":\"utf8\",\"biz_content\":\"44782344095972369\",\"app_key\":\"ruoyi-vue-oauth\",\"method\":\"org:edit\",\"format\":\"json\",\"sign\":\"QxFGrQshFRmUorHqmQuuNRbeO13/VlWat/GZhArK2/KydAWcSDG+tGNRpa/bCznpVm9q2Py5nvh1WizLRWE6Cyyr4Zr1W/eElckLQSfhjy3JMbZj13JbeH1dbFEIjHjO4xa9Zt4L8dyH/I5CnFy6Jq0Tj/QmLTgGUJiknRegscULkOeVy8HFt6qDgfB0g1pm2xgDvFJ4tAzJuQu6PYFeL4TjWV63totX1eYmHR0XupmeBOQK2qGsyfpiSjtNghCC7ayje5nN2D6Do8/dOQZBwhZBJXVXKB3cyTv3IcHTCKENVFQJWogJegpHoemT1M7FqJF2yM3L/vImPJl5D1WaGw==\",\"type\":\"EVENT_PUSH\",\"sign_type\":\"RSA2\",\"timestamp\":\"2026-01-14 00:08:00\"}', 'success', '2026-01-14 00:08:00.189', '3', '返回值格式错误，无法解析为 ApiResponse.class，请返回正确格式： {\"code\": \"0\", \"msg\": \"\" }', NULL, '2026-01-14 00:08:00.196');
INSERT INTO `mdo_event_push_log` (`id`, `event_push_id`, `request_time`, `request_data`, `response_data`, `response_time`, `exec_status`, `error_msg`, `created_by`, `created_at`) VALUES (44890431242951719, 44890431242951700, '2026-01-14 00:16:00.051', '{\"charset\":\"utf8\",\"biz_content\":\"44782344095972369\",\"app_key\":\"ruoyi-vue-oauth\",\"method\":\"org:edit\",\"format\":\"json\",\"sign\":\"iOQxN+93+bLWaZ4UmBb3axTtUKa5/7waZORe01/6XaRz/PjOxoLeUL6Na5Lv77ab9+K0gDSHOsdO/OfLF+N4KcOZzJxSQvxDQtUoEYYh/PvdI4oVfiM7ckbrAWzlOLvHMVzljl5HbXJ4zIn4M0M9ZWvFQBFQognvRB6Zd5XUfpzVi4JxxFcVNIl86OKi+3ZaPaj98McP4oQA4nyKRkZnnr/Ndg62IGv6O5dC5VvXI/BsLOVR9Em+Ol0sBZ+nK9mrhT2gBeYNwMQtExEz4u2iua526uRWfe+f4x5EZWAHvTJnvfP4Q1MqckrD7dT9HKs7y/Qg1hJbNCmY9WYrPOdvRg==\",\"type\":\"EVENT_PUSH\",\"sign_type\":\"RSA2\",\"timestamp\":\"2026-01-14 00:16:00\"}', 'success', '2026-01-14 00:16:00.061', '3', '返回值格式错误，无法解析为 ApiResponse.class，请返回正确格式： {\"code\": \"0\", \"msg\": \"\" }', NULL, '2026-01-14 00:16:00.076');
INSERT INTO `mdo_event_push_log` (`id`, `event_push_id`, `request_time`, `request_data`, `response_data`, `response_time`, `exec_status`, `error_msg`, `created_by`, `created_at`) VALUES (44890431242951720, 44890431242951703, '2026-01-14 00:16:00.095', '{\"charset\":\"utf8\",\"biz_content\":\"44782344095972369\",\"app_key\":\"ruoyi-vue-oauth\",\"method\":\"org:edit\",\"format\":\"json\",\"sign\":\"iOQxN+93+bLWaZ4UmBb3axTtUKa5/7waZORe01/6XaRz/PjOxoLeUL6Na5Lv77ab9+K0gDSHOsdO/OfLF+N4KcOZzJxSQvxDQtUoEYYh/PvdI4oVfiM7ckbrAWzlOLvHMVzljl5HbXJ4zIn4M0M9ZWvFQBFQognvRB6Zd5XUfpzVi4JxxFcVNIl86OKi+3ZaPaj98McP4oQA4nyKRkZnnr/Ndg62IGv6O5dC5VvXI/BsLOVR9Em+Ol0sBZ+nK9mrhT2gBeYNwMQtExEz4u2iua526uRWfe+f4x5EZWAHvTJnvfP4Q1MqckrD7dT9HKs7y/Qg1hJbNCmY9WYrPOdvRg==\",\"type\":\"EVENT_PUSH\",\"sign_type\":\"RSA2\",\"timestamp\":\"2026-01-14 00:16:00\"}', 'success', '2026-01-14 00:16:00.099', '3', '返回值格式错误，无法解析为 ApiResponse.class，请返回正确格式： {\"code\": \"0\", \"msg\": \"\" }', NULL, '2026-01-14 00:16:00.105');
INSERT INTO `mdo_event_push_log` (`id`, `event_push_id`, `request_time`, `request_data`, `response_data`, `response_time`, `exec_status`, `error_msg`, `created_by`, `created_at`) VALUES (45267366162792448, 44890431242951703, '2026-01-14 23:41:03.863', '{\"charset\":\"utf8\",\"biz_content\":\"44782344095972369\",\"app_key\":\"ruoyi-vue-oauth\",\"method\":\"org:edit\",\"format\":\"json\",\"sign\":\"S2MTeYKn2eoWsb66/F27pVn/3DJkVf5cTl9faZVN6dB8IEABHVjMzfb9Yz+W6ns+wgaVVaoiBue+U6eX4Gk0ThL7nmApQ3gpP84s1EuL6oyqz30oL0Gz3krILP4TshOIeZbcQOPe2BLbtOKYSDx4cixybCW+Bz/aVHh6Ku9PG9/6Hna1TOo13Ml1wpKxwixCvjnmIiYPzUE6bWHs+sC1/vW59z0HwZ9yILE5xz01NQgZWvdZdAb1uGkXlLrXIHus9e23XmUaZJkXhXztHU59p3KlBTJN8ESj0pimzBa8SLgGdh7feaiMd6vblK8US6hPCFV0d6rTI0S0UFx7YdOGjA==\",\"type\":\"EVENT_PUSH\",\"sign_type\":\"RSA2\",\"timestamp\":\"2026-01-14 23:41:03\"}', '{\"code\":\"0\",\"msg\":\"success\",\"data\":\"\",\"sub_code\":\"\",\"sub_msg\":\"\",\"solution\":null}', '2026-01-14 23:41:04.111', '1', '', NULL, '2026-01-14 23:41:04.451');
INSERT INTO `mdo_event_push_log` (`id`, `event_push_id`, `request_time`, `request_data`, `response_data`, `response_time`, `exec_status`, `error_msg`, `created_by`, `created_at`) VALUES (45267366162792449, 44890431242951703, '2026-01-14 23:41:23.961', '{\"charset\":\"utf8\",\"biz_content\":\"44782344095972369\",\"app_key\":\"ruoyi-vue-oauth\",\"method\":\"org:edit\",\"format\":\"json\",\"sign\":\"A9F58x2rt4hmEDRPGk8ZT/EpNrjQCn2EgCvdK+k7de3G8Uvr3Ps4l+ADd7Sa+FhohCfRwd5SFZEqf+T2ulHQF9DUniX4dbzmuAFm/xJoygBygTyAtTJlFVEx/cDxnS5pbwVTvrpbxvNuyGk7dTYz1RO0N/rWjRhwnw5At2pXYfx39EyAHJ9OtZPGUrLfGuQhP6/BaZxo92ZsLn/RjfQK4xeY7Y9Z/YQZ4pj0j8I0trG1YlQZi1DiaE6wiQFLCL0L8Z+HC3Q11sFlLPiPO4M3nd5BCA4feZ1WAXSJwQcfZZsmqAgcIdulHWlmurlqXZWHNUDJfmgB6Phmz+xCpiAnKg==\",\"type\":\"EVENT_PUSH\",\"sign_type\":\"RSA2\",\"timestamp\":\"2026-01-14 23:41:23\"}', '{\"code\":\"0\",\"msg\":\"success\",\"data\":\"\",\"sub_code\":\"\",\"sub_msg\":\"\",\"solution\":null}', '2026-01-14 23:41:23.967', '1', '', NULL, '2026-01-14 23:41:23.983');
INSERT INTO `mdo_event_push_log` (`id`, `event_push_id`, `request_time`, `request_data`, `response_data`, `response_time`, `exec_status`, `error_msg`, `created_by`, `created_at`) VALUES (45598250443283502, 45598250443283500, '2026-01-15 21:24:15.985', '{\"charset\":\"utf8\",\"biz_content\":\"{\\\"id\\\":43373586232915971}\",\"app_key\":\"ruoyi-vue-sso\",\"method\":\"user:edit\",\"format\":\"json\",\"sign\":\"OIsdKUJo8nM3prCsgTZMD3d4MHzQAQFU9xqJwGYRiZ+NoOCFxrqjPRRtxhSLgMroLukt5gHv15WcQwi2/MqoKV/RAx2EwrpISc7yy4WLlM3cnCEfQzPGtj67yvlBUUK3X4CkNWNFzlLI7TrVhjlWmv1lqNujqF9lemFhJYGofYrH9PeVoAkc85I52U9o9zNTfkdHI82JdV3zpldN58hWO6Kfq7Wu4QxKKIE88+qEJbmHUMb/bM+Wm1YIwKi2wdqZ1RKTsYzorue3Zp88pVTWHkblYTC2rZpBqn5Gs9YkO4SfVPH78frhd39m/MFXAB0kMCjMJfZ8TlgYgjrS8fAOrQ==\",\"type\":\"EVENT_PUSH\",\"sign_type\":\"RSA2\",\"timestamp\":\"2026-01-15 21:24:15\"}', NULL, '2026-01-15 21:24:16.010', '2', 'ConnectException: Connection refused', NULL, '2026-01-15 21:24:16.023');
INSERT INTO `mdo_event_push_log` (`id`, `event_push_id`, `request_time`, `request_data`, `response_data`, `response_time`, `exec_status`, `error_msg`, `created_by`, `created_at`) VALUES (45598250443283503, 45598250443283501, '2026-01-15 21:24:16.052', '{\"charset\":\"utf8\",\"biz_content\":\"{\\\"id\\\":43373586232915971}\",\"app_key\":\"ruoyi-vue-oauth\",\"method\":\"user:edit\",\"format\":\"json\",\"sign\":\"NZsrYz1ExX1KbvXQ3Aww7cyWRsDXwKFyVR+QY1SfbWsbDGJhISVxtl9MDHeirJzDpKFNkf03Du3bthIhHUqa+66xtqzDPd4KHBB7KCN+AFh7tWW7yg1RV3WAgNrqOdLEXOUqQXrMFw0aP5Lr1v4dR7x88KAnYbkDLYO/inxEj7F/MyIwaa+hmipQ/GXWyiscA8bSDmaJ7CytqOysN0IS/L0aqaX0CjsKY+S21kEw+dxxReCmyhprcPIU976VFsoQO0XX7l/EIFjARlPkZsYvnYAW0YaNrC4Ha41MxP0/+DHZI2pMI9r0ZmUFX6FJowWTl9ESijTdZLV2BSZh9dezJg==\",\"type\":\"EVENT_PUSH\",\"sign_type\":\"RSA2\",\"timestamp\":\"2026-01-15 21:24:16\"}', '{\"code\":\"0\",\"msg\":\"success\",\"data\":\"\",\"sub_code\":\"\",\"sub_msg\":\"\",\"solution\":null}', '2026-01-15 21:24:16.071', '1', '', NULL, '2026-01-15 21:24:16.092');
INSERT INTO `mdo_event_push_log` (`id`, `event_push_id`, `request_time`, `request_data`, `response_data`, `response_time`, `exec_status`, `error_msg`, `created_by`, `created_at`) VALUES (45598250443283504, 45598250443283500, '2026-01-15 21:32:00.038', '{\"charset\":\"utf8\",\"biz_content\":\"{\\\"id\\\":43373586232915971}\",\"app_key\":\"ruoyi-vue-sso\",\"method\":\"user:edit\",\"format\":\"json\",\"sign\":\"NYD9VI5kQuTf2NqLfNNH5PffXY8GV1mi5Adf1jHU6T6J9QHbEK93SsnokMR4i55tD5FX9Q6blByJ4Sn4zxJ5yU0xeC9b3OInwffcjLaOm4Oh+u5HHaWnf2N+1V+zIG0D7iWEgjVnrMwxn9cAcaYi00E9Pda6YJb23vL/nP+Q8RrQQljEP1Yh1c7rh1xcAqZ+3fR17J/gTlRie/ffb3Cl8QtG8UmC79sECIxYWZwL2VoJulIOyFw+mA53XN8TAk/jpyChvNc8ZAnE651Kye9T9okY4BzT154aBTmYeZt8ZmWQwE5FYWT32U00mU78fyoc0RNn/4wGynqEyE3vdbSgIw==\",\"type\":\"EVENT_PUSH\",\"sign_type\":\"RSA2\",\"timestamp\":\"2026-01-15 21:32:00\"}', NULL, '2026-01-15 21:32:00.039', '2', 'ConnectException: Connection refused', NULL, '2026-01-15 21:32:00.060');
INSERT INTO `mdo_event_push_log` (`id`, `event_push_id`, `request_time`, `request_data`, `response_data`, `response_time`, `exec_status`, `error_msg`, `created_by`, `created_at`) VALUES (45598250443283505, 45598250443283500, '2026-01-15 21:40:00.040', '{\"charset\":\"utf8\",\"biz_content\":\"{\\\"id\\\":43373586232915971}\",\"app_key\":\"ruoyi-vue-sso\",\"method\":\"user:edit\",\"format\":\"json\",\"sign\":\"bmbcfft1xtkV4v/zQ6EiB1r8Qg9uFc58VpVI+ucLt/HHe4NkYKJoWbjOZkiyT2+n5xkEmecbX1xhcu5aCIGxff+9I0158ck0GJ4o6ynXFt/6JWsHmxo+fk6dqSkMGmYpr39y/XFNzDepLzlx0wzJfRMvLlbGD4dUdOLCqHFjBUbx2ZYI2pKqXLic+DzZdIE4OsVy7EHtvC0iwd2pvbKBIOHL5EGVsNngGdGUVEJgwsmURjNhQ85PfyH6ZkclHA1cFz4Bavq+Thlw0LfPerQN15LD/gFHE2YrdXMllFKlN2gdUO0z3wIjgBixbpENnk7U/6fqGpLUT//whTxiXIbppw==\",\"type\":\"EVENT_PUSH\",\"sign_type\":\"RSA2\",\"timestamp\":\"2026-01-15 21:40:00\"}', NULL, '2026-01-15 21:40:00.041', '2', 'ConnectException: Connection refused', NULL, '2026-01-15 21:40:00.061');
INSERT INTO `mdo_event_push_log` (`id`, `event_push_id`, `request_time`, `request_data`, `response_data`, `response_time`, `exec_status`, `error_msg`, `created_by`, `created_at`) VALUES (45598250443283506, 45598250443283500, '2026-01-15 22:16:15.761', '{\"charset\":\"utf8\",\"biz_content\":\"{\\\"id\\\":43373586232915971}\",\"app_key\":\"ruoyi-vue-sso\",\"method\":\"user:edit\",\"format\":\"json\",\"sign\":\"c6+zRY4eSfTLhy2DJBSjSk9+owQQELb1N7vLn4dbn9jv/WiRFBuNZLFjksqa/ILlYBVTX9PpfpKFeEmTQ14IBWeg0UeevkPiVGH8dgVTavPjiqyWvEENMlEc4Jld30O8gcbgoZvkfLdqNfp/3fi+LwhMpQJ71WlxIcFrhff+haXm8Hx06g5DD5uA0C7WC6pIWWuGl//TjJqk3Sfu/1kzVWMPMOO+DjW/xjmi8TFBx4aojuBMecYLA/ZuSQdALqly4mn5voVyjZdHaxR/8fkFJFHL9TBgIaxxvhtDeYZUkd1WXALpBLriPXRAUouwagcEUupb+9aU8HqQOWKipBClXA==\",\"type\":\"EVENT_PUSH\",\"sign_type\":\"RSA2\",\"timestamp\":\"2026-01-15 22:16:15\"}', NULL, '2026-01-15 22:16:15.762', '2', 'ConnectException: Connection refused', NULL, '2026-01-15 22:16:15.781');
INSERT INTO `mdo_event_push_log` (`id`, `event_push_id`, `request_time`, `request_data`, `response_data`, `response_time`, `exec_status`, `error_msg`, `created_by`, `created_at`) VALUES (45598250443283507, 45598250443283500, '2026-01-16 05:20:50.160', '{\"charset\":\"utf8\",\"biz_content\":\"{\\\"id\\\":43373586232915971}\",\"app_key\":\"ruoyi-vue-sso\",\"method\":\"user:edit\",\"format\":\"json\",\"sign\":\"PFcKVSe61hMgWKr1psA+Egw0xY3RYSheIR3Sa7QRcsamkwS+0zZCCFV2k0jnpVM/WVbOfkAlwHm2NKTvr1n3DOkAwIHK+qpmlXpuPmjn6iXIE2NGnkoVYMNS396OPL2a2xNWBleAWM0vAy5SPwS1fmkAO57+VpBXOnQDCvTwJ8FCt+LP0RODjMwLdTizvokYoWFgBf3BMuuF0GSL/v8a42TuVe6U4xygfKPjdIlu+euR0WmLwJZxWEmO12x8E4KnPg7pHE+iGYUNo8TwJ8PNwOExTjRuWfjPcV4MxQ4wau21AckuWVPxbJ2FmCdzpqTeM5rTPTRTSB32wrITLFiECw==\",\"type\":\"EVENT_PUSH\",\"sign_type\":\"RSA2\",\"timestamp\":\"2026-01-16 05:20:49\"}', NULL, '2026-01-16 05:20:50.168', '3', 'ConnectException: Connection refused', NULL, '2026-01-16 05:20:50.295');
INSERT INTO `mdo_event_push_log` (`id`, `event_push_id`, `request_time`, `request_data`, `response_data`, `response_time`, `exec_status`, `error_msg`, `created_by`, `created_at`) VALUES (45905439389198341, 45905439389198338, '2026-01-16 16:57:22.202', '{\"charset\":\"utf8\",\"biz_content\":\"{\\\"id\\\":45905439389198336}\",\"app_key\":\"ruoyi-vue-sso\",\"method\":\"user:add\",\"format\":\"json\",\"sign\":\"ARwhZctxkpauBj2GK0sIlLf7JDlx3NR9Ab0ATTZZFa1Ho4/sURYiddVUKReiXSxGtBplWraD0sOHx+f5Kf15nGiuYAg4isaF2Jp2/3XDGbN4Ci1sEBf91a+2CzHyeOsFdbVFNVTEvDLmIQeQpsMNUaftyEvH4YEr+hvK6qxmcgAHX/VROQwdZndaXykUK8hHXo5EAJgpl8sZmcJyoCb7CIVrsiLVEnvFMBV6mgNqoxaMHbCHVRvooF119vMB3WfCtLoxr5Vax4GopFHl/q5QLlrnnt2uSfOVbWmXjkZMVv6Q3ztSQFlu5VgBkpppT3STyfavbx6WixKp0f8GoWrhNw==\",\"type\":\"EVENT_PUSH\",\"sign_type\":\"RSA2\",\"timestamp\":\"2026-01-16 16:57:22\"}', NULL, '2026-01-16 16:57:22.220', '2', 'ConnectException: Connection refused', NULL, '2026-01-16 16:57:22.239');
INSERT INTO `mdo_event_push_log` (`id`, `event_push_id`, `request_time`, `request_data`, `response_data`, `response_time`, `exec_status`, `error_msg`, `created_by`, `created_at`) VALUES (45905439389198342, 45905439389198339, '2026-01-16 16:57:22.268', '{\"charset\":\"utf8\",\"biz_content\":\"{\\\"id\\\":45905439389198336}\",\"app_key\":\"ruoyi-vue-oauth\",\"method\":\"user:add\",\"format\":\"json\",\"sign\":\"piMzIVxGyNhL+01Qcazh8a6Jgl10Vwwa3aerza5bl82RwqUy2YgTQwHP4mbCd6D801R+2Ci/yvGANiy8hxHSNRYNGfepKQSrD26F2MUCQvHsqIsaNGFFFt9CzBiJWB19WXG3n72x4bu4+5TvCzHPK0xYw7PPv0p4+oV3VfITGI4tuCe4GQGM8+77TTjlVJBvJvSI+ky5ZARQrxo2rSGxlAK0ufg52X1ZbR59syCRPBsxIpuvSitxdTOU2AjwuIi1OGVxF5oSVo6H0KlIs5KIFtJw3xIEa+k072c4FK6fCDx3nnhoGg9l52It2dNwVw4Z1DTF1Z2oGUPH1Dqv+3nthA==\",\"type\":\"EVENT_PUSH\",\"sign_type\":\"RSA2\",\"timestamp\":\"2026-01-16 16:57:22\"}', '{\"code\":\"0\",\"msg\":\"success\",\"data\":\"\",\"sub_code\":\"\",\"sub_msg\":\"\",\"solution\":null}', '2026-01-16 16:57:22.287', '1', '', NULL, '2026-01-16 16:57:22.302');
INSERT INTO `mdo_event_push_log` (`id`, `event_push_id`, `request_time`, `request_data`, `response_data`, `response_time`, `exec_status`, `error_msg`, `created_by`, `created_at`) VALUES (45905439389198343, 45905439389198338, '2026-01-16 18:11:33.045', '{\"charset\":\"utf8\",\"biz_content\":\"{\\\"id\\\":45905439389198336}\",\"app_key\":\"ruoyi-vue-sso\",\"method\":\"user:add\",\"format\":\"json\",\"sign\":\"WD1kaOsvzMC/9CDqAkGlD8V9CB0UgiT4Xh1s5+VDvIsS6q06x4tZta/nkJRvpXyDgh+rhjpyxZPlJVFGwwd+K5HxUb/b3EYLcKpgxEiJuUrZXfRS/LA3tSdKdlcSURnYTIYr0B21QmFb7dqamuGhbAOfzvGmxVbL7DD+wpkCSM2gwd5b2NJCMsD3NQK8BkF/bAm2pRpTQSvD5eiaOmbRlqbE7l88XimeMxGbfGirmEuFqgyD5pyU++40E0475weYTO8HpFQLv4ipgTUqNROMpJMugQWwe+m3Ca+hhsC5wGSFTIWDA0euFggQn9GBoeHnjjc4RIBiE3vVSdCCTmRpOg==\",\"type\":\"EVENT_PUSH\",\"sign_type\":\"RSA2\",\"timestamp\":\"2026-01-16 18:11:32\"}', NULL, '2026-01-16 18:11:33.087', '2', 'ConnectException: Connection refused', NULL, '2026-01-16 18:11:33.241');
INSERT INTO `mdo_event_push_log` (`id`, `event_push_id`, `request_time`, `request_data`, `response_data`, `response_time`, `exec_status`, `error_msg`, `created_by`, `created_at`) VALUES (45905439389198344, 45905439389198338, '2026-01-16 18:22:42.875', '{\"charset\":\"utf8\",\"biz_content\":\"{\\\"id\\\":45905439389198336}\",\"app_key\":\"ruoyi-vue-sso\",\"method\":\"user:add\",\"format\":\"json\",\"sign\":\"QpzDJpPYjyEf/fSdAmWITObFGn14zxJJsYUT78YkqJ6rzwh5t2UkYLhqqtUFBbLBxTO2m6SJ2WABzrWqChLGNG9YGjoE2nv2ehy7cIyHuVo3IOrSUWct0UqayKoBDhK8425fd2zOrx6CzVj0+Yq7QFoHP9MF68vLNA9WyW/7MFVB2C+djpYO1VaXRA/5797oLoSI04f+4m6um+YNi6A20bZPzNkuNfMbVQvRpKcmY5xq0Y09AlXx1RjFiLAMCZRx4AdmmpKUSCdMcCKGHPl6jh0RPO15zmvAtio6X42ngn18RM8IFybwqYRco8dzv4xhGbJO1+sLNSCOD4LZ4xbqDg==\",\"type\":\"EVENT_PUSH\",\"sign_type\":\"RSA2\",\"timestamp\":\"2026-01-16 18:22:42\"}', NULL, '2026-01-16 18:22:42.876', '2', 'ConnectException: Connection refused', NULL, '2026-01-16 18:22:43.043');
INSERT INTO `mdo_event_push_log` (`id`, `event_push_id`, `request_time`, `request_data`, `response_data`, `response_time`, `exec_status`, `error_msg`, `created_by`, `created_at`) VALUES (45905439389198345, 45905439389198338, '2026-01-16 19:27:41.223', '{\"charset\":\"utf8\",\"biz_content\":\"{\\\"id\\\":45905439389198336}\",\"app_key\":\"ruoyi-vue-sso\",\"method\":\"user:add\",\"format\":\"json\",\"sign\":\"BJX3i/rmLHEFKhsa2X91jnrCarCM8n2bNFeAIYPQVWRAV6SiGH3bU8K2MmR5palqDPJHO0W5xKXDlRrPWdlt+KkcEAvLgqLJhZG3JRRD/dNZjLQ2ThzTSXP9FHT233NFLl2tmNT07JlcG8fMQkzg9L1UKp18ka4JL3I9P6Qf6bP8a8Y6JjNWFdOqqFbSHufJuCf2+e2486UBCADZwH2G4n5YtO2hT1UAjCf2m6UOIse1Uggi2c1kNw6cz1NGrR/iZnnYRKlUu7/5s16VSmmFbloD4dtWPlhcXjufYU6qzwtGXPnd+u4TF0bp3aJIogXBvFd/DGRQatLajuQu0bQOpw==\",\"type\":\"EVENT_PUSH\",\"sign_type\":\"RSA2\",\"timestamp\":\"2026-01-16 19:27:41\"}', NULL, '2026-01-16 19:27:41.224', '2', 'ConnectException: Connection refused', NULL, '2026-01-16 19:27:41.256');
INSERT INTO `mdo_event_push_log` (`id`, `event_push_id`, `request_time`, `request_data`, `response_data`, `response_time`, `exec_status`, `error_msg`, `created_by`, `created_at`) VALUES (45946774154457099, 45946774154457096, '2026-01-16 20:01:12.336', '{\"charset\":\"utf8\",\"biz_content\":\"{\\\"id\\\":45946774154457094}\",\"app_key\":\"ruoyi-vue-sso\",\"method\":\"user:add\",\"format\":\"json\",\"sign\":\"A3SjOzcGZmhheR3bcf27YJM0uYIysoHSUp4tsSlF1fHTTjVn34YA9ZSihm67696AgGt4cTXeacnn1YoG3aewYuGamDhW6/v53fkkbOe+x4Udp3pFYoaTARkI8/z20ImuEITncAI0mhxHcF3swxR3eSo0QOuafBJVoGtEG0jcCbgbXnkL1lyq8bKdJG/EK1dAc2L7womxUT3YZWgQ7Y38bRNnMEMf+LSmLZ3CpV4GK9AAQNWGPguPl9KVhBwCX45uwS4D4CB0fnVJ/y6HpqLuOhnbblqtVVWZL6v9g9qMhJ0Be7uImNev1BBG0gSaFBDjklxSDtYg5xKW9zV6vXaLmg==\",\"type\":\"EVENT_PUSH\",\"sign_type\":\"RSA2\",\"timestamp\":\"2026-01-16 20:01:12\"}', NULL, '2026-01-16 20:01:12.353', '2', 'ConnectException: Connection refused', NULL, '2026-01-16 20:01:12.368');
INSERT INTO `mdo_event_push_log` (`id`, `event_push_id`, `request_time`, `request_data`, `response_data`, `response_time`, `exec_status`, `error_msg`, `created_by`, `created_at`) VALUES (45946774154457100, 45946774154457097, '2026-01-16 20:01:12.399', '{\"charset\":\"utf8\",\"biz_content\":\"{\\\"id\\\":45946774154457094}\",\"app_key\":\"ruoyi-vue-oauth\",\"method\":\"user:add\",\"format\":\"json\",\"sign\":\"RhEILv7sWiyEJJqrLZH6V0G/oh5I0AU1gf0g2Vzh3biKk+QGUuLlxxO6qbG5BnEuuEsQ+0cwIFiRWNOfpeFW8SpJkrf3YvP+UwpbN2QhFi0XZ7d82u94oe7fEpEQ39jiGWT3DHKMr4jmdFHnBeQDb8lr/bsJyob4QAY9sRMggCd+OavZr7/tcepSqUKMJzgq/1GR2oFNuGtNpN666JZBvA+nfasFSwI1DDqCm0Q0KceedBrgkcSz/ln7D/qbWAyOkCV8o+OLxap3hIeTefe7t4AjzJLAFpBj0Ydtd86cAh1fy2aXu1263+Joq9Fj7dEThgrAale4ml3dEP72WmMlNw==\",\"type\":\"EVENT_PUSH\",\"sign_type\":\"RSA2\",\"timestamp\":\"2026-01-16 20:01:12\"}', '{\"code\":\"0\",\"msg\":\"success\",\"data\":\"\",\"sub_code\":\"\",\"sub_msg\":\"\",\"solution\":null}', '2026-01-16 20:01:12.416', '1', '', NULL, '2026-01-16 20:01:12.428');
INSERT INTO `mdo_event_push_log` (`id`, `event_push_id`, `request_time`, `request_data`, `response_data`, `response_time`, `exec_status`, `error_msg`, `created_by`, `created_at`) VALUES (45946774154457112, 45946774154457109, '2026-01-16 20:03:07.549', '{\"charset\":\"utf8\",\"biz_content\":\"{\\\"id\\\":45946774154457107}\",\"app_key\":\"ruoyi-vue-sso\",\"method\":\"user:add\",\"format\":\"json\",\"sign\":\"SUNxHPSLuHbzbi1Dj4PKi7QHkmL9PQWnbtaw8dAcbiLC3mftVogiz1kOPqv6rd6b8GQZgFie1YKRvumYWBnohxQrsuoQ3n5lbhX+lG6i4SuESN6aECyPeUjDZnlu2c6TWCBiZGv5jXOJr07ptYr4Qzlu0KKCz3RorTzema8Izlus4+mTP7QgTSfaKrArKQzaSyS/zDBwqOgNhaPni69ZaYM6J+EGb8XkubjxgXnzjiRM26RH8j7S/RmRa0FULMKpzwqIczXSDxDQU87SMgVecb8nc/9oDQl3cb3zJgwjYYq6NUstrMLjKCT1IC0+gEumYzhZGGONixih3ldBfpm9sA==\",\"type\":\"EVENT_PUSH\",\"sign_type\":\"RSA2\",\"timestamp\":\"2026-01-16 20:03:07\"}', NULL, '2026-01-16 20:03:07.550', '2', 'ConnectException: Connection refused', NULL, '2026-01-16 20:03:07.561');
INSERT INTO `mdo_event_push_log` (`id`, `event_push_id`, `request_time`, `request_data`, `response_data`, `response_time`, `exec_status`, `error_msg`, `created_by`, `created_at`) VALUES (45946774154457113, 45946774154457110, '2026-01-16 20:03:07.589', '{\"charset\":\"utf8\",\"biz_content\":\"{\\\"id\\\":45946774154457107}\",\"app_key\":\"ruoyi-vue-oauth\",\"method\":\"user:add\",\"format\":\"json\",\"sign\":\"P0Dl0QzYooS/QudCt41OSdUmFiAhkhIfk+76iGCmA+bFiK9Pr9tuafPh4lRwszAaCwupYBcEUhxWGrK0mkGIeYWutMPE+5d1hls/rpaokWFVUzBUkyxsECmo3BVeWbwOhn6gpb+KWfF7vqHzN5XkJ9ZjD7w1rLb32CH0tS8z5Uo1vgUM7X6IuYUiTxzQUL5tHpnNUH1sEaahVVUShkvHWyq0m6Re5cVUouYQ+33nTKaEHOJ3iqLIsSWupWKXX+t3FlzyZgV+ekLiSqRTUvuGDll7tQC15KTvIKyDSFiEgR7fXsXc6OSx2er5DC9Jed/HLk8tfr6DXSdi0B7pXaqSEA==\",\"type\":\"EVENT_PUSH\",\"sign_type\":\"RSA2\",\"timestamp\":\"2026-01-16 20:03:07\"}', '{\"code\":\"0\",\"msg\":\"success\",\"data\":\"\",\"sub_code\":\"\",\"sub_msg\":\"\",\"solution\":null}', '2026-01-16 20:03:07.595', '1', '', NULL, '2026-01-16 20:03:07.602');
INSERT INTO `mdo_event_push_log` (`id`, `event_push_id`, `request_time`, `request_data`, `response_data`, `response_time`, `exec_status`, `error_msg`, `created_by`, `created_at`) VALUES (45946774154457114, 45946774154457096, '2026-01-16 20:57:47.770', '{\"charset\":\"utf8\",\"biz_content\":\"{\\\"id\\\":45946774154457094}\",\"app_key\":\"ruoyi-vue-sso\",\"method\":\"user:add\",\"format\":\"json\",\"sign\":\"GSimDhY0OLF/hKdqkkXA19f12IK6ODt/FPWqax+EQ5w6XRiKnh66RQpv4ykrvGHAUQlk/mo75vZwphVN022aV8GwI+z90BnCqrEyGWzGk2I4t+rQgYZ6km91YHov+J1RpC2rl8ioLw2nECOFg86DziHP7rpvqrie981QOjKxhCa8eSg3xNfGsrXWrntEnDM6hbGLq4nNkvsDNhWvhAGMqNJAGRzf1ae+AvR38q2J0X9O1BCRJeHW8xOI20df4GnGXDNtSRFO6GA78SeSptA+Zi687FdKOYl3Vlw3NsuVS+SF7HHu97PorKBBDTnzpe2SlbAGdRSd30+ZqaILrK3iyA==\",\"type\":\"EVENT_PUSH\",\"sign_type\":\"RSA2\",\"timestamp\":\"2026-01-16 20:57:47\"}', NULL, '2026-01-16 20:57:47.772', '2', 'ConnectException: Connection refused', NULL, '2026-01-16 20:57:47.795');
INSERT INTO `mdo_event_push_log` (`id`, `event_push_id`, `request_time`, `request_data`, `response_data`, `response_time`, `exec_status`, `error_msg`, `created_by`, `created_at`) VALUES (45946774154457115, 45946774154457109, '2026-01-16 20:57:47.824', '{\"charset\":\"utf8\",\"biz_content\":\"{\\\"id\\\":45946774154457107}\",\"app_key\":\"ruoyi-vue-sso\",\"method\":\"user:add\",\"format\":\"json\",\"sign\":\"QTyu6EjV5e0rWFyhz1ySVd/nK0kUiBu0obD3aHINDgtsaMMspl5XrxKdloTb0hE4XcRHTMLzaFPZnFcLZ2kMKErn8vgae5Wlqp43bwA80rcF+CiQpThWxpd2/HzoUVxVUAfzAUj52peLr8CM3woqZ0D10MQIa7daiK+MXYkOHmTLL0Py5oIsG8YUvQNzkc+nrNUaIIH6E8PEKFsC1ooYf/41GZr66r43BNDJvGWBHxJw2m0Wu0zjua8CiU3B+ItcL7/WbaKPdxIbSqYFEYdB3UJfVfpG2A5ZFG83Fm60KaUuswofihSGlo3qkY8nkxTGXJcOLAjLD2DZtZWHP9VB1Q==\",\"type\":\"EVENT_PUSH\",\"sign_type\":\"RSA2\",\"timestamp\":\"2026-01-16 20:57:47\"}', NULL, '2026-01-16 20:57:47.825', '2', 'ConnectException: Connection refused', NULL, '2026-01-16 20:57:47.832');
INSERT INTO `mdo_event_push_log` (`id`, `event_push_id`, `request_time`, `request_data`, `response_data`, `response_time`, `exec_status`, `error_msg`, `created_by`, `created_at`) VALUES (45946774154457116, 45946774154457096, '2026-01-16 21:08:00.041', '{\"charset\":\"utf8\",\"biz_content\":\"{\\\"id\\\":45946774154457094}\",\"app_key\":\"ruoyi-vue-sso\",\"method\":\"user:add\",\"format\":\"json\",\"sign\":\"NIAHrUlrf5LlLcaF/3enHXcG80VfP4/V7CJ5ROcC4AkHx7WsSN2KDFfxH1VWtmtI49kBxhBklcO9d1myejujiXVXdanFvLHkEOYnNzWYcBmkpGMR0L+97PHYJ3ciGOZoiz0dNRstenar0felMVLYKF3uhs7GRKnjZbZ9Yv8ZEue1wGRNhOWvjaxPdtuS0y4abBl8MLHIPbjnw4JFtbBCxAVIDE5s5jd/P57vy6/dhWqZtOKj6YTTiBfK7tHcTgVak4BMbohp9gBDEq140Yi3/Q3LnqjtdGT/MTwrgxeGsVXDJej/4Ic/5nD4Az05yAQOf19TIV0d3UNZBDbdttDSRA==\",\"type\":\"EVENT_PUSH\",\"sign_type\":\"RSA2\",\"timestamp\":\"2026-01-16 21:08:00\"}', NULL, '2026-01-16 21:08:00.042', '2', 'ConnectException: Connection refused', NULL, '2026-01-16 21:08:00.061');
INSERT INTO `mdo_event_push_log` (`id`, `event_push_id`, `request_time`, `request_data`, `response_data`, `response_time`, `exec_status`, `error_msg`, `created_by`, `created_at`) VALUES (45946774154457117, 45946774154457109, '2026-01-16 21:08:00.089', '{\"charset\":\"utf8\",\"biz_content\":\"{\\\"id\\\":45946774154457107}\",\"app_key\":\"ruoyi-vue-sso\",\"method\":\"user:add\",\"format\":\"json\",\"sign\":\"iAzGd3wtYtGhTNQvB6UxAZQFSBz7/2YtMTZi2F1a27XOmuIQzmJLE0zAnHSNVytIebgJZYFI7jwJKbKzVUGljw6EbckesMypbzKrq8DGvSbxY/z85QR0iggDdIHFYSEPqQzYQhF7uWCZK1LDS6tRaLKiQOuY43l9DVb16sDqwAd2bPTyI2fPRqPPX9E0krJiMjEbsgA1d1DMQUDhXl2J0ISZUuAPnHHRoasmtK9ZZYyLGzTSd0n+A7wUFQdbC3Igg9AiBkM/a+Nxhm4xxlC5ug75158IsPs40heJTAH6Uen9kTZ+Eh6702Sryz/WZSnMkE38VQq81PF5klaFBtV+bA==\",\"type\":\"EVENT_PUSH\",\"sign_type\":\"RSA2\",\"timestamp\":\"2026-01-16 21:08:00\"}', NULL, '2026-01-16 21:08:00.090', '2', 'ConnectException: Connection refused', NULL, '2026-01-16 21:08:00.097');
INSERT INTO `mdo_event_push_log` (`id`, `event_push_id`, `request_time`, `request_data`, `response_data`, `response_time`, `exec_status`, `error_msg`, `created_by`, `created_at`) VALUES (46000701763827712, 45946774154457096, '2026-01-16 23:08:00.130', '{\"charset\":\"utf8\",\"biz_content\":\"{\\\"id\\\":45946774154457094}\",\"app_key\":\"ruoyi-vue-sso\",\"method\":\"user:add\",\"format\":\"json\",\"sign\":\"dyJq1EJh1lwO6rlNcO4VnU2JsBpO77I/bYWnfkUKruAt8aq6OhaBdHzzvBx39wKqPRea6uzN8qNuTs/b96D43eWiQN7WAFyAJSq545oAgNbdstf9iWow7vmqvvcynpYQ24GKJo3TMO8vFyZkQemmJ4C8ow6IAGjzmJTPcCq75i5PpPkyuyIv1/cpWtYPrpVBQuQRMkXpboHnrU6b9lhg3hp+sM5nniyYFZayjp2Ccp3Ut2C03AMKiDUdb5layExAfqbFods4RU8uDq8Q3WF3KslMTh77CI67bYrBgez71CWmWCNqEGsUfjmP4qhNseO67rSB8O02MF6eNsrBY5QTFQ==\",\"type\":\"EVENT_PUSH\",\"sign_type\":\"RSA2\",\"timestamp\":\"2026-01-16 23:08:00\"}', NULL, '2026-01-16 23:08:00.169', '2', 'ConnectException: Connection refused', NULL, '2026-01-16 23:08:00.212');
INSERT INTO `mdo_event_push_log` (`id`, `event_push_id`, `request_time`, `request_data`, `response_data`, `response_time`, `exec_status`, `error_msg`, `created_by`, `created_at`) VALUES (46000701763827713, 45946774154457109, '2026-01-16 23:08:00.268', '{\"charset\":\"utf8\",\"biz_content\":\"{\\\"id\\\":45946774154457107}\",\"app_key\":\"ruoyi-vue-sso\",\"method\":\"user:add\",\"format\":\"json\",\"sign\":\"bbfkxWUW37ZKw217ydCQfZNh8Xr9gKITMddZMSdiRBUtNQ8n/6BYncPglGbCm7syAYrd8av0AUPU71JCr+JK6hKGI/orp7TSpMh7bIpop8awBH+nvbYilKa02Yf46PXcxHq9wObpjmeP47Wb1tKgmd5MKCLdFvgN5R7IQS5k2Uya6yM0SfDhqRht2BqZyM5Bnbfknd65GxtZzG4exBfSv50CLh1mP7RctvEVhFuoQ4amLy70BEWgdYXv3t24DnXhnA0D8oyCyJC2/6OtvOpnxXE7A8nJMFxY5MBLZMbPl4irUNymgcZwl5ou5nmkbA8EAD+koYegyLHMrsRnGdDzVw==\",\"type\":\"EVENT_PUSH\",\"sign_type\":\"RSA2\",\"timestamp\":\"2026-01-16 23:08:00\"}', NULL, '2026-01-16 23:08:00.271', '2', 'ConnectException: Connection refused', NULL, '2026-01-16 23:08:00.282');
INSERT INTO `mdo_event_push_log` (`id`, `event_push_id`, `request_time`, `request_data`, `response_data`, `response_time`, `exec_status`, `error_msg`, `created_by`, `created_at`) VALUES (46000701763827726, 46000701763827724, '2026-01-16 23:50:39.304', '{\"charset\":\"utf8\",\"biz_content\":\"{\\\"id\\\":45946774154457107}\",\"app_key\":\"ruoyi-vue-sso\",\"method\":\"user:edit\",\"format\":\"json\",\"sign\":\"NAP/g/OABrYovLDrdngFE/dyzmfkIoVeOxqP3WkzKJVc0es7QI7Li4HAhoa3bpT8osWZyIk7EAZWtSBt4yQqid1KOEnXHNS9WLlhy7XdebfRr9f6YGYHZWvck8uM6ET5LUIR/zcSjNQw5uFW3Hh3aoIiQons7NeozUPXsLHhxwAfm0oOiV/a2Gp0BJezg8+UUYoRN9iNKanZPk8iuzLogocIfznCo/6EqMVUCw3l099vRjPQIGWksohZcRW0xQudRlaj7SWUvpWkcPAFOtNHO2G/FPCDQDnrXTyaADynkffH+MuEPalq99CQDZ/QAvlfbjYlRVcLVs9WfigJ8L2SQw==\",\"type\":\"EVENT_PUSH\",\"sign_type\":\"RSA2\",\"timestamp\":\"2026-01-16 23:50:39\"}', NULL, '2026-01-16 23:50:39.305', '2', 'ConnectException: Connection refused', NULL, '2026-01-16 23:50:39.318');
INSERT INTO `mdo_event_push_log` (`id`, `event_push_id`, `request_time`, `request_data`, `response_data`, `response_time`, `exec_status`, `error_msg`, `created_by`, `created_at`) VALUES (46000701763827727, 46000701763827725, '2026-01-16 23:50:39.353', '{\"charset\":\"utf8\",\"biz_content\":\"{\\\"id\\\":45946774154457107}\",\"app_key\":\"ruoyi-vue-oauth\",\"method\":\"user:edit\",\"format\":\"json\",\"sign\":\"NLCDFjKm/9seDfkQIl4XGRhRDn5piYBSyGds1XWRrKK0G/6xnvH9AHrYciD2/7yMcMwlw98htbjsPpFZsTwxFig7f3ateOcyvqR2muc1aLWHJg8CU99hjwREC4fvqbbfruNEO1BiGb7mS6yAtLlgdJUsRnTfHas+on8sjfP7FzeJPIHMaPeVmqJnXDQ4gpu0tJm+7Yh/8axWjdqzh+QWpzeEh47Q7NtiHHZTJ2SmFkm8X7T7Ycrsg+RRyqsoQ8DtLOPKz1utJ99adG+le632V4i5c3lQ/f5hhOOH+fFApfUREVFyyct9RHq18Bi3CH7k5seGfnoxdWHTmyTYFJv4EQ==\",\"type\":\"EVENT_PUSH\",\"sign_type\":\"RSA2\",\"timestamp\":\"2026-01-16 23:50:39\"}', '{\"code\":\"0\",\"msg\":\"success\",\"data\":\"\",\"sub_code\":\"\",\"sub_msg\":\"\",\"solution\":null}', '2026-01-16 23:50:39.372', '1', '', NULL, '2026-01-16 23:50:39.385');
INSERT INTO `mdo_event_push_log` (`id`, `event_push_id`, `request_time`, `request_data`, `response_data`, `response_time`, `exec_status`, `error_msg`, `created_by`, `created_at`) VALUES (46000701763827731, 46000701763827729, '2026-01-16 23:50:41.904', '{\"charset\":\"utf8\",\"biz_content\":\"{\\\"id\\\":45946774154457107}\",\"app_key\":\"ruoyi-vue-sso\",\"method\":\"user:edit\",\"format\":\"json\",\"sign\":\"JJlLEGCv2L7MndraxFR4tjOjGmDXFVxiHjqGXP4udSZiH18/mbp5DWmpVZ4lSgJGdViJPKSgVstfgXx2py6p3d3jRsbs+n7yCWdfT/RqSJy8hq4/+6EybKvKAATHUj3MVyuEG52dnP26EjWl5b/2Un7ukON3ppW6xX6ABYkOz4MiE0mJqarcLXWw/aswkiD78PaT9pGJUMXGj6GLw5t/tOxF1/Y5EMDOs6ayFQ0rbutX1mt33+C1jrXlTpDozHx04d2wKeuzQhD69xW75dCA2II6wbG1SMROiMzEegh/22WRMdUkdEPEgGjBjNk3DoNBsO3fVWFSvKTrPKkjdNSsDA==\",\"type\":\"EVENT_PUSH\",\"sign_type\":\"RSA2\",\"timestamp\":\"2026-01-16 23:50:41\"}', NULL, '2026-01-16 23:50:41.905', '2', 'ConnectException: Connection refused', NULL, '2026-01-16 23:50:41.912');
INSERT INTO `mdo_event_push_log` (`id`, `event_push_id`, `request_time`, `request_data`, `response_data`, `response_time`, `exec_status`, `error_msg`, `created_by`, `created_at`) VALUES (46000701763827732, 46000701763827730, '2026-01-16 23:50:41.936', '{\"charset\":\"utf8\",\"biz_content\":\"{\\\"id\\\":45946774154457107}\",\"app_key\":\"ruoyi-vue-oauth\",\"method\":\"user:edit\",\"format\":\"json\",\"sign\":\"VD7d/sPzy1subNeNPr8KmsAB1gW7qOAWYDVv9UABNLJ8RHCAlr0QfAnE0RSnQCxBJSrnGKdepJWq4Va5jhlHAqEMxwFXD91D2iRpCRM7JCwJQUvNekGkFA6GfxW6TglpFetIitTW9bVbzWjgIQEYKxfnazzs+eGd59E/4vpqDsO7CrYXJpu3WKkIksNfbahn9CPouijZxsBqMomeiz984YXGJJfC4itgg7Juf5b3i1O0aGH5aK8aZeq1kRGs4gja6YOW0lRwLuKmSdjQ1Z5VPxYcmw81y7EWo/CxvdD6D3lisQEEJDHmUOq31Xdl7PVP81F6OrosbGF6YA6Qo/IQJg==\",\"type\":\"EVENT_PUSH\",\"sign_type\":\"RSA2\",\"timestamp\":\"2026-01-16 23:50:41\"}', '{\"code\":\"0\",\"msg\":\"success\",\"data\":\"\",\"sub_code\":\"\",\"sub_msg\":\"\",\"solution\":null}', '2026-01-16 23:50:41.940', '1', '', NULL, '2026-01-16 23:50:41.947');
INSERT INTO `mdo_event_push_log` (`id`, `event_push_id`, `request_time`, `request_data`, `response_data`, `response_time`, `exec_status`, `error_msg`, `created_by`, `created_at`) VALUES (46000701763827736, 46000701763827734, '2026-01-16 23:51:18.766', '{\"charset\":\"utf8\",\"biz_content\":\"{\\\"id\\\":45946774154457107}\",\"app_key\":\"ruoyi-vue-sso\",\"method\":\"user:edit\",\"format\":\"json\",\"sign\":\"fLMvqarcqsCWb534x6ikfkR2XHpw2+NFhhG3QDzCr54bykYrlN+diEciZ6XAWxOoX3LdLF36By5p9rEPnwMRB+t8VuzwkVm1LGWjqdFmYKskysw/ncUkbKmcF7Hqofsk9T/Dx2T8peHFfG51g/cQX5DWMVdTxsXpWxg6G7ZeM9XqGVcL9Wl6F9QY5JpOB6OgjkizQ6GaYngZTityzSE21B4ujMJ3uw1Kjd4VIjrEp2wHDX7zweXZr2PR/3RAzC9V9gFARumVITDTA5kMmqDF4sXngtUMYja3bqdUK+DqTVikP+gnnKopG0mpqXoDyCCLkIHHbTyZaj20cie/rn1RiQ==\",\"type\":\"EVENT_PUSH\",\"sign_type\":\"RSA2\",\"timestamp\":\"2026-01-16 23:51:18\"}', NULL, '2026-01-16 23:51:18.768', '2', 'ConnectException: Connection refused', NULL, '2026-01-16 23:51:18.789');
INSERT INTO `mdo_event_push_log` (`id`, `event_push_id`, `request_time`, `request_data`, `response_data`, `response_time`, `exec_status`, `error_msg`, `created_by`, `created_at`) VALUES (46000701763827737, 46000701763827735, '2026-01-16 23:51:18.817', '{\"charset\":\"utf8\",\"biz_content\":\"{\\\"id\\\":45946774154457107}\",\"app_key\":\"ruoyi-vue-oauth\",\"method\":\"user:edit\",\"format\":\"json\",\"sign\":\"wWIp+qc9ZTiTXdIT6xvjb0shnzz/FJNXC1b0+9T0fIqk42+SW5xWwW8wRyI+Vt/eyw0FilBUU0N0VIp/BpCqcVTQjs38LGqrQ+KPdifCaf6j3wtPtcsFXQnjuVPaTjArPLc5TwEA3Xa8q6DUOKcyj4dsT1Ffwvkrmk9P0lavtsTHPmxMGefltwK5+kWZCbzgNYo7rGGnU5ut/PW2AcgYwyvtNgr6k660qtE/fNrSSGO9nOSADtzdQZPkAJZgWLY5dLnJcqm0dtXIChHetxl/g2ecbekDveMK3VpT2J/Rqt0tDDPxr4vVw6/wJinbmFAiTTv6IW16N4OInI2bHJeCug==\",\"type\":\"EVENT_PUSH\",\"sign_type\":\"RSA2\",\"timestamp\":\"2026-01-16 23:51:18\"}', '{\"code\":\"0\",\"msg\":\"success\",\"data\":\"\",\"sub_code\":\"\",\"sub_msg\":\"\",\"solution\":null}', '2026-01-16 23:51:18.820', '1', '', NULL, '2026-01-16 23:51:18.827');
INSERT INTO `mdo_event_push_log` (`id`, `event_push_id`, `request_time`, `request_data`, `response_data`, `response_time`, `exec_status`, `error_msg`, `created_by`, `created_at`) VALUES (46000701763827740, 46000701763827724, '2026-01-16 23:56:00.040', '{\"charset\":\"utf8\",\"biz_content\":\"{\\\"id\\\":45946774154457107}\",\"app_key\":\"ruoyi-vue-sso\",\"method\":\"user:edit\",\"format\":\"json\",\"sign\":\"DfAhrNlxt9j6q6JJrwHkfmoZrdO5q1JQH3NBrpocAludWBITIOvxz7Xg4ms2Xj7E1rvK1SSAUYdPt9eD2vBWKSvr4KJRuuIOwPOQe+kfmLR5Y0a+fJyEjcf3BYow2V8rxAv5Jv2dmQgjOTySb3arp3du7aNERypn12WXzulV/4DnnFeSHAg1mvJxpbPzjfX2tXvOrH4vpn6Jq8jBhY88Q/k5f53QNLZYvnvWGRcYjmaYfUDXMVdqt5zz4z4AVJxg1S6uajy4cjioEW1EH4YvOCAKs6gMp25QoA4HqFqxfoo1IwiKoepZxpKyRHdhsVEnBP2glGdik7JT5+SRjQor5g==\",\"type\":\"EVENT_PUSH\",\"sign_type\":\"RSA2\",\"timestamp\":\"2026-01-16 23:56:00\"}', NULL, '2026-01-16 23:56:00.041', '2', 'ConnectException: Connection refused', NULL, '2026-01-16 23:56:00.054');
INSERT INTO `mdo_event_push_log` (`id`, `event_push_id`, `request_time`, `request_data`, `response_data`, `response_time`, `exec_status`, `error_msg`, `created_by`, `created_at`) VALUES (46000701763827741, 46000701763827729, '2026-01-16 23:56:00.080', '{\"charset\":\"utf8\",\"biz_content\":\"{\\\"id\\\":45946774154457107}\",\"app_key\":\"ruoyi-vue-sso\",\"method\":\"user:edit\",\"format\":\"json\",\"sign\":\"DfAhrNlxt9j6q6JJrwHkfmoZrdO5q1JQH3NBrpocAludWBITIOvxz7Xg4ms2Xj7E1rvK1SSAUYdPt9eD2vBWKSvr4KJRuuIOwPOQe+kfmLR5Y0a+fJyEjcf3BYow2V8rxAv5Jv2dmQgjOTySb3arp3du7aNERypn12WXzulV/4DnnFeSHAg1mvJxpbPzjfX2tXvOrH4vpn6Jq8jBhY88Q/k5f53QNLZYvnvWGRcYjmaYfUDXMVdqt5zz4z4AVJxg1S6uajy4cjioEW1EH4YvOCAKs6gMp25QoA4HqFqxfoo1IwiKoepZxpKyRHdhsVEnBP2glGdik7JT5+SRjQor5g==\",\"type\":\"EVENT_PUSH\",\"sign_type\":\"RSA2\",\"timestamp\":\"2026-01-16 23:56:00\"}', NULL, '2026-01-16 23:56:00.080', '2', 'ConnectException: Connection refused', NULL, '2026-01-16 23:56:00.086');
INSERT INTO `mdo_event_push_log` (`id`, `event_push_id`, `request_time`, `request_data`, `response_data`, `response_time`, `exec_status`, `error_msg`, `created_by`, `created_at`) VALUES (46000701763827742, 46000701763827734, '2026-01-16 23:56:00.106', '{\"charset\":\"utf8\",\"biz_content\":\"{\\\"id\\\":45946774154457107}\",\"app_key\":\"ruoyi-vue-sso\",\"method\":\"user:edit\",\"format\":\"json\",\"sign\":\"DfAhrNlxt9j6q6JJrwHkfmoZrdO5q1JQH3NBrpocAludWBITIOvxz7Xg4ms2Xj7E1rvK1SSAUYdPt9eD2vBWKSvr4KJRuuIOwPOQe+kfmLR5Y0a+fJyEjcf3BYow2V8rxAv5Jv2dmQgjOTySb3arp3du7aNERypn12WXzulV/4DnnFeSHAg1mvJxpbPzjfX2tXvOrH4vpn6Jq8jBhY88Q/k5f53QNLZYvnvWGRcYjmaYfUDXMVdqt5zz4z4AVJxg1S6uajy4cjioEW1EH4YvOCAKs6gMp25QoA4HqFqxfoo1IwiKoepZxpKyRHdhsVEnBP2glGdik7JT5+SRjQor5g==\",\"type\":\"EVENT_PUSH\",\"sign_type\":\"RSA2\",\"timestamp\":\"2026-01-16 23:56:00\"}', NULL, '2026-01-16 23:56:00.107', '2', 'ConnectException: Connection refused', NULL, '2026-01-16 23:56:00.113');
INSERT INTO `mdo_event_push_log` (`id`, `event_push_id`, `request_time`, `request_data`, `response_data`, `response_time`, `exec_status`, `error_msg`, `created_by`, `created_at`) VALUES (46000701763827743, 46000701763827724, '2026-01-17 00:15:50.778', '{\"charset\":\"utf8\",\"biz_content\":\"{\\\"id\\\":45946774154457107}\",\"app_key\":\"ruoyi-vue-sso\",\"method\":\"user:edit\",\"format\":\"json\",\"sign\":\"IYJut0bZX5obYRI6xu9sNI/HFa4xzSvzhGc82mTQ6S8DRkPRx56PxOpzmBpyPZEWVn9P1bALZuFNo3ddLs35RBWUz3MkAXHG4+yHRgmLv8cmYUED131Onvfos34lCu1EhqBUl34fcifeS179ZkBz17x5oucoI8UTE3+KreVTMSgm5X/XCBW2C95tUZ5UdZODjeRD03sxLOt33KXZ0dWNFDq/qsxrkmdAMbs9wpxpE1RWiL1WCGePESNrgqD5ygP3HwdkU3ZbAV16lo/2LOY2f1KyhxIWu4NYDZHwmJkyGTdQ+Ksq8rGHVWqf5QdJqN5XwZ7AnmZ+/+iZBIyzjMSkDw==\",\"type\":\"EVENT_PUSH\",\"sign_type\":\"RSA2\",\"timestamp\":\"2026-01-17 00:15:50\"}', NULL, '2026-01-17 00:15:50.779', '2', 'ConnectException: Connection refused', NULL, '2026-01-17 00:15:50.793');
INSERT INTO `mdo_event_push_log` (`id`, `event_push_id`, `request_time`, `request_data`, `response_data`, `response_time`, `exec_status`, `error_msg`, `created_by`, `created_at`) VALUES (46000701763827744, 46000701763827729, '2026-01-17 00:15:50.822', '{\"charset\":\"utf8\",\"biz_content\":\"{\\\"id\\\":45946774154457107}\",\"app_key\":\"ruoyi-vue-sso\",\"method\":\"user:edit\",\"format\":\"json\",\"sign\":\"IYJut0bZX5obYRI6xu9sNI/HFa4xzSvzhGc82mTQ6S8DRkPRx56PxOpzmBpyPZEWVn9P1bALZuFNo3ddLs35RBWUz3MkAXHG4+yHRgmLv8cmYUED131Onvfos34lCu1EhqBUl34fcifeS179ZkBz17x5oucoI8UTE3+KreVTMSgm5X/XCBW2C95tUZ5UdZODjeRD03sxLOt33KXZ0dWNFDq/qsxrkmdAMbs9wpxpE1RWiL1WCGePESNrgqD5ygP3HwdkU3ZbAV16lo/2LOY2f1KyhxIWu4NYDZHwmJkyGTdQ+Ksq8rGHVWqf5QdJqN5XwZ7AnmZ+/+iZBIyzjMSkDw==\",\"type\":\"EVENT_PUSH\",\"sign_type\":\"RSA2\",\"timestamp\":\"2026-01-17 00:15:50\"}', NULL, '2026-01-17 00:15:50.822', '2', 'ConnectException: Connection refused', NULL, '2026-01-17 00:15:50.827');
INSERT INTO `mdo_event_push_log` (`id`, `event_push_id`, `request_time`, `request_data`, `response_data`, `response_time`, `exec_status`, `error_msg`, `created_by`, `created_at`) VALUES (46000701763827745, 46000701763827734, '2026-01-17 00:15:50.846', '{\"charset\":\"utf8\",\"biz_content\":\"{\\\"id\\\":45946774154457107}\",\"app_key\":\"ruoyi-vue-sso\",\"method\":\"user:edit\",\"format\":\"json\",\"sign\":\"IYJut0bZX5obYRI6xu9sNI/HFa4xzSvzhGc82mTQ6S8DRkPRx56PxOpzmBpyPZEWVn9P1bALZuFNo3ddLs35RBWUz3MkAXHG4+yHRgmLv8cmYUED131Onvfos34lCu1EhqBUl34fcifeS179ZkBz17x5oucoI8UTE3+KreVTMSgm5X/XCBW2C95tUZ5UdZODjeRD03sxLOt33KXZ0dWNFDq/qsxrkmdAMbs9wpxpE1RWiL1WCGePESNrgqD5ygP3HwdkU3ZbAV16lo/2LOY2f1KyhxIWu4NYDZHwmJkyGTdQ+Ksq8rGHVWqf5QdJqN5XwZ7AnmZ+/+iZBIyzjMSkDw==\",\"type\":\"EVENT_PUSH\",\"sign_type\":\"RSA2\",\"timestamp\":\"2026-01-17 00:15:50\"}', NULL, '2026-01-17 00:15:50.847', '2', 'ConnectException: Connection refused', NULL, '2026-01-17 00:15:50.851');
INSERT INTO `mdo_event_push_log` (`id`, `event_push_id`, `request_time`, `request_data`, `response_data`, `response_time`, `exec_status`, `error_msg`, `created_by`, `created_at`) VALUES (46000701763827746, 46000701763827724, '2026-01-17 01:05:50.852', '{\"charset\":\"utf8\",\"biz_content\":\"{\\\"id\\\":45946774154457107}\",\"app_key\":\"ruoyi-vue-sso\",\"method\":\"user:edit\",\"format\":\"json\",\"sign\":\"YYSjL6+rcV2BOqXdl6rBiiiHff+3yUDYfJs0TwrB5suLCcYgruy1kJSexICjqDfa5Ng+MryB/IMW7K2n2FM1y/MpfttAJlmFeRqKPEhvmZpE2mOeRw3kyvArUtzWG0tp6ZqEEbGMStXNyA+KEHSrd0E5nWHp/O0s0glUikmFVi8LkpkdNbTRykdqY5f1AB6qzM9/+roC9zm+/6By6WsuxMnCsz8iiG/hbtd2KxGDC2+ZVaHtEdfs1U7DvD5zZmNKfM7MBiNtRIh9ysTxJHLXFxgXiEAf7JtCHtzCvqObxT1zGuFdN2TjEe/IDKchiXw0Y/UgKLhdzW1ai44s7Ubxxw==\",\"type\":\"EVENT_PUSH\",\"sign_type\":\"RSA2\",\"timestamp\":\"2026-01-17 01:05:50\"}', NULL, '2026-01-17 01:05:50.853', '2', 'ConnectException: Connection refused', NULL, '2026-01-17 01:05:50.868');
INSERT INTO `mdo_event_push_log` (`id`, `event_push_id`, `request_time`, `request_data`, `response_data`, `response_time`, `exec_status`, `error_msg`, `created_by`, `created_at`) VALUES (46000701763827747, 46000701763827729, '2026-01-17 01:05:50.895', '{\"charset\":\"utf8\",\"biz_content\":\"{\\\"id\\\":45946774154457107}\",\"app_key\":\"ruoyi-vue-sso\",\"method\":\"user:edit\",\"format\":\"json\",\"sign\":\"YYSjL6+rcV2BOqXdl6rBiiiHff+3yUDYfJs0TwrB5suLCcYgruy1kJSexICjqDfa5Ng+MryB/IMW7K2n2FM1y/MpfttAJlmFeRqKPEhvmZpE2mOeRw3kyvArUtzWG0tp6ZqEEbGMStXNyA+KEHSrd0E5nWHp/O0s0glUikmFVi8LkpkdNbTRykdqY5f1AB6qzM9/+roC9zm+/6By6WsuxMnCsz8iiG/hbtd2KxGDC2+ZVaHtEdfs1U7DvD5zZmNKfM7MBiNtRIh9ysTxJHLXFxgXiEAf7JtCHtzCvqObxT1zGuFdN2TjEe/IDKchiXw0Y/UgKLhdzW1ai44s7Ubxxw==\",\"type\":\"EVENT_PUSH\",\"sign_type\":\"RSA2\",\"timestamp\":\"2026-01-17 01:05:50\"}', NULL, '2026-01-17 01:05:50.896', '2', 'ConnectException: Connection refused', NULL, '2026-01-17 01:05:50.901');
INSERT INTO `mdo_event_push_log` (`id`, `event_push_id`, `request_time`, `request_data`, `response_data`, `response_time`, `exec_status`, `error_msg`, `created_by`, `created_at`) VALUES (46000701763827748, 46000701763827734, '2026-01-17 01:05:50.920', '{\"charset\":\"utf8\",\"biz_content\":\"{\\\"id\\\":45946774154457107}\",\"app_key\":\"ruoyi-vue-sso\",\"method\":\"user:edit\",\"format\":\"json\",\"sign\":\"YYSjL6+rcV2BOqXdl6rBiiiHff+3yUDYfJs0TwrB5suLCcYgruy1kJSexICjqDfa5Ng+MryB/IMW7K2n2FM1y/MpfttAJlmFeRqKPEhvmZpE2mOeRw3kyvArUtzWG0tp6ZqEEbGMStXNyA+KEHSrd0E5nWHp/O0s0glUikmFVi8LkpkdNbTRykdqY5f1AB6qzM9/+roC9zm+/6By6WsuxMnCsz8iiG/hbtd2KxGDC2+ZVaHtEdfs1U7DvD5zZmNKfM7MBiNtRIh9ysTxJHLXFxgXiEAf7JtCHtzCvqObxT1zGuFdN2TjEe/IDKchiXw0Y/UgKLhdzW1ai44s7Ubxxw==\",\"type\":\"EVENT_PUSH\",\"sign_type\":\"RSA2\",\"timestamp\":\"2026-01-17 01:05:50\"}', NULL, '2026-01-17 01:05:50.921', '2', 'ConnectException: Connection refused', NULL, '2026-01-17 01:05:50.926');
INSERT INTO `mdo_event_push_log` (`id`, `event_push_id`, `request_time`, `request_data`, `response_data`, `response_time`, `exec_status`, `error_msg`, `created_by`, `created_at`) VALUES (46000701763827749, 45905439389198338, '2026-01-17 01:54:14.815', '{\"charset\":\"utf8\",\"biz_content\":\"{\\\"id\\\":45905439389198336}\",\"app_key\":\"ruoyi-vue-sso\",\"method\":\"user:add\",\"format\":\"json\",\"sign\":\"Ac5COAqylz/BMFowtr/++CNONLhX5SOtQBfhISV/i6czfFOYjpXQNeDjGlU8qS2Nuiowk/M0kX7JXVeGGhTsYDkvwi2t9kC5bQIV+ktIfPS5qB8tKk4cAZ/v2BnFsJBacJJgGNsCL6MakkXYPqOh1/mhQfQqlxsFp4En1Dgy470+RrgzOjopi+tQsQevUC7+83h3BMH5Fpn2ofCghK4gpDNew3ijmHxpDalZupbt0jXOWlMxPo8bflYFycMxP3sNLqyCxzWMFrIxdhztQ4jHEpmvf7/7H/h6iXZMKyMi634rVx+s4qh5fwKMs+AZsw+S5Rhf9KbW6Y7BBp2mTbJbHA==\",\"type\":\"EVENT_PUSH\",\"sign_type\":\"RSA2\",\"timestamp\":\"2026-01-17 01:54:14\"}', NULL, '2026-01-17 01:54:14.816', '3', 'ConnectException: Connection refused', NULL, '2026-01-17 01:54:14.835');
INSERT INTO `mdo_event_push_log` (`id`, `event_push_id`, `request_time`, `request_data`, `response_data`, `response_time`, `exec_status`, `error_msg`, `created_by`, `created_at`) VALUES (46000701763827750, 45946774154457096, '2026-01-17 05:26:15.562', '{\"charset\":\"utf8\",\"biz_content\":\"{\\\"id\\\":45946774154457094}\",\"app_key\":\"ruoyi-vue-sso\",\"method\":\"user:add\",\"format\":\"json\",\"sign\":\"EUzFMluWETkMod0Ocp4OnC3CY0OD2BW+Zzcaq9/gHQZ61B8BfbQ0usLMJFZ/USZe7xIzhguXFXxv4QMmXqoYvpbIHILrG3oxQvRrbi0qDV/ozETU++WCQ7GC8JKlACqr5efsYkhwPoqXb7ip2IseANcftKor5J+vA6TU/OcZ17fnPOarZdcsp6lnkmrgL+HdUlcA0+Yy8hiOHVcvcaTICYqEIOqW0Hwrer1ikTqqOr/HjA8+7fPDWfUysc6vRRcrwrS48lcWDHkUFEs7Wcal8MC9WB0A10QxsOq7ZxeVW4j1czvIboLYucmtAHOinEwmrLJrilKor8inxEfpgg67fA==\",\"type\":\"EVENT_PUSH\",\"sign_type\":\"RSA2\",\"timestamp\":\"2026-01-17 05:26:15\"}', NULL, '2026-01-17 05:26:15.563', '3', 'ConnectException: Connection refused', NULL, '2026-01-17 05:26:15.666');
INSERT INTO `mdo_event_push_log` (`id`, `event_push_id`, `request_time`, `request_data`, `response_data`, `response_time`, `exec_status`, `error_msg`, `created_by`, `created_at`) VALUES (46000701763827751, 45946774154457109, '2026-01-17 05:26:15.843', '{\"charset\":\"utf8\",\"biz_content\":\"{\\\"id\\\":45946774154457107}\",\"app_key\":\"ruoyi-vue-sso\",\"method\":\"user:add\",\"format\":\"json\",\"sign\":\"foa4s/TImLt15qUS59h2/78iwP97bBppQmgvHDneVKVDXcRUewmoSMYq0NeicG26UawA1PtZHCspU/DxisYkUnbHqtVdhsSevBy+wTDJAqW2fGDc1apemtUCeEiHPc3/2cKJxpj0UfOQCQyVX9gv9cUsntV2hczqLoSpI0N7kVWzOK383ZJARpmwCFT1zLy4+2Ds3w20Cghp77G4DQXpg1BUoSHgb3Cu7SOWk75RWNNDDshuFSFHuwvdbCLHcj7MfxyuviLJIxyQkgreP7T5T4T+hWZbUnpaAKu+0mf8cRVFzKvMQ68JNbfbLFf4AKYpoxLJ1fqMlUcKUHoBSBagBw==\",\"type\":\"EVENT_PUSH\",\"sign_type\":\"RSA2\",\"timestamp\":\"2026-01-17 05:26:15\"}', NULL, '2026-01-17 05:26:15.844', '3', 'ConnectException: Connection refused', NULL, '2026-01-17 05:26:15.927');
INSERT INTO `mdo_event_push_log` (`id`, `event_push_id`, `request_time`, `request_data`, `response_data`, `response_time`, `exec_status`, `error_msg`, `created_by`, `created_at`) VALUES (46000701763827752, 46000701763827724, '2026-01-17 07:33:29.429', '{\"charset\":\"utf8\",\"biz_content\":\"{\\\"id\\\":45946774154457107}\",\"app_key\":\"ruoyi-vue-sso\",\"method\":\"user:edit\",\"format\":\"json\",\"sign\":\"HNIsnwNeNoOzG3/gYrv8C15jVCvs6Svj7mwecW0g43Xgwg8LOfPBEiY7G5pHC0hJF+CCpL0A9jURtAFdibX7cfHoyS2Ih1XmnXIx2extUi1P50j0oHDiDljswkiv2mSbFMRUZqbGzMUyMV1gThrE/ZrYzPThkaMi9FS//zYo060Y9Jnldzt6OKl6BNZTTQua4/K8zeyz/DmRuembvKkmddR76YLCoZINRNajS2Bnn2F+2TKP2LRc6UWkrdmYczgMSi3fEl81yLrfKLutdRgupX1UpPS3wOmC7DMCgjPjdUXj5AUjfrT6kp0cRaMH50RgIIS84sYuly0OabbLIgp9VQ==\",\"type\":\"EVENT_PUSH\",\"sign_type\":\"RSA2\",\"timestamp\":\"2026-01-17 07:33:29\"}', NULL, '2026-01-17 07:33:29.430', '3', 'ConnectException: Connection refused', NULL, '2026-01-17 07:33:29.452');
INSERT INTO `mdo_event_push_log` (`id`, `event_push_id`, `request_time`, `request_data`, `response_data`, `response_time`, `exec_status`, `error_msg`, `created_by`, `created_at`) VALUES (46000701763827753, 46000701763827729, '2026-01-17 07:33:29.497', '{\"charset\":\"utf8\",\"biz_content\":\"{\\\"id\\\":45946774154457107}\",\"app_key\":\"ruoyi-vue-sso\",\"method\":\"user:edit\",\"format\":\"json\",\"sign\":\"HNIsnwNeNoOzG3/gYrv8C15jVCvs6Svj7mwecW0g43Xgwg8LOfPBEiY7G5pHC0hJF+CCpL0A9jURtAFdibX7cfHoyS2Ih1XmnXIx2extUi1P50j0oHDiDljswkiv2mSbFMRUZqbGzMUyMV1gThrE/ZrYzPThkaMi9FS//zYo060Y9Jnldzt6OKl6BNZTTQua4/K8zeyz/DmRuembvKkmddR76YLCoZINRNajS2Bnn2F+2TKP2LRc6UWkrdmYczgMSi3fEl81yLrfKLutdRgupX1UpPS3wOmC7DMCgjPjdUXj5AUjfrT6kp0cRaMH50RgIIS84sYuly0OabbLIgp9VQ==\",\"type\":\"EVENT_PUSH\",\"sign_type\":\"RSA2\",\"timestamp\":\"2026-01-17 07:33:29\"}', NULL, '2026-01-17 07:33:29.498', '3', 'ConnectException: Connection refused', NULL, '2026-01-17 07:33:29.508');
INSERT INTO `mdo_event_push_log` (`id`, `event_push_id`, `request_time`, `request_data`, `response_data`, `response_time`, `exec_status`, `error_msg`, `created_by`, `created_at`) VALUES (46000701763827754, 46000701763827734, '2026-01-17 07:33:29.537', '{\"charset\":\"utf8\",\"biz_content\":\"{\\\"id\\\":45946774154457107}\",\"app_key\":\"ruoyi-vue-sso\",\"method\":\"user:edit\",\"format\":\"json\",\"sign\":\"HNIsnwNeNoOzG3/gYrv8C15jVCvs6Svj7mwecW0g43Xgwg8LOfPBEiY7G5pHC0hJF+CCpL0A9jURtAFdibX7cfHoyS2Ih1XmnXIx2extUi1P50j0oHDiDljswkiv2mSbFMRUZqbGzMUyMV1gThrE/ZrYzPThkaMi9FS//zYo060Y9Jnldzt6OKl6BNZTTQua4/K8zeyz/DmRuembvKkmddR76YLCoZINRNajS2Bnn2F+2TKP2LRc6UWkrdmYczgMSi3fEl81yLrfKLutdRgupX1UpPS3wOmC7DMCgjPjdUXj5AUjfrT6kp0cRaMH50RgIIS84sYuly0OabbLIgp9VQ==\",\"type\":\"EVENT_PUSH\",\"sign_type\":\"RSA2\",\"timestamp\":\"2026-01-17 07:33:29\"}', NULL, '2026-01-17 07:33:29.537', '3', 'ConnectException: Connection refused', NULL, '2026-01-17 07:33:29.544');
COMMIT;

-- ----------------------------
-- Table structure for mdo_event_subscription
-- ----------------------------
DROP TABLE IF EXISTS `mdo_event_subscription`;
CREATE TABLE `mdo_event_subscription` (
  `id` bigint NOT NULL COMMENT '主键',
  `app_id` bigint NOT NULL COMMENT '所属应用',
  `event_type_id` bigint NOT NULL COMMENT '所属事件',
  `created_by` bigint DEFAULT NULL COMMENT '创建人',
  `created_at` datetime(3) DEFAULT NULL COMMENT '创建时间',
  PRIMARY KEY (`id`),
  UNIQUE KEY `uk_app_event` (`app_id`,`event_type_id`) USING BTREE
) ENGINE=InnoDB DEFAULT CHARSET=utf8mb4 COLLATE=utf8mb4_general_ci COMMENT='事件订阅';

-- ----------------------------
-- Records of mdo_event_subscription
-- ----------------------------
BEGIN;
INSERT INTO `mdo_event_subscription` (`id`, `app_id`, `event_type_id`, `created_by`, `created_at`) VALUES (41562316919769098, 41562316919769097, 41382868891172909, 680083598598475778, '2026-01-05 00:23:49.085');
INSERT INTO `mdo_event_subscription` (`id`, `app_id`, `event_type_id`, `created_by`, `created_at`) VALUES (41568295514246150, 27794923806382080, 41382868891172909, 680083598598475778, '2026-01-05 00:28:31.946');
INSERT INTO `mdo_event_subscription` (`id`, `app_id`, `event_type_id`, `created_by`, `created_at`) VALUES (44782344095972372, 5, 41382868891172909, 680083598598475778, '2026-01-13 16:34:17.929');
INSERT INTO `mdo_event_subscription` (`id`, `app_id`, `event_type_id`, `created_by`, `created_at`) VALUES (44782344095972373, 5, 41382868891172910, 680083598598475778, '2026-01-13 16:34:17.930');
INSERT INTO `mdo_event_subscription` (`id`, `app_id`, `event_type_id`, `created_by`, `created_at`) VALUES (44782344095972374, 5, 44782344095972355, 680083598598475778, '2026-01-13 16:34:17.931');
INSERT INTO `mdo_event_subscription` (`id`, `app_id`, `event_type_id`, `created_by`, `created_at`) VALUES (44782344095972375, 5, 44782344095972356, 680083598598475778, '2026-01-13 16:34:17.931');
INSERT INTO `mdo_event_subscription` (`id`, `app_id`, `event_type_id`, `created_by`, `created_at`) VALUES (44782344095972376, 5, 44782344095972357, 680083598598475778, '2026-01-13 16:34:17.932');
INSERT INTO `mdo_event_subscription` (`id`, `app_id`, `event_type_id`, `created_by`, `created_at`) VALUES (44782344095972377, 5, 44782344095972358, 680083598598475778, '2026-01-13 16:34:17.932');
INSERT INTO `mdo_event_subscription` (`id`, `app_id`, `event_type_id`, `created_by`, `created_at`) VALUES (45598250443283492, 4, 41382868891172909, 680083598598475778, '2026-01-15 21:23:59.840');
INSERT INTO `mdo_event_subscription` (`id`, `app_id`, `event_type_id`, `created_by`, `created_at`) VALUES (45598250443283493, 4, 41382868891172910, 680083598598475778, '2026-01-15 21:23:59.845');
INSERT INTO `mdo_event_subscription` (`id`, `app_id`, `event_type_id`, `created_by`, `created_at`) VALUES (45598250443283494, 4, 44782344095972355, 680083598598475778, '2026-01-15 21:23:59.846');
INSERT INTO `mdo_event_subscription` (`id`, `app_id`, `event_type_id`, `created_by`, `created_at`) VALUES (45598250443283495, 4, 44782344095972356, 680083598598475778, '2026-01-15 21:23:59.846');
INSERT INTO `mdo_event_subscription` (`id`, `app_id`, `event_type_id`, `created_by`, `created_at`) VALUES (45598250443283496, 4, 44782344095972357, 680083598598475778, '2026-01-15 21:23:59.846');
INSERT INTO `mdo_event_subscription` (`id`, `app_id`, `event_type_id`, `created_by`, `created_at`) VALUES (45598250443283497, 4, 44782344095972358, 680083598598475778, '2026-01-15 21:23:59.846');
COMMIT;

-- ----------------------------
-- Table structure for mdo_event_trigger
-- ----------------------------
DROP TABLE IF EXISTS `mdo_event_trigger`;
CREATE TABLE `mdo_event_trigger` (
  `id` bigint NOT NULL COMMENT 'ID',
  `event_code` varchar(255) COLLATE utf8mb4_general_ci NOT NULL COMMENT '事件编码',
  `event_id` bigint NOT NULL COMMENT '事件ID',
  `trigger_at` datetime(3) DEFAULT NULL COMMENT '触发时间',
  `event_content` varchar(255) COLLATE utf8mb4_general_ci DEFAULT NULL COMMENT '事件内容',
  `created_by` bigint DEFAULT NULL COMMENT '创建人',
  `created_at` datetime(3) DEFAULT NULL COMMENT '创建时间',
  PRIMARY KEY (`id`)
) ENGINE=InnoDB DEFAULT CHARSET=utf8mb4 COLLATE=utf8mb4_general_ci COMMENT='事件触发';

-- ----------------------------
-- Records of mdo_event_trigger
-- ----------------------------
BEGIN;
INSERT INTO `mdo_event_trigger` (`id`, `event_code`, `event_id`, `trigger_at`, `event_content`, `created_by`, `created_at`) VALUES (44782344095972371, 'org:add', 44782344095972356, '2026-01-13 16:32:55.584', '44782344095972369', 680083598598475778, '2026-01-13 16:32:55.590');
INSERT INTO `mdo_event_trigger` (`id`, `event_code`, `event_id`, `trigger_at`, `event_content`, `created_by`, `created_at`) VALUES (44782344095972378, 'org:edit', 44782344095972357, '2026-01-13 16:34:50.136', '44782344095972369', 680083598598475778, '2026-01-13 16:34:50.141');
INSERT INTO `mdo_event_trigger` (`id`, `event_code`, `event_id`, `trigger_at`, `event_content`, `created_by`, `created_at`) VALUES (44782344095972380, 'org:edit', 44782344095972357, '2026-01-13 16:38:19.888', '44782344095972369', 680083598598475778, '2026-01-13 16:38:19.897');
INSERT INTO `mdo_event_trigger` (`id`, `event_code`, `event_id`, `trigger_at`, `event_content`, `created_by`, `created_at`) VALUES (44790775116775424, 'org:edit', 44782344095972357, '2026-01-13 16:51:45.678', '44782344095972369', 680083598598475778, '2026-01-13 16:51:45.708');
INSERT INTO `mdo_event_trigger` (`id`, `event_code`, `event_id`, `trigger_at`, `event_content`, `created_by`, `created_at`) VALUES (44790775116775426, 'org:edit', 44782344095972357, '2026-01-13 16:52:36.659', '44782344095972369', 680083598598475778, '2026-01-13 16:52:36.667');
INSERT INTO `mdo_event_trigger` (`id`, `event_code`, `event_id`, `trigger_at`, `event_content`, `created_by`, `created_at`) VALUES (44790775116775428, 'org:edit', 44782344095972357, '2026-01-13 16:58:00.689', '44782344095972369', 680083598598475778, '2026-01-13 16:58:00.694');
INSERT INTO `mdo_event_trigger` (`id`, `event_code`, `event_id`, `trigger_at`, `event_content`, `created_by`, `created_at`) VALUES (44790775116775430, 'org:edit', 44782344095972357, '2026-01-13 16:59:03.530', '44782344095972369', 680083598598475778, '2026-01-13 16:59:03.540');
INSERT INTO `mdo_event_trigger` (`id`, `event_code`, `event_id`, `trigger_at`, `event_content`, `created_by`, `created_at`) VALUES (44860564040371200, 'org:edit', 44782344095972357, '2026-01-13 21:23:18.919', '44782344095972369', 680083598598475778, '2026-01-13 21:23:18.935');
INSERT INTO `mdo_event_trigger` (`id`, `event_code`, `event_id`, `trigger_at`, `event_content`, `created_by`, `created_at`) VALUES (44860564040371203, 'org:edit', 44782344095972357, '2026-01-13 21:26:22.383', '44782344095972369', 680083598598475778, '2026-01-13 21:26:22.389');
INSERT INTO `mdo_event_trigger` (`id`, `event_code`, `event_id`, `trigger_at`, `event_content`, `created_by`, `created_at`) VALUES (44860564040371206, 'org:edit', 44782344095972357, '2026-01-13 21:26:58.848', '44782344095972369', 680083598598475778, '2026-01-13 21:26:58.852');
INSERT INTO `mdo_event_trigger` (`id`, `event_code`, `event_id`, `trigger_at`, `event_content`, `created_by`, `created_at`) VALUES (44862209012846592, 'org:edit', 44782344095972357, '2026-01-13 21:29:06.597', '44782344095972369', 680083598598475778, '2026-01-13 21:29:06.617');
INSERT INTO `mdo_event_trigger` (`id`, `event_code`, `event_id`, `trigger_at`, `event_content`, `created_by`, `created_at`) VALUES (44862209012846600, 'org:edit', 44782344095972357, '2026-01-13 22:28:57.785', '44782344095972369', 680083598598475778, '2026-01-13 22:28:57.791');
INSERT INTO `mdo_event_trigger` (`id`, `event_code`, `event_id`, `trigger_at`, `event_content`, `created_by`, `created_at`) VALUES (44890431242951680, 'org:edit', 44782344095972357, '2026-01-13 23:18:21.633', '44782344095972369', 680083598598475778, '2026-01-13 23:18:21.657');
INSERT INTO `mdo_event_trigger` (`id`, `event_code`, `event_id`, `trigger_at`, `event_content`, `created_by`, `created_at`) VALUES (44890431242951683, 'org:edit', 44782344095972357, '2026-01-13 23:19:55.853', '44782344095972369', 680083598598475778, '2026-01-13 23:19:55.858');
INSERT INTO `mdo_event_trigger` (`id`, `event_code`, `event_id`, `trigger_at`, `event_content`, `created_by`, `created_at`) VALUES (44890431242951686, 'org:edit', 44782344095972357, '2026-01-13 23:21:44.200', '44782344095972369', 680083598598475778, '2026-01-13 23:21:44.209');
INSERT INTO `mdo_event_trigger` (`id`, `event_code`, `event_id`, `trigger_at`, `event_content`, `created_by`, `created_at`) VALUES (44890431242951689, 'org:edit', 44782344095972357, '2026-01-13 23:22:50.272', '44782344095972369', 680083598598475778, '2026-01-13 23:22:50.280');
INSERT INTO `mdo_event_trigger` (`id`, `event_code`, `event_id`, `trigger_at`, `event_content`, `created_by`, `created_at`) VALUES (44890431242951693, 'org:edit', 44782344095972357, '2026-01-13 23:25:40.886', '44782344095972369', 680083598598475778, '2026-01-13 23:25:40.892');
INSERT INTO `mdo_event_trigger` (`id`, `event_code`, `event_id`, `trigger_at`, `event_content`, `created_by`, `created_at`) VALUES (44890431242951696, 'org:edit', 44782344095972357, '2026-01-13 23:26:48.516', '44782344095972369', 680083598598475778, '2026-01-13 23:26:48.528');
INSERT INTO `mdo_event_trigger` (`id`, `event_code`, `event_id`, `trigger_at`, `event_content`, `created_by`, `created_at`) VALUES (44890431242951699, 'org:edit', 44782344095972357, '2026-01-13 23:27:21.808', '44782344095972369', 680083598598475778, '2026-01-13 23:27:21.812');
INSERT INTO `mdo_event_trigger` (`id`, `event_code`, `event_id`, `trigger_at`, `event_content`, `created_by`, `created_at`) VALUES (44890431242951702, 'org:edit', 44782344095972357, '2026-01-13 23:30:47.539', '44782344095972369', 680083598598475778, '2026-01-13 23:30:47.546');
INSERT INTO `mdo_event_trigger` (`id`, `event_code`, `event_id`, `trigger_at`, `event_content`, `created_by`, `created_at`) VALUES (45598250443283499, 'user:edit', 41382868891172910, '2026-01-15 21:24:15.926', '{\"id\":43373586232915971}', NULL, '2026-01-15 21:24:15.933');
INSERT INTO `mdo_event_trigger` (`id`, `event_code`, `event_id`, `trigger_at`, `event_content`, `created_by`, `created_at`) VALUES (45905439389198337, 'user:add', 41382868891172909, '2026-01-16 16:57:22.108', '{\"id\":45905439389198336}', NULL, '2026-01-16 16:57:22.117');
INSERT INTO `mdo_event_trigger` (`id`, `event_code`, `event_id`, `trigger_at`, `event_content`, `created_by`, `created_at`) VALUES (45946774154457095, 'user:add', 41382868891172909, '2026-01-16 20:01:11.287', '{\"id\":45946774154457094}', NULL, '2026-01-16 20:01:11.429');
INSERT INTO `mdo_event_trigger` (`id`, `event_code`, `event_id`, `trigger_at`, `event_content`, `created_by`, `created_at`) VALUES (45946774154457108, 'user:add', 41382868891172909, '2026-01-16 20:03:07.504', '{\"id\":45946774154457107}', NULL, '2026-01-16 20:03:07.509');
INSERT INTO `mdo_event_trigger` (`id`, `event_code`, `event_id`, `trigger_at`, `event_content`, `created_by`, `created_at`) VALUES (46000701763827723, 'user:edit', 41382868891172910, '2026-01-16 23:50:39.221', '{\"id\":45946774154457107}', NULL, '2026-01-16 23:50:39.240');
INSERT INTO `mdo_event_trigger` (`id`, `event_code`, `event_id`, `trigger_at`, `event_content`, `created_by`, `created_at`) VALUES (46000701763827728, 'user:edit', 41382868891172910, '2026-01-16 23:50:41.864', '{\"id\":45946774154457107}', NULL, '2026-01-16 23:50:41.869');
INSERT INTO `mdo_event_trigger` (`id`, `event_code`, `event_id`, `trigger_at`, `event_content`, `created_by`, `created_at`) VALUES (46000701763827733, 'user:edit', 41382868891172910, '2026-01-16 23:51:18.728', '{\"id\":45946774154457107}', NULL, '2026-01-16 23:51:18.733');
COMMIT;

-- ----------------------------
-- Table structure for mdo_event_type
-- ----------------------------
DROP TABLE IF EXISTS `mdo_event_type`;
CREATE TABLE `mdo_event_type` (
  `id` bigint NOT NULL COMMENT '主键',
  `code` varchar(255) CHARACTER SET utf8mb4 COLLATE utf8mb4_general_ci NOT NULL COMMENT '事件编码',
  `name` varchar(255) CHARACTER SET utf8mb4 COLLATE utf8mb4_general_ci NOT NULL COMMENT '事件名称',
  `remarks` varchar(512) COLLATE utf8mb4_general_ci DEFAULT NULL COMMENT '事件描述',
  `weight` int DEFAULT NULL COMMENT '排序',
  `state` bit(1) DEFAULT b'1' COMMENT '状态',
  `created_by` bigint DEFAULT NULL COMMENT '创建人',
  `created_at` datetime(3) DEFAULT NULL COMMENT '创建时间',
  `updated_by` bigint DEFAULT NULL COMMENT '更新人',
  `updated_at` datetime(3) DEFAULT NULL COMMENT '更新时间',
  PRIMARY KEY (`id`),
  UNIQUE KEY `uk_code` (`code`) USING BTREE
) ENGINE=InnoDB DEFAULT CHARSET=utf8mb4 COLLATE=utf8mb4_general_ci COMMENT='事件类型';

-- ----------------------------
-- Records of mdo_event_type
-- ----------------------------
BEGIN;
INSERT INTO `mdo_event_type` (`id`, `code`, `name`, `remarks`, `weight`, `state`, `created_by`, `created_at`, `updated_by`, `updated_at`) VALUES (41382868891172909, 'user:add', '用户新增', NULL, 1, b'1', 680083598598475778, '2026-01-04 12:46:45.224', 680083598598475778, '2026-01-14 14:42:39.178');
INSERT INTO `mdo_event_type` (`id`, `code`, `name`, `remarks`, `weight`, `state`, `created_by`, `created_at`, `updated_by`, `updated_at`) VALUES (41382868891172910, 'user:edit', '用户编辑', NULL, 2, b'1', 680083598598475778, '2026-01-04 23:05:59.111', 680083598598475778, '2026-01-14 14:42:42.245');
INSERT INTO `mdo_event_type` (`id`, `code`, `name`, `remarks`, `weight`, `state`, `created_by`, `created_at`, `updated_by`, `updated_at`) VALUES (44782344095972355, 'user:delete', '用户删除', '删除用户时触发事件推送', 3, b'1', 680083598598475778, '2026-01-13 16:24:45.879', 680083598598475778, '2026-01-14 14:42:44.809');
INSERT INTO `mdo_event_type` (`id`, `code`, `name`, `remarks`, `weight`, `state`, `created_by`, `created_at`, `updated_by`, `updated_at`) VALUES (44782344095972356, 'org:add', '组织新增', NULL, 10, b'1', 680083598598475778, '2026-01-13 16:25:16.696', 680083598598475778, '2026-01-14 14:44:46.304');
INSERT INTO `mdo_event_type` (`id`, `code`, `name`, `remarks`, `weight`, `state`, `created_by`, `created_at`, `updated_by`, `updated_at`) VALUES (44782344095972357, 'org:edit', '组织编辑', NULL, 11, b'1', 680083598598475778, '2026-01-13 16:25:54.708', 680083598598475778, '2026-01-14 14:44:49.192');
INSERT INTO `mdo_event_type` (`id`, `code`, `name`, `remarks`, `weight`, `state`, `created_by`, `created_at`, `updated_by`, `updated_at`) VALUES (44782344095972358, 'org:delete', '组织删除', NULL, 12, b'1', 680083598598475778, '2026-01-13 16:26:04.370', 680083598598475778, '2026-01-14 14:44:52.010');
COMMIT;

-- ----------------------------
-- Table structure for mdo_group_api_rel
-- ----------------------------
DROP TABLE IF EXISTS `mdo_group_api_rel`;
CREATE TABLE `mdo_group_api_rel` (
  `id` bigint NOT NULL COMMENT 'id',
  `group_id` bigint NOT NULL COMMENT '所属分组\nperm_group.id',
  `api_id` bigint NOT NULL COMMENT '所属文档\napi_info.id',
  `created_at` datetime(3) DEFAULT CURRENT_TIMESTAMP(3) COMMENT '添加时间',
  `created_by` bigint DEFAULT '0' COMMENT '创建人id',
  PRIMARY KEY (`id`) USING BTREE,
  UNIQUE KEY `uk_apiid_groupid` (`api_id`,`group_id`) USING BTREE
) ENGINE=InnoDB DEFAULT CHARSET=utf8mb4 COLLATE=utf8mb4_general_ci COMMENT='分组拥有的对外接口';

-- ----------------------------
-- Records of mdo_group_api_rel
-- ----------------------------
BEGIN;
INSERT INTO `mdo_group_api_rel` (`id`, `group_id`, `api_id`, `created_at`, `created_by`) VALUES (27094573554165770, 695946377406496772, 1983749854299557888, '2025-11-27 00:45:25.950', 680083598598475778);
INSERT INTO `mdo_group_api_rel` (`id`, `group_id`, `api_id`, `created_at`, `created_by`) VALUES (27094573554165771, 695946377406496772, 1983749854337306624, '2025-11-27 00:45:25.959', 680083598598475778);
INSERT INTO `mdo_group_api_rel` (`id`, `group_id`, `api_id`, `created_at`, `created_by`) VALUES (27094573554165772, 695946377406496772, 1983749854416998400, '2025-11-27 00:45:25.959', 680083598598475778);
INSERT INTO `mdo_group_api_rel` (`id`, `group_id`, `api_id`, `created_at`, `created_by`) VALUES (27794923806382082, 694912179346388992, 1983749854299557888, '2025-11-29 11:32:18.426', 680083598598475778);
INSERT INTO `mdo_group_api_rel` (`id`, `group_id`, `api_id`, `created_at`, `created_by`) VALUES (27794923806382083, 694912179346388992, 1983749854416998400, '2025-11-29 11:32:18.432', 680083598598475778);
INSERT INTO `mdo_group_api_rel` (`id`, `group_id`, `api_id`, `created_at`, `created_by`) VALUES (27794923806382085, 27794923806382084, 1983749854337306624, '2025-11-29 22:02:21.699', 680083598598475778);
INSERT INTO `mdo_group_api_rel` (`id`, `group_id`, `api_id`, `created_at`, `created_by`) VALUES (695946377406496769, 694912179346388992, 1983749854375055360, '2025-11-03 10:43:01.057', 680083598598475778);
INSERT INTO `mdo_group_api_rel` (`id`, `group_id`, `api_id`, `created_at`, `created_by`) VALUES (695946377406496770, 694912179346388992, 1983749854337306624, '2025-11-03 10:43:01.066', 680083598598475778);
INSERT INTO `mdo_group_api_rel` (`id`, `group_id`, `api_id`, `created_at`, `created_by`) VALUES (695946377406496775, 695946377406496772, 1983749854375055360, '2025-11-03 11:19:49.676', 680083598598475778);
COMMIT;

-- ----------------------------
-- Table structure for mdo_group_scope_rel
-- ----------------------------
DROP TABLE IF EXISTS `mdo_group_scope_rel`;
CREATE TABLE `mdo_group_scope_rel` (
  `id` bigint NOT NULL COMMENT 'id',
  `group_id` bigint NOT NULL COMMENT '所属分组',
  `scope_id` bigint NOT NULL COMMENT '所属权限',
  `created_at` datetime(3) DEFAULT CURRENT_TIMESTAMP(3) COMMENT '添加时间',
  `created_by` bigint DEFAULT '0' COMMENT '创建人id',
  PRIMARY KEY (`id`) USING BTREE,
  UNIQUE KEY `uk_apiid_groupid` (`scope_id`,`group_id`) USING BTREE
) ENGINE=InnoDB DEFAULT CHARSET=utf8mb4 COLLATE=utf8mb4_general_ci COMMENT='分组拥有的oauth2权限';

-- ----------------------------
-- Records of mdo_group_scope_rel
-- ----------------------------
BEGIN;
INSERT INTO `mdo_group_scope_rel` (`id`, `group_id`, `scope_id`, `created_at`, `created_by`) VALUES (27794923806382086, 27794923806382084, 1, '2025-11-29 22:02:27.290', 680083598598475778);
INSERT INTO `mdo_group_scope_rel` (`id`, `group_id`, `scope_id`, `created_at`, `created_by`) VALUES (27794923806382087, 27794923806382084, 695946377406496768, '2025-11-29 22:02:27.295', 680083598598475778);
INSERT INTO `mdo_group_scope_rel` (`id`, `group_id`, `scope_id`, `created_at`, `created_by`) VALUES (695946377406496773, 694912179346388992, 1, '2025-11-03 11:09:53.925', 680083598598475778);
COMMIT;

-- ----------------------------
-- Table structure for mdo_help_doc
-- ----------------------------
DROP TABLE IF EXISTS `mdo_help_doc`;
CREATE TABLE `mdo_help_doc` (
  `id` bigint NOT NULL COMMENT 'id',
  `title` varchar(64) CHARACTER SET utf8mb4 COLLATE utf8mb4_general_ci NOT NULL DEFAULT '' COMMENT '文档名称',
  `weight` int NOT NULL DEFAULT '0' COMMENT '排序',
  `state` bit(1) NOT NULL DEFAULT b'1' COMMENT '状态\n1：启用，0：禁用',
  `content` longtext CHARACTER SET utf8mb4 COLLATE utf8mb4_general_ci COMMENT '内容',
  `content_type` smallint NOT NULL DEFAULT '1' COMMENT '内容类型\n1-Markdown,2-富文本',
  `parent_id` bigint DEFAULT NULL COMMENT '父级id',
  `created_at` datetime(3) NOT NULL DEFAULT CURRENT_TIMESTAMP(3) COMMENT '添加时间',
  `updated_at` datetime(3) NOT NULL DEFAULT CURRENT_TIMESTAMP(3) ON UPDATE CURRENT_TIMESTAMP(3) COMMENT '修改时间',
  `created_by` bigint DEFAULT '0' COMMENT '创建人id',
  `updated_by` bigint DEFAULT '0' COMMENT '修改人id',
  `tree_path` varchar(1024) COLLATE utf8mb4_general_ci DEFAULT NULL COMMENT '树路径',
  PRIMARY KEY (`id`) USING BTREE
) ENGINE=InnoDB DEFAULT CHARSET=utf8mb4 COLLATE=utf8mb4_general_ci ROW_FORMAT=DYNAMIC COMMENT='帮助文档';

-- ----------------------------
-- Records of mdo_help_doc
-- ----------------------------
BEGIN;
INSERT INTO `mdo_help_doc` (`id`, `title`, `weight`, `state`, `content`, `content_type`, `parent_id`, `created_at`, `updated_at`, `created_by`, `updated_by`, `tree_path`) VALUES (45452754131160064, '示例1： Java基础语法入门', 1, b'1', '# 文档一：Java基础语法入门\n\n## 一、Java简介与环境搭建\n\nJava是一种跨平台、面向对象的编程语言，具有“一次编写，到处运行”的特性，广泛应用于后端开发、移动开发等领域。要开展Java开发，首先需完成环境搭建，核心是安装JDK（Java Development Kit，Java开发工具包）。\n\n### 环境搭建步骤：\n\n1. 下载JDK：前往Oracle官网（https://www.oracle.com/java/technologies/downloads/），选择对应操作系统（Windows/macOS/Linux）的JDK版本（推荐Java 8或Java 17，兼容性较好）。\n\n2. 安装JDK：双击安装包，按向导完成安装，记住安装路径（如Windows下的“C:\\Program Files\\Java\\jdk1.8.0_301”）。\n\n3. 配置环境变量：\n       \n\n    - Windows：右键“此电脑”→“属性”→“高级系统设置”→“环境变量”，在系统变量中新建“JAVA_HOME”，值为JDK安装路径；编辑“Path”变量，添加“%JAVA_HOME%\\bin”和“%JAVA_HOME%\\jre\\bin”。\n\n    - macOS/Linux：打开终端，编辑~/.bash_profile或~/.zshrc文件，添加“export JAVA_HOME=JDK安装路径”“export PATH=$JAVA_HOME/bin:$PATH”，保存后执行“source ~/.bash_profile”生效。\n\n4. 验证：打开终端，输入“java -version”和“javac -version”，若显示版本信息则说明环境搭建成功。\n\n## 二、第一个Java程序：Hello World\n\n环境搭建完成后，编写第一个Java程序，步骤如下：\n\n1. 创建源文件：新建文本文件，命名为“HelloWorld.java”（注意：文件名必须与类名一致，后缀为.java）。\n\n2. 编写代码：\n`// 定义公共类HelloWorld\npublic class HelloWorld {\n    // 程序入口方法，main方法是Java程序的执行起点\n    public static void main(String[] args) {\n        // 输出“Hello World!”到控制台\n        System.out.println(\"Hello World!\");\n    }\n}`\n\n3. 编译与运行：\n       \n\n    - 编译：打开终端，进入源文件所在目录，输入“javac HelloWorld.java”，若没有报错，会生成“HelloWorld.class”字节码文件。\n\n    - 运行：输入“java HelloWorld”，控制台将输出“Hello World!”。\n\n## 三、核心基础语法\n\n### 1. 变量与数据类型\n\nJava是强类型语言，变量必须先声明再使用，且声明时需指定数据类型。核心数据类型分为两类：\n\n- 基本数据类型（8种）：\n        \n\n    - 整数类型：byte（1字节）、short（2字节）、int（4字节，默认）、long（8字节，声明时需加L后缀，如100L）。\n\n    - 浮点类型：float（4字节，声明时需加F后缀，如3.14F）、double（8字节，默认）。\n\n    - 字符类型：char（2字节，用单引号包裹，如\'a\'、\'中\'）。\n\n    - 布尔类型：boolean（1字节，值为true或false）。\n\n- 引用数据类型：类（如String）、数组、接口等，默认值为null。\n\n变量声明示例：\n\n```java\n\npublic class VariableDemo {\n    public static void main(String[] args) {\n        // 基本数据类型变量\n        int age = 20;\n        double score = 95.5;\n        char gender = \'男\';\n        boolean isPass = true;\n        \n        // 引用数据类型变量\n        String name = \"张三\";\n        \n        // 输出变量值\n        System.out.println(\"姓名：\" + name + \"，年龄：\" + age);\n    }\n}\n```\n\n### 2. 运算符\n\n常用运算符包括：\n\n- 算术运算符：+（加）、-（减）、*（乘）、/（除）、%（取余）、++（自增）、--（自减）。\n\n- 关系运算符：==（等于）、!=（不等于）、>（大于）、<（小于）、>=（大于等于）、<=（小于等于），结果为boolean类型。\n\n- 逻辑运算符：&&（短路与）、||（短路或）、!（非），用于连接boolean表达式。\n\n- 赋值运算符：=、+=、-=、*=、/=等。\n\n### 3. 流程控制语句\n\n用于控制程序执行顺序，核心包括：\n\n- 条件语句：if-else、switch-case。\n\n- 循环语句：for、while、do-while。\n\n- 跳转语句：break（跳出循环或switch）、continue（跳过本次循环，进入下一次）。\n\n示例（for循环与if-else）：\n\n```java\n\npublic class FlowControlDemo {\n    public static void main(String[] args) {\n        // 循环输出1-10的数字，判断奇偶性\n        for (int i = 1; i <= 10; i++) {\n            if (i % 2 == 0) {\n                System.out.println(i + \"是偶数\");\n            } else {\n                System.out.println(i + \"是奇数\");\n            }\n        }\n    }\n}\n```', 1, NULL, '2026-01-15 14:10:15.843', '2026-01-15 15:36:04.017', 680083598598475778, 680083598598475778, '/45452754131160064/');
INSERT INTO `mdo_help_doc` (`id`, `title`, `weight`, `state`, `content`, `content_type`, `parent_id`, `created_at`, `updated_at`, `created_by`, `updated_by`, `tree_path`) VALUES (45452754131160065, '文档二：Java面向对象基础', 2, b'1', '# 文档二：Java面向对象基础\n\n## 一、面向对象核心概念\n\nJava是纯面向对象编程语言，核心思想是“万物皆对象”，即将现实世界中的事物抽象为程序中的“对象”，通过对象的“属性”（特征）和“方法”（行为）描述事物。面向对象有三大特性：封装、继承、多态。\n\n关键术语：\n\n- 类：对象的抽象模板，定义了对象的属性和方法，如“Person”类。\n\n- 对象：类的实例化结果，如“张三”是“Person”类的一个对象。\n\n- 属性：类中的成员变量，描述对象的特征，如Person类的name、age。\n\n- 方法：类中的成员函数，描述对象的行为，如Person类的eat()、sleep()。\n\n## 二、类与对象的创建和使用\n\n### 1. 定义类\n\n类的定义格式：\n\n```java\n\n// 定义Person类\npublic class Person {\n    // 成员变量（属性）\n    String name;\n    int age;\n    \n    // 成员方法（行为）\n    // 无参数无返回值方法\n    public void eat() {\n        System.out.println(name + \"在吃饭\");\n    }\n    \n    // 有参数有返回值方法\n    public int getAge() {\n        return age;\n    }\n}\n```\n\n### 2. 创建与使用对象\n\n通过“new”关键字创建对象，格式为：`类名 对象名 = new 类名();`，之后通过“对象名.属性”“对象名.方法()”操作对象。\n\n示例：\n\n```java\n\npublic class PersonTest {\n    public static void main(String[] args) {\n        // 创建Person对象\n        Person zhangsan = new Person();\n        \n        // 给对象的属性赋值\n        zhangsan.name = \"张三\";\n        zhangsan.age = 25;\n        \n        // 调用对象的方法\n        zhangsan.eat();\n        int age = zhangsan.getAge();\n        System.out.println(\"年龄：\" + age);\n    }\n}\n```\n\n### 3. 构造方法\n\n构造方法是类中特殊的方法，用于对象的初始化，创建对象时自动调用。其特点：\n\n- 方法名与类名完全一致。\n\n- 没有返回值类型（包括void）。\n\n- 若类中未定义构造方法，系统会默认提供一个无参构造方法；若自定义了构造方法，默认无参构造会失效。\n\n示例（带参构造方法）：\n\n```java\n\npublic class Person {\n    String name;\n    int age;\n    \n    // 无参构造方法\n    public Person() {}\n    \n    // 带参构造方法\n    public Person(String n, int a) {\n        name = n;\n        age = a;\n    }\n    \n    public void eat() {\n        System.out.println(name + \"在吃饭\");\n    }\n}\n\n// 使用带参构造创建对象\npublic class PersonTest {\n    public static void main(String[] args) {\n        Person lisi = new Person(\"李四\", 30);\n        lisi.eat(); // 输出：李四在吃饭\n    }\n}\n```\n\n## 三、面向对象三大特性\n\n### 1. 封装\n\n封装是指将对象的属性和方法隐藏起来，仅通过公共的方法对外提供访问和修改接口，目的是提高代码安全性和可维护性。实现步骤：\n\n1. 将成员变量用“private”修饰（私有访问权限，仅本类可访问）。\n\n2. 提供公共的“getter”方法（获取属性值）和“setter”方法（修改属性值）。\n\n示例：\n\n```java\n\npublic class Person {\n    // 私有成员变量\n    private String name;\n    private int age;\n    \n    // getter方法（获取name）\n    public String getName() {\n        return name;\n    }\n    \n    // setter方法（修改name）\n    public void setName(String n) {\n        // 可在setter中添加逻辑校验\n        if (n != null && !n.equals(\"\")) {\n            name = n;\n        } else {\n            System.out.println(\"姓名不能为空\");\n        }\n    }\n    \n    // getter和setter方法（age）\n    public int getAge() {\n        return age;\n    }\n    \n    public void setAge(int a) {\n        if (a > 0 && a < 150) {\n            age = a;\n        } else {\n            System.out.println(\"年龄输入无效\");\n        }\n    }\n}\n\n// 使用封装后的类\npublic class PersonTest {\n    public static void main(String[] args) {\n        Person wangwu = new Person();\n        wangwu.setName(\"王五\");\n        wangwu.setAge(28);\n        System.out.println(\"姓名：\" + wangwu.getName() + \"，年龄：\" + wangwu.getAge());\n        \n        wangwu.setAge(200); // 输出：年龄输入无效\n    }\n}\n```\n\n### 2. 继承\n\n继承是指一个类（子类）继承另一个类（父类）的属性和方法，子类可复用父类的代码，同时可添加自己的特有属性和方法，实现代码复用和扩展。Java中类只能单继承（一个子类只能有一个直接父类），通过“extends”关键字实现。\n\n示例：\n\n```java\n\n// 父类：Person\npublic class Person {\n    private String name;\n    private int age;\n    \n    // getter和setter方法\n    public String getName() { return name; }\n    public void setName(String name) { this.name = name; }\n    public int getAge() { return age; }\n    public void setAge(int age) { this.age = age; }\n    \n    public void eat() {\n        System.out.println(name + \"在吃饭\");\n    }\n}\n\n// 子类：Student，继承Person\npublic class Student extends Person {\n    // 子类特有属性\n    private String studentId;\n    \n    // 子类特有方法\n    public void study() {\n        System.out.println(getName() + \"（学号：\" + studentId + \"）在学习\");\n    }\n    \n    // 子类getter和setter方法\n    public String getStudentId() { return studentId; }\n    public void setStudentId(String studentId) { this.studentId = studentId; }\n}\n\n// 测试类\npublic class StudentTest {\n    public static void main(String[] args) {\n        Student zhaoliu = new Student();\n        zhaoliu.setName(\"赵六\");\n        zhaoliu.setAge(20);\n        zhaoliu.setStudentId(\"2024001\");\n        \n        zhaoliu.eat(); // 继承父类的方法，输出：赵六在吃饭\n        zhaoliu.study(); // 子类特有方法，输出：赵六（学号：2024001）在学习\n    }\n}\n```\n\n### 3. 多态\n\n多态是指同一方法在不同对象上有不同的实现，即“一个接口，多种实现”。实现多态的前提：\n\n- 存在继承关系（子类继承父类）。\n\n- 子类重写父类的方法（方法名、参数列表、返回值类型完全一致，父类方法不能是private）。\n\n- 父类引用指向子类对象。\n\n示例：\n\n```java\n\n// 父类：Animal\npublic class Animal {\n    public void cry() {\n        System.out.println(\"动物在叫\");\n    }\n}\n\n// 子类：Dog，重写cry方法\npublic class Dog extends Animal {\n    @Override\n    public void cry() {\n        System.out.println(\"小狗汪汪叫\");\n    }\n}\n\n// 子类：Cat，重写cry方法\npublic class Cat extends Animal {\n    @Override\n    public void cry() {\n        System.out.println(\"小猫喵喵叫\");\n    }\n}\n\n// 测试多态\npublic class AnimalTest {\n    public static void main(String[] args) {\n        // 父类引用指向子类对象\n        Animal animal1 = new Dog();\n        Animal animal2 = new Cat();\n        \n        // 调用方法时，实际执行的是子类重写后的方法\n        animal1.cry(); // 输出：小狗汪汪叫\n        animal2.cry(); // 输出：小猫喵喵叫\n    }\n}\n```\n', 1, NULL, '2026-01-15 14:10:51.081', '2026-01-15 15:36:54.214', 680083598598475778, 680083598598475778, '/45452754131160065/');
INSERT INTO `mdo_help_doc` (`id`, `title`, `weight`, `state`, `content`, `content_type`, `parent_id`, `created_at`, `updated_at`, `created_by`, `updated_by`, `tree_path`) VALUES (45452754131160066, '文档三：Java常用类与工具类入门', 3, b'1', '# 文档三：Java常用类与工具类入门\n\n## 一、String类（字符串类）\n\nString类用于表示字符串，是Java中最常用的类之一。String类是不可变类（字符串对象创建后，其内容不能被修改，修改会创建新的字符串对象）。\n\n### 1. String对象的创建\n\n```java\n\npublic class StringDemo {\n    public static void main(String[] args) {\n        // 方式1：直接赋值（推荐，会复用字符串常量池中的对象）\n        String s1 = \"Hello Java\";\n        \n        // 方式2：通过new关键字创建（会创建新对象，不复用常量池）\n        String s2 = new String(\"Hello Java\");\n        \n        // 比较两个字符串的内容（用equals方法，不要用==）\n        System.out.println(s1.equals(s2)); // 输出：true\n        \n        // 比较两个对象的地址（==）\n        System.out.println(s1 == s2); // 输出：false\n    }\n}\n```\n\n### 2. 常用方法\n\n- length()：返回字符串的长度。\n\n- equals(Object obj)：比较两个字符串的内容是否相等（区分大小写）。\n\n- equalsIgnoreCase(String anotherString)：比较两个字符串的内容是否相等（不区分大小写）。\n\n- concat(String str)：拼接字符串，等价于“+”。\n\n- substring(int beginIndex)：从指定索引开始截取字符串，直到末尾。\n\n- substring(int beginIndex, int endIndex)：从beginIndex截取到endIndex（左闭右开，不包含endIndex）。\n\n- trim()：去除字符串前后的空白字符（空格、制表符等）。\n\n- indexOf(String str)：返回指定子串在字符串中第一次出现的索引，若不存在返回-1。\n\n- replace(CharSequence target, CharSequence replacement)：替换字符串中的指定子串。\n\n示例：\n\n```java\n\npublic class StringMethodDemo {\n    public static void main(String[] args) {\n        String s = \"  Hello Java World  \";\n        \n        System.out.println(s.length()); // 输出：17\n        System.out.println(s.trim()); // 输出：Hello Java World\n        System.out.println(s.substring(2, 11)); // 输出：Hello Java\n        System.out.println(s.replace(\"Java\", \"Python\")); // 输出：  Hello Python World  \n        System.out.println(s.indexOf(\"World\")); // 输出：12\n    }\n}\n```\n\n## 二、ArrayList类（动态数组）\n\nArrayList是Java集合框架中的动态数组类，用于存储多个元素，相比普通数组（固定长度），ArrayList的长度可以动态变化，支持添加、删除、修改元素等操作。ArrayList位于java.util包下，使用前需导入。\n\n### 1. 基本使用\n\n```java\n\nimport java.util.ArrayList;\n\npublic class ArrayListDemo {\n    public static void main(String[] args) {\n        // 创建ArrayList对象，指定存储String类型的元素\n        ArrayList<String> list = new ArrayList<>();\n        \n        // 添加元素（add方法）\n        list.add(\"苹果\");\n        list.add(\"香蕉\");\n        list.add(\"橙子\");\n        System.out.println(list); // 输出：[苹果, 香蕉, 橙子]\n        \n        // 获取元素（get方法，索引从0开始）\n        String fruit = list.get(1);\n        System.out.println(fruit); // 输出：香蕉\n        \n        // 修改元素（set方法）\n        list.set(2, \"葡萄\");\n        System.out.println(list); // 输出：[苹果, 香蕉, 葡萄]\n        \n        // 删除元素（remove方法，可根据索引或元素值删除）\n        list.remove(0); // 删除索引为0的元素\n        System.out.println(list); // 输出：[香蕉, 葡萄]\n        \n        // 获取集合长度（size方法）\n        System.out.println(list.size()); // 输出：2\n        \n        // 遍历集合（for循环）\n        for (int i = 0; i < list.size(); i++) {\n            System.out.println(list.get(i));\n        }\n        \n        // 增强for循环遍历（更简洁）\n        for (String s : list) {\n            System.out.println(s);\n        }\n    }\n}\n```\n\n### 2. 注意事项\n\n- ArrayList存储的是引用数据类型，不能直接存储基本数据类型（如int、double），若需存储基本数据类型，需使用对应的包装类（Integer、Double等）。\n\n- 示例（存储整数）：\n`ArrayList<Integer> numList = new ArrayList<>();\nnumList.add(10); // 自动装箱（int→Integer）\nnumList.add(20);\nint num = numList.get(0); // 自动拆箱（Integer→int）\nSystem.out.println(num); // 输出：10`\n\n## 三、Scanner类（输入工具类）\n\nScanner类用于从控制台获取用户输入，是Java入门阶段常用的输入工具，位于java.util包下，使用前需导入。\n\n### 1. 基本使用\n\n```java\n\nimport java.util.Scanner;\n\npublic class ScannerDemo {\n    public static void main(String[] args) {\n        // 创建Scanner对象，关联控制台输入\n        Scanner scanner = new Scanner(System.in);\n        \n        // 获取字符串输入（nextLine()方法）\n        System.out.print(\"请输入姓名：\");\n        String name = scanner.nextLine();\n        \n        // 获取整数输入（nextInt()方法）\n        System.out.print(\"请输入年龄：\");\n        int age = scanner.nextInt();\n        \n        // 获取浮点数输入（nextDouble()方法）\n        System.out.print(\"请输入成绩：\");\n        double score = scanner.nextDouble();\n        \n        // 输出获取到的信息\n        System.out.println(\"姓名：\" + name + \"，年龄：\" + age + \"，成绩：\" + score);\n        \n        // 关闭Scanner（释放资源）\n        scanner.close();\n    }\n}\n```\n\n### 2. 常用方法\n\n- nextLine()：获取一行字符串（包括空格）。\n\n- next()：获取一个字符串（以空格或回车为分隔符，不包含空格）。\n\n- nextInt()：获取整数。\n\n- nextDouble()：获取浮点数。\n\n- hasNextInt()：判断下一个输入是否为整数，返回boolean类型（用于避免输入类型错误）。\n\n### 3. 注意事项\n\n使用nextInt()、nextDouble()等方法后，若后续使用nextLine()，会导致nextLine()读取到空字符串（因为前一个方法会留下回车符）。解决方法：在nextInt()后添加一行scanner.nextLine()，消耗掉回车符。\n\n```java\n\nimport java.util.Scanner;\n\npublic class ScannerNote {\n    public static void main(String[] args) {\n        Scanner scanner = new Scanner(System.in);\n        \n        System.out.print(\"请输入年龄：\");\n        int age = scanner.nextInt();\n        scanner.nextLine(); // 消耗回车符\n        \n        System.out.print(\"请输入姓名：\");\n        String name = scanner.nextLine();\n        \n        System.out.println(\"姓名：\" + name + \"，年龄：\" + age);\n        scanner.close();\n    }\n}\n```', 1, NULL, '2026-01-15 14:46:50.336', '2026-01-15 15:41:10.849', 680083598598475778, 680083598598475778, '/45452754131160066/');
COMMIT;

-- ----------------------------
-- Table structure for mdo_notify_info
-- ----------------------------
DROP TABLE IF EXISTS `mdo_notify_info`;
CREATE TABLE `mdo_notify_info` (
  `id` bigint NOT NULL COMMENT 'ID',
  `call_log_id` bigint DEFAULT NULL COMMENT '所属调用',
  `app_id` bigint NOT NULL COMMENT '所属应用',
  `app_key` varchar(100) CHARACTER SET utf8mb4 COLLATE utf8mb4_general_ci NOT NULL COMMENT '应用秘钥',
  `api_name` varchar(128) CHARACTER SET utf8mb4 COLLATE utf8mb4_general_ci NOT NULL COMMENT '接口名称',
  `api_version` varchar(16) CHARACTER SET utf8mb4 COLLATE utf8mb4_general_ci NOT NULL COMMENT '接口版本',
  `notify_url` varchar(255) CHARACTER SET utf8mb4 COLLATE utf8mb4_general_ci DEFAULT NULL COMMENT '回调url',
  `request_data` text CHARACTER SET utf8mb4 COLLATE utf8mb4_general_ci COMMENT '请求参数',
  `last_request_time` datetime(3) DEFAULT NULL COMMENT '最后请求时间',
  `next_request_time` datetime(3) DEFAULT NULL COMMENT '下次请求时间',
  `max_request_cnt` int DEFAULT NULL COMMENT '最大请求次数',
  `request_cnt` int DEFAULT NULL COMMENT '已请求次数',
  `exec_status` char(1) CHARACTER SET utf8mb4 COLLATE utf8mb4_general_ci DEFAULT '0' COMMENT '执行状态\n[0-待执行 1-执行成功 2-执行失败 3-重试结束 4-手动结束]',
  `remark` varchar(256) CHARACTER SET utf8mb4 COLLATE utf8mb4_general_ci DEFAULT NULL COMMENT '备注',
  `created_at` datetime(3) DEFAULT CURRENT_TIMESTAMP(3) COMMENT '创建时间',
  `updated_at` datetime(3) DEFAULT CURRENT_TIMESTAMP(3) COMMENT '修改时间',
  `created_by` bigint DEFAULT '0' COMMENT '创建人id',
  `updated_by` bigint DEFAULT '0' COMMENT '修改人id',
  PRIMARY KEY (`id`),
  KEY `idx_app_id` (`app_key`)
) ENGINE=InnoDB DEFAULT CHARSET=utf8mb4 COLLATE=utf8mb4_general_ci COMMENT='回调任务';

-- ----------------------------
-- Records of mdo_notify_info
-- ----------------------------
BEGIN;
INSERT INTO `mdo_notify_info` (`id`, `call_log_id`, `app_id`, `app_key`, `api_name`, `api_version`, `notify_url`, `request_data`, `last_request_time`, `next_request_time`, `max_request_cnt`, `request_cnt`, `exec_status`, `remark`, `created_at`, `updated_at`, `created_by`, `updated_by`) VALUES (44782344095972361, 44780514439902211, 5, 'ruoyi-vue-oauth', 'org.save', '1.0', 'http://127.0.0.1:7800/anyUser/notify/callback', '{\"apiName\":\"org.save\",\"apiVersion\":\"1.0\",\"appId\":5,\"appKey\":\"ruoyi-vue-oauth\",\"bizParams\":{\"id\":44782344095972359},\"callLogId\":44780514439902211,\"charset\":\"UTF-8\",\"clientIp\":\"127.0.0.1\",\"remark\":\"新增组织回调\"}', '2026-01-14 23:43:08.749', '2026-01-13 17:20:00.000', 5, 6, '1', '新增组织回调', '2026-01-13 16:26:13.589', '2026-01-13 16:26:13.589', 0, 0);
COMMIT;

-- ----------------------------
-- Table structure for mdo_notify_info_log
-- ----------------------------
DROP TABLE IF EXISTS `mdo_notify_info_log`;
CREATE TABLE `mdo_notify_info_log` (
  `id` bigint NOT NULL COMMENT '主键',
  `notify_info_id` bigint NOT NULL COMMENT '所属推送',
  `request_time` datetime(3) DEFAULT NULL COMMENT '请求时间',
  `request_data` longtext CHARACTER SET utf8mb4 COLLATE utf8mb4_general_ci COMMENT '请求参数',
  `response_data` longtext CHARACTER SET utf8mb4 COLLATE utf8mb4_general_ci COMMENT '响应内容',
  `response_time` datetime(3) DEFAULT NULL COMMENT '响应时间',
  `exec_status` char(1) CHARACTER SET utf8mb4 COLLATE utf8mb4_general_ci NOT NULL COMMENT '状态\n[1-执行成功 2-执行失败]',
  `error_msg` longtext CHARACTER SET utf8mb4 COLLATE utf8mb4_general_ci COMMENT '失败原因',
  `created_by` bigint DEFAULT NULL COMMENT '创建人',
  `created_at` datetime(3) DEFAULT NULL COMMENT '创建时间',
  PRIMARY KEY (`id`)
) ENGINE=InnoDB DEFAULT CHARSET=utf8mb4 COLLATE=utf8mb4_general_ci COMMENT='回调任务日志';

-- ----------------------------
-- Records of mdo_notify_info_log
-- ----------------------------
BEGIN;
INSERT INTO `mdo_notify_info_log` (`id`, `notify_info_id`, `request_time`, `request_data`, `response_data`, `response_time`, `exec_status`, `error_msg`, `created_by`, `created_at`) VALUES (44782344095972362, 44782344095972361, '2026-01-13 16:26:13.517', '{\"charset\":\"UTF-8\",\"biz_content\":\"{\\\"id\\\":44782344095972359}\",\"app_key\":\"ruoyi-vue-oauth\",\"method\":\"org.save\",\"format\":\"json\",\"sign\":\"mOd7W+sCNNTzIN7ShS89QhsdRif1yLU3s8sURtGh/GpKYSToDX5s6ZDZPtTSGAQbY32x/Yuo0XGcdBo0pc6ZFWbdqg8OCgrk5QbnEFbOMNzWKSEt0qEJ1d9QeR2duMZHd9QwLeiC45mfiepPd6ZVg0zK6Z5OMUbz0VIcL5yR8qc88nQiboOLb0Jz7/wFBnhcTr61JfnLVHASCRcCP6ng5KzKO7fz4bxjFn7LtY+UMnkZ9TjZVzZ12XSYmzi0F48O7M99e+nfJdDifr1nbmqG0Ov5S//hk46xghr9eEqPTlDHLRVIoEuslByge5+nzH2YqUrpQBr7KF5yP9l6f0KWkg==\",\"sign_type\":\"RSA2\",\"version\":\"1.0\",\"timestamp\":\"2026-01-13 16:26:13\"}', '', '2026-01-13 16:26:13.579', '2', 'illegal fieldName input 60, offset 1, character <, line 1, column 1, fastjson-version 2.0.59 <html><body><h1>Whitelabel Error Page</h1><p>This application has no explicit mapping for /error, so you are seeing this as a fallback.</p><div id=\'created\'>Tue Jan 13 16:26:13 CST 2026</div><div>There was an unexpected error (type=Not Found, status=404).</div></body></html>', NULL, '2026-01-13 16:26:13.615');
INSERT INTO `mdo_notify_info_log` (`id`, `notify_info_id`, `request_time`, `request_data`, `response_data`, `response_time`, `exec_status`, `error_msg`, `created_by`, `created_at`) VALUES (44782344095972382, 44782344095972361, '2026-01-13 16:40:00.069', '{\"charset\":\"UTF-8\",\"biz_content\":\"{\\\"id\\\":44782344095972359}\",\"app_key\":\"ruoyi-vue-oauth\",\"method\":\"org.save\",\"format\":\"json\",\"sign\":\"K2of8JjyC/vOK4WCzQcYZE0C0VtztuNxXO7q5aeOKBPEpft47cbXXVohAn92mOfmOhZ8EfYbpKD4SmuaraZoGuPXG9N7w8Qffv0iolOhnA6uPkbjfr5YAHjrtV0vGVcNiQXq1TXuTLdfq06+2QaRcwQ4vuU2MKhBEXu8XVreCeWdC88x/kW1s79kcpRHV4JFBJl51HS6KBx41h1817JGnffDmilfOuPhjN1YhgNaB6yPk4hJeX+EODKulWUooXLeH2bXKJtyXPck9BqcU41mCK4BXiXfUfZl5gJ3LRjGNG7h6zzlvSuYStJO2sMOS+RYQTCxvZKpzTVDQ4bhnFDOdA==\",\"sign_type\":\"RSA2\",\"version\":\"1.0\",\"timestamp\":\"2026-01-13 16:40:00\"}', '', '2026-01-13 16:40:00.086', '2', 'illegal fieldName input 60, offset 1, character <, line 1, column 1, fastjson-version 2.0.59 <html><body><h1>Whitelabel Error Page</h1><p>This application has no explicit mapping for /error, so you are seeing this as a fallback.</p><div id=\'created\'>Tue Jan 13 16:40:00 CST 2026</div><div>There was an unexpected error (type=Not Found, status=404).</div></body></html>', NULL, '2026-01-13 16:40:00.112');
INSERT INTO `mdo_notify_info_log` (`id`, `notify_info_id`, `request_time`, `request_data`, `response_data`, `response_time`, `exec_status`, `error_msg`, `created_by`, `created_at`) VALUES (44782344095972383, 44782344095972361, '2026-01-13 16:50:00.039', '{\"charset\":\"UTF-8\",\"biz_content\":\"{\\\"id\\\":44782344095972359}\",\"app_key\":\"ruoyi-vue-oauth\",\"method\":\"org.save\",\"format\":\"json\",\"sign\":\"yiMROYzzriTJOM3ojsW64Kr7AhWH5OMJ18AhAH4eeLlyQfpK8oR9krQQtYtQ4OcEvJ1g00fiCxT/1drXqiYYfm1aq9eyUDC0M+UP9ouy6q3+adPmbF9pCre47m+kZYx+gZWxiExFy/vSy0avxXP0Od/JrWlyISLWeO4tHeuL2mBwLmK+ae+QRygOaQd3SHPq7O9wKXHmHpTW1M9aSxaYnQaB+vaLhYk1GXLJFt3+2z3PAlM35J6Y4M8bXKeue7mP7mdnygpkPxjUsv7r9Ou5xijFbQEfgE1oS6CgV/Ehvv7i4t+R1QN6ip1QEpE1EUlyReA9asZixMvU/YZtOhdcvQ==\",\"sign_type\":\"RSA2\",\"version\":\"1.0\",\"timestamp\":\"2026-01-13 16:50:00\"}', '', '2026-01-13 16:50:00.056', '2', 'illegal fieldName input 60, offset 1, character <, line 1, column 1, fastjson-version 2.0.59 <html><body><h1>Whitelabel Error Page</h1><p>This application has no explicit mapping for /error, so you are seeing this as a fallback.</p><div id=\'created\'>Tue Jan 13 16:50:00 CST 2026</div><div>There was an unexpected error (type=Not Found, status=404).</div></body></html>', NULL, '2026-01-13 16:50:00.075');
INSERT INTO `mdo_notify_info_log` (`id`, `notify_info_id`, `request_time`, `request_data`, `response_data`, `response_time`, `exec_status`, `error_msg`, `created_by`, `created_at`) VALUES (44862209012846595, 44782344095972361, '2026-01-13 21:30:06.354', '{\"charset\":\"UTF-8\",\"biz_content\":\"{\\\"id\\\":44782344095972359}\",\"app_key\":\"ruoyi-vue-oauth\",\"method\":\"org.save\",\"format\":\"json\",\"sign\":\"Df+VMO5LXh0zJKmDLR18ImpIiH9ftGq36Aake46br3BT8GxHBRsM0P7jvuPDY04K6w620HMUleW99DSHZH2tLzoK8BhPmr3aoD6eT4WLXV6k77FdBDL7xHRAa1ZLO652o75wEYx/zxtP2So9Cn75OTLP0w1VCU2Qj7YvlLdmFUEAxQPL2DHmo7YasLVJeZn8eUSppZXV22Lo13YziubcSf4dpJfAq1Ayf1ZblJY3btBt60E7o7SHw8mrVguJlHGiv6WjvxVHxWcjOmX6XJk6MHjo2z3f04qqSMA4Whu4P+SvyOCgku8jlUU3NPytKp86624DaxTaOuFc4IicJwA/Ug==\",\"sign_type\":\"RSA2\",\"version\":\"1.0\",\"timestamp\":\"2026-01-13 21:30:06\"}', '', '2026-01-13 21:30:06.363', '3', 'illegal fieldName input 115, offset 1, character s, line 1, column 1, fastjson-version 2.0.59 success', NULL, '2026-01-13 21:30:06.384');
INSERT INTO `mdo_notify_info_log` (`id`, `notify_info_id`, `request_time`, `request_data`, `response_data`, `response_time`, `exec_status`, `error_msg`, `created_by`, `created_at`) VALUES (45159279015817216, 44782344095972361, '2026-01-14 16:43:00.269', '{\"charset\":\"UTF-8\",\"biz_content\":\"{\\\"id\\\":44782344095972359}\",\"app_key\":\"ruoyi-vue-oauth\",\"method\":\"org.save\",\"format\":\"json\",\"sign\":\"uCMZNU0fd8u19xRWZYzrsfyBz/eBdp73u1bbp2hIkfCQpvu0bI66TP8s7FwLEs0n65NyNtK9SCrnvc14ePAE2ceVFWV8hLehqtUXzvA1JaLdSbwvmRqm9KG7leujpz2EmsnjT06Oi9yxoJhocSPwZACyaRE9vb4p7J6u3Z1rn9IaL7vfsyiViS38AteQJsYPs23Ojvn+Zndk6vSIgFDKL5fAjsm+yniceFLsAV8tr9PWUrocHZBYvSWeE+lylzFStl3rTTb0X1TzoTQPVAsFKWtUtbwO1Dy/btpKMdf6W2ODSxGkgCIhXOD2O2RCK4K2oqHKgpzp1FuN9dpTSWXmww==\",\"sign_type\":\"RSA2\",\"version\":\"1.0\",\"timestamp\":\"2026-01-14 16:43:00\"}', '{\"code\":\"0\",\"msg\":\"success\",\"data\":\"\",\"sub_code\":\"\",\"sub_msg\":\"\",\"solution\":null}', '2026-01-14 16:43:00.295', '1', '', 680083598598475778, '2026-01-14 16:43:00.343');
INSERT INTO `mdo_notify_info_log` (`id`, `notify_info_id`, `request_time`, `request_data`, `response_data`, `response_time`, `exec_status`, `error_msg`, `created_by`, `created_at`) VALUES (45267366162792450, 44782344095972361, '2026-01-14 23:43:08.766', '{\"charset\":\"UTF-8\",\"biz_content\":\"{\\\"id\\\":44782344095972359}\",\"app_key\":\"ruoyi-vue-oauth\",\"method\":\"org.save\",\"format\":\"json\",\"sign\":\"jrT+pVur2FNfRSSGHTXmjXQMXJhw+hHgYb+Iwly2E3X2GYwUqM9/VC/iudhWQoIwABg5mMv2im01zNX8e56wqyOFx4RU/jSRmJLUb3U3fTP7KotEtKorC53NeFy/C+Ucm/ZD3hCWM0B+LYATVjo5YLnii/sA5axp+HIYyuld4IZ0fjTi3dBdxkH1BBWuSjTqk8AleAkajoANzrnVGu1ziv7NdBZrbyGaCDXp8cWZCOFaGoO5WFNO5JEutkYW8rzSz8h8DUTLEg9aljCkpsb6u79pXpwIil2poMLF2ufS4V7IU/8XyFeS1o9ft53fl6gSXhLKL7B3CsPCIXFt02KcCw==\",\"sign_type\":\"RSA2\",\"version\":\"1.0\",\"timestamp\":\"2026-01-14 23:43:08\"}', '{\"code\":\"0\",\"msg\":\"success\",\"data\":\"\",\"sub_code\":\"\",\"sub_msg\":\"\",\"solution\":null}', '2026-01-14 23:43:08.770', '1', '', 680083598598475778, '2026-01-14 23:43:08.781');
COMMIT;

-- ----------------------------
-- Table structure for mdo_oauth_log
-- ----------------------------
DROP TABLE IF EXISTS `mdo_oauth_log`;
CREATE TABLE `mdo_oauth_log` (
  `id` bigint NOT NULL COMMENT 'ID',
  `app_id` bigint DEFAULT NULL COMMENT '所属应用',
  `user_id` bigint DEFAULT NULL COMMENT '所属用户',
  `openid` varchar(128) CHARACTER SET utf8mb4 COLLATE utf8mb4_general_ci DEFAULT NULL COMMENT '开放id',
  `unionid` varchar(128) CHARACTER SET utf8mb4 COLLATE utf8mb4_general_ci DEFAULT NULL COMMENT '联合id',
  `access_token` varchar(300) CHARACTER SET utf8mb4 COLLATE utf8mb4_general_ci DEFAULT '0' COMMENT '本次授权的token',
  `access_token_expires` datetime(3) DEFAULT NULL COMMENT '到期时间',
  `refresh_token` varchar(300) CHARACTER SET utf8mb4 COLLATE utf8mb4_general_ci DEFAULT NULL COMMENT '本次授权的刷新token',
  `refresh_token_expires` datetime(3) DEFAULT NULL COMMENT '刷新token到期时间',
  `grant_type` varchar(50) CHARACTER SET utf8mb4 COLLATE utf8mb4_general_ci DEFAULT NULL COMMENT '授权类型',
  `scopes` varchar(1024) CHARACTER SET utf8mb4 COLLATE utf8mb4_general_ci DEFAULT NULL COMMENT '授权范围',
  `token_type` varchar(50) CHARACTER SET utf8mb4 COLLATE utf8mb4_general_ci DEFAULT NULL COMMENT '类型',
  `remarks` varchar(1024) CHARACTER SET utf8mb4 COLLATE utf8mb4_general_ci DEFAULT NULL COMMENT '备注',
  `redirect_uri` varchar(512) CHARACTER SET utf8mb4 COLLATE utf8mb4_general_ci DEFAULT NULL COMMENT '授权地址',
  `created_by` bigint DEFAULT NULL COMMENT '创建人',
  `created_at` datetime(3) DEFAULT NULL COMMENT '创建时间',
  PRIMARY KEY (`id`) USING BTREE
) ENGINE=InnoDB DEFAULT CHARSET=utf8mb4 COLLATE=utf8mb4_general_ci COMMENT='授权记录';

-- ----------------------------
-- Records of mdo_oauth_log
-- ----------------------------
BEGIN;
INSERT INTO `mdo_oauth_log` (`id`, `app_id`, `user_id`, `openid`, `unionid`, `access_token`, `access_token_expires`, `refresh_token`, `refresh_token_expires`, `grant_type`, `scopes`, `token_type`, `remarks`, `redirect_uri`, `created_by`, `created_at`) VALUES (673143287930331136, 6, 11, NULL, 'e5b9094824424e8898d3eb3148fdf442', 'wWKyQjTAioyOAsb72sUPwnw1qnUNrBip9MRcuCxwAqfaJYCZF2jwgCAQ7sZ7', '2025-09-03 01:39:58.637', NULL, NULL, 'authorization_code', 'unionid,userinfo', 'bearer', NULL, NULL, NULL, '2025-09-02 23:40:02.560');
INSERT INTO `mdo_oauth_log` (`id`, `app_id`, `user_id`, `openid`, `unionid`, `access_token`, `access_token_expires`, `refresh_token`, `refresh_token_expires`, `grant_type`, `scopes`, `token_type`, `remarks`, `redirect_uri`, `created_by`, `created_at`) VALUES (673374387235648513, 6, 11, '45cd7e1941b146c6a22c656e655db794', 'e5b9094824424e8898d3eb3148fdf442', 'PHnprSb5WSTpVp7qusbLWxFjIHJQlm2xlpbU8EIIauF5gI28SvAy4di6SyEV', '2025-09-03 16:36:48.183', NULL, NULL, NULL, 'userinfo,openid,unionid', 'bearer', NULL, NULL, 11, '2025-09-03 14:36:48.230');
INSERT INTO `mdo_oauth_log` (`id`, `app_id`, `user_id`, `openid`, `unionid`, `access_token`, `access_token_expires`, `refresh_token`, `refresh_token_expires`, `grant_type`, `scopes`, `token_type`, `remarks`, `redirect_uri`, `created_by`, `created_at`) VALUES (673374387235648515, 6, 11, '45cd7e1941b146c6a22c656e655db794', 'e5b9094824424e8898d3eb3148fdf442', '5i6zHjsTZMrbv67Z8gC8v75XQV2T2pB9lSi01PFzScc5pVvuKtkzLmiA7HxX', '2025-09-03 16:43:25.913', NULL, NULL, 'password', 'userinfo,openid,unionid', 'bearer', NULL, NULL, NULL, '2025-09-03 14:43:25.932');
INSERT INTO `mdo_oauth_log` (`id`, `app_id`, `user_id`, `openid`, `unionid`, `access_token`, `access_token_expires`, `refresh_token`, `refresh_token_expires`, `grant_type`, `scopes`, `token_type`, `remarks`, `redirect_uri`, `created_by`, `created_at`) VALUES (673374387235648517, 6, 11, '45cd7e1941b146c6a22c656e655db794', 'e5b9094824424e8898d3eb3148fdf442', 'BRWtKnLV8csUQTvwdR1ZYKsYflsbnBEQcEirAgm01A21VkEaXtTKeLG7c5PL', '2025-09-03 16:44:57.361', NULL, NULL, 'password', 'userinfo,openid,unionid', 'bearer', NULL, NULL, NULL, '2025-09-03 14:45:12.110');
INSERT INTO `mdo_oauth_log` (`id`, `app_id`, `user_id`, `openid`, `unionid`, `access_token`, `access_token_expires`, `refresh_token`, `refresh_token_expires`, `grant_type`, `scopes`, `token_type`, `remarks`, `redirect_uri`, `created_by`, `created_at`) VALUES (673374387235648519, 6, 11, '45cd7e1941b146c6a22c656e655db794', 'e5b9094824424e8898d3eb3148fdf442', 'tTNLIz1AoS5mPraw6hqLatluUxqAEVZQngxiBwBmif81rQMHgMxPFW4MwLzV', '2025-09-03 16:46:08.250', NULL, NULL, 'password', 'userinfo,openid,unionid', 'bearer', NULL, NULL, NULL, '2025-09-03 14:46:08.371');
INSERT INTO `mdo_oauth_log` (`id`, `app_id`, `user_id`, `openid`, `unionid`, `access_token`, `access_token_expires`, `refresh_token`, `refresh_token_expires`, `grant_type`, `scopes`, `token_type`, `remarks`, `redirect_uri`, `created_by`, `created_at`) VALUES (673374387235648520, 6, 11, '45cd7e1941b146c6a22c656e655db794', 'e5b9094824424e8898d3eb3148fdf442', 'L9qektUtN6y5i0dsPlOeBd0Vi4JmPQSGxjFadE8LYf0TXZkFCUxeFKrmuIB4', '2025-09-03 16:53:06.718', NULL, NULL, 'implicit', 'userinfo,openid,unionid', 'bearer', NULL, NULL, 11, '2025-09-03 14:53:06.743');
INSERT INTO `mdo_oauth_log` (`id`, `app_id`, `user_id`, `openid`, `unionid`, `access_token`, `access_token_expires`, `refresh_token`, `refresh_token_expires`, `grant_type`, `scopes`, `token_type`, `remarks`, `redirect_uri`, `created_by`, `created_at`) VALUES (673877572719147009, 5, 11, '30011c155ad8493ebdf83e20305871d3', 'e5b9094824424e8898d3eb3148fdf442', 'xXRa4v4a4dw8Q2J44oG9Dp3SKpRqFixRCryW87K7s50iWJNKu1WwJgccUfh3', '2025-09-05 02:09:13.300', NULL, NULL, 'authorization_code', 'userinfo,openid,unionid', 'bearer', NULL, NULL, NULL, '2025-09-05 00:09:13.343');
INSERT INTO `mdo_oauth_log` (`id`, `app_id`, `user_id`, `openid`, `unionid`, `access_token`, `access_token_expires`, `refresh_token`, `refresh_token_expires`, `grant_type`, `scopes`, `token_type`, `remarks`, `redirect_uri`, `created_by`, `created_at`) VALUES (673877572719147010, 5, 11, '30011c155ad8493ebdf83e20305871d3', 'e5b9094824424e8898d3eb3148fdf442', 'qDbmgGMocxvuiJ56qq2jeVduhSVyuSoT6P52VZtayXToUErqrYIxWAYrW5lq', '2025-09-05 02:12:24.766', NULL, NULL, 'authorization_code', 'userinfo,openid,unionid', 'bearer', NULL, NULL, NULL, '2025-09-05 00:12:24.784');
INSERT INTO `mdo_oauth_log` (`id`, `app_id`, `user_id`, `openid`, `unionid`, `access_token`, `access_token_expires`, `refresh_token`, `refresh_token_expires`, `grant_type`, `scopes`, `token_type`, `remarks`, `redirect_uri`, `created_by`, `created_at`) VALUES (673877572719147011, 5, 11, '30011c155ad8493ebdf83e20305871d3', 'e5b9094824424e8898d3eb3148fdf442', 'KE6hpUP6Abdg7rFaKH9SWwJe930l6nNrEabAAWjgmIe1UKow8g9KMFRNVZoc', '2025-09-05 02:13:51.700', NULL, NULL, 'authorization_code', 'userinfo,openid,unionid', 'bearer', NULL, NULL, NULL, '2025-09-05 00:13:51.716');
INSERT INTO `mdo_oauth_log` (`id`, `app_id`, `user_id`, `openid`, `unionid`, `access_token`, `access_token_expires`, `refresh_token`, `refresh_token_expires`, `grant_type`, `scopes`, `token_type`, `remarks`, `redirect_uri`, `created_by`, `created_at`) VALUES (673877572719147012, 5, 11, '30011c155ad8493ebdf83e20305871d3', 'e5b9094824424e8898d3eb3148fdf442', 'ch4J8C0XFVlDVBCwq4D9vctRjbrobB727k8KhThGwJkODbO5zDEK4iuiRfOp', '2025-09-05 02:20:12.452', NULL, NULL, 'authorization_code', 'userinfo,openid,unionid', 'bearer', NULL, NULL, NULL, '2025-09-05 00:20:12.469');
INSERT INTO `mdo_oauth_log` (`id`, `app_id`, `user_id`, `openid`, `unionid`, `access_token`, `access_token_expires`, `refresh_token`, `refresh_token_expires`, `grant_type`, `scopes`, `token_type`, `remarks`, `redirect_uri`, `created_by`, `created_at`) VALUES (673877572719147013, 5, 11, '30011c155ad8493ebdf83e20305871d3', 'e5b9094824424e8898d3eb3148fdf442', 'YHl0tqMIv7OW2oAFz9EVGR20uSo90hPEZLXYQy3lZZvtjnXyS95NKrCEzyGn', '2025-09-05 02:21:52.762', NULL, NULL, 'authorization_code', 'userinfo,openid,unionid', 'bearer', NULL, NULL, NULL, '2025-09-05 00:21:52.786');
INSERT INTO `mdo_oauth_log` (`id`, `app_id`, `user_id`, `openid`, `unionid`, `access_token`, `access_token_expires`, `refresh_token`, `refresh_token_expires`, `grant_type`, `scopes`, `token_type`, `remarks`, `redirect_uri`, `created_by`, `created_at`) VALUES (673877572719147014, 5, 11, '30011c155ad8493ebdf83e20305871d3', 'e5b9094824424e8898d3eb3148fdf442', 'eFYNVIAEhrOCOSDB1gYMPI3k6YhFtsz7A08YhzNSzPxY8vEM99bZZNtlFWG5', '2025-09-05 02:25:04.399', NULL, NULL, 'authorization_code', 'userinfo,openid,unionid', 'bearer', NULL, NULL, NULL, '2025-09-05 00:25:04.421');
INSERT INTO `mdo_oauth_log` (`id`, `app_id`, `user_id`, `openid`, `unionid`, `access_token`, `access_token_expires`, `refresh_token`, `refresh_token_expires`, `grant_type`, `scopes`, `token_type`, `remarks`, `redirect_uri`, `created_by`, `created_at`) VALUES (673877572719147015, 5, 11, '30011c155ad8493ebdf83e20305871d3', 'e5b9094824424e8898d3eb3148fdf442', 'YSFg40hK4FASA4CyF2PlCVbHM5yjvbWB59zMVmGT4pbwpS2pW4iAlFHW02bL', '2025-09-05 02:26:09.698', NULL, NULL, 'authorization_code', 'userinfo,openid,unionid', 'bearer', NULL, NULL, NULL, '2025-09-05 00:26:09.713');
INSERT INTO `mdo_oauth_log` (`id`, `app_id`, `user_id`, `openid`, `unionid`, `access_token`, `access_token_expires`, `refresh_token`, `refresh_token_expires`, `grant_type`, `scopes`, `token_type`, `remarks`, `redirect_uri`, `created_by`, `created_at`) VALUES (673877572719147016, 5, 11, '30011c155ad8493ebdf83e20305871d3', 'e5b9094824424e8898d3eb3148fdf442', 'Z68iJX3MSIgqdFx2dxtif0PDhsmfkVcWWGltN5cBtRw5rM7jfG3AdtCLhxIw', '2025-09-05 02:28:10.072', NULL, NULL, 'authorization_code', 'userinfo,openid,unionid', 'bearer', NULL, NULL, NULL, '2025-09-05 00:28:10.096');
INSERT INTO `mdo_oauth_log` (`id`, `app_id`, `user_id`, `openid`, `unionid`, `access_token`, `access_token_expires`, `refresh_token`, `refresh_token_expires`, `grant_type`, `scopes`, `token_type`, `remarks`, `redirect_uri`, `created_by`, `created_at`) VALUES (673877572719147017, 5, 11, '30011c155ad8493ebdf83e20305871d3', 'e5b9094824424e8898d3eb3148fdf442', 'fPtLY5vqfB7xSe4uhZQrbfOVMefMxKKPug3DOIV7t2mSglp59VJxndMWs2DG', '2025-09-05 02:29:21.405', NULL, NULL, 'authorization_code', 'userinfo,openid,unionid', 'bearer', NULL, NULL, NULL, '2025-09-05 00:29:21.432');
INSERT INTO `mdo_oauth_log` (`id`, `app_id`, `user_id`, `openid`, `unionid`, `access_token`, `access_token_expires`, `refresh_token`, `refresh_token_expires`, `grant_type`, `scopes`, `token_type`, `remarks`, `redirect_uri`, `created_by`, `created_at`) VALUES (673877572719147018, 5, 11, '30011c155ad8493ebdf83e20305871d3', 'e5b9094824424e8898d3eb3148fdf442', 'XJQiIbqNPSQK6EvzqR5DWbMK7UDfvieXWigfg88MCcmEYCw8YbvbTEZTeGjR', '2025-09-05 02:30:24.672', NULL, NULL, 'authorization_code', 'userinfo,openid,unionid', 'bearer', NULL, NULL, NULL, '2025-09-05 00:30:24.689');
INSERT INTO `mdo_oauth_log` (`id`, `app_id`, `user_id`, `openid`, `unionid`, `access_token`, `access_token_expires`, `refresh_token`, `refresh_token_expires`, `grant_type`, `scopes`, `token_type`, `remarks`, `redirect_uri`, `created_by`, `created_at`) VALUES (673877572719147019, 5, 11, '30011c155ad8493ebdf83e20305871d3', 'e5b9094824424e8898d3eb3148fdf442', 'mjiqcdtcr6uzCNj2bwuBTX7MEeUy9xV8GXGGnNwKCElcIOUnDZhTP4zTejWk', '2025-09-05 02:32:58.806', NULL, NULL, 'authorization_code', 'userinfo,openid,unionid', 'bearer', NULL, NULL, NULL, '2025-09-05 00:32:58.823');
INSERT INTO `mdo_oauth_log` (`id`, `app_id`, `user_id`, `openid`, `unionid`, `access_token`, `access_token_expires`, `refresh_token`, `refresh_token_expires`, `grant_type`, `scopes`, `token_type`, `remarks`, `redirect_uri`, `created_by`, `created_at`) VALUES (674251127499720704, 5, 11, '30011c155ad8493ebdf83e20305871d3', 'e5b9094824424e8898d3eb3148fdf442', 'bpZoCOT0AHoCjbXoixF49BUH76qQCvM365LHMU6ojZf1o61rB84HZqRBGlc7', '2025-09-06 02:03:15.713', NULL, NULL, 'authorization_code', 'userinfo,openid,unionid', 'bearer', NULL, NULL, NULL, '2025-09-06 00:03:15.745');
COMMIT;

-- ----------------------------
-- Table structure for mdo_oauth_openid
-- ----------------------------
DROP TABLE IF EXISTS `mdo_oauth_openid`;
CREATE TABLE `mdo_oauth_openid` (
  `id` bigint NOT NULL COMMENT 'ID',
  `app_id` bigint DEFAULT NULL COMMENT '所属应用',
  `user_id` bigint DEFAULT '0' COMMENT '所属用户',
  `openid` varchar(128) CHARACTER SET utf8mb4 COLLATE utf8mb4_general_ci DEFAULT NULL COMMENT 'openid',
  `created_at` datetime(3) DEFAULT NULL COMMENT '创建时间',
  `created_by` bigint DEFAULT NULL COMMENT '创建人',
  PRIMARY KEY (`id`) USING BTREE,
  UNIQUE KEY `un_openid` (`openid`) USING BTREE
) ENGINE=InnoDB DEFAULT CHARSET=utf8mb4 COLLATE=utf8mb4_general_ci COMMENT='openid';

-- ----------------------------
-- Records of mdo_oauth_openid
-- ----------------------------
BEGIN;
INSERT INTO `mdo_oauth_openid` (`id`, `app_id`, `user_id`, `openid`, `created_at`, `created_by`) VALUES (673374387235648512, 6, 11, '45cd7e1941b146c6a22c656e655db794', '2025-09-03 14:36:48.196', 11);
INSERT INTO `mdo_oauth_openid` (`id`, `app_id`, `user_id`, `openid`, `created_at`, `created_by`) VALUES (673877572719147008, 5, 11, '30011c155ad8493ebdf83e20305871d3', '2025-09-05 00:09:13.310', NULL);
COMMIT;

-- ----------------------------
-- Table structure for mdo_oauth_scope
-- ----------------------------
DROP TABLE IF EXISTS `mdo_oauth_scope`;
CREATE TABLE `mdo_oauth_scope` (
  `id` bigint NOT NULL COMMENT 'ID',
  `code` varchar(255) CHARACTER SET utf8mb4 COLLATE utf8mb4_general_ci NOT NULL COMMENT '编码',
  `name` varchar(255) CHARACTER SET utf8mb4 COLLATE utf8mb4_general_ci NOT NULL COMMENT '名称',
  `icon` varchar(255) CHARACTER SET utf8mb4 COLLATE utf8mb4_general_ci DEFAULT NULL COMMENT '图标',
  `intro` varchar(255) CHARACTER SET utf8mb4 COLLATE utf8mb4_general_ci DEFAULT NULL COMMENT '介绍',
  `apply_prompt` varchar(255) CHARACTER SET utf8mb4 COLLATE utf8mb4_general_ci DEFAULT NULL COMMENT '申请提示语',
  `confirm_prompt` varchar(255) CHARACTER SET utf8mb4 COLLATE utf8mb4_general_ci DEFAULT NULL COMMENT '确认提示语',
  `weight` bigint DEFAULT NULL COMMENT '权重',
  `level` int NOT NULL DEFAULT '2' COMMENT '权限等级\n[1-公开 2-特殊]',
  `created_by` bigint DEFAULT NULL COMMENT '创建人',
  `created_at` datetime(3) DEFAULT NULL COMMENT '创建时间',
  `updated_by` bigint DEFAULT NULL COMMENT '最后修改人',
  `updated_at` datetime(3) DEFAULT NULL COMMENT '最后修改时间',
  PRIMARY KEY (`id`) USING BTREE
) ENGINE=InnoDB DEFAULT CHARSET=utf8mb4 COLLATE=utf8mb4_general_ci COMMENT='oauth2权限';

-- ----------------------------
-- Records of mdo_oauth_scope
-- ----------------------------
BEGIN;
INSERT INTO `mdo_oauth_scope` (`id`, `code`, `name`, `icon`, `intro`, `apply_prompt`, `confirm_prompt`, `weight`, `level`, `created_by`, `created_at`, `updated_by`, `updated_at`) VALUES (1, 'userinfo', '用户信息', NULL, '获取用户的昵称、头像等资料', '', '获取你的账号公开信息', 1, 2, NULL, NULL, NULL, NULL);
INSERT INTO `mdo_oauth_scope` (`id`, `code`, `name`, `icon`, `intro`, `apply_prompt`, `confirm_prompt`, `weight`, `level`, `created_by`, `created_at`, `updated_by`, `updated_at`) VALUES (2, 'openid', '开放id', NULL, '应用的openid', '', '应用的openid', 1, 2, NULL, NULL, NULL, NULL);
INSERT INTO `mdo_oauth_scope` (`id`, `code`, `name`, `icon`, `intro`, `apply_prompt`, `confirm_prompt`, `weight`, `level`, `created_by`, `created_at`, `updated_by`, `updated_at`) VALUES (3, 'unionid', '联合id', NULL, '主体的unionid', '', '主体的unionid', 1, 2, NULL, NULL, NULL, NULL);
INSERT INTO `mdo_oauth_scope` (`id`, `code`, `name`, `icon`, `intro`, `apply_prompt`, `confirm_prompt`, `weight`, `level`, `created_by`, `created_at`, `updated_by`, `updated_at`) VALUES (695946377406496768, 'unionid111', '1', 'ant-design:android-filled', '1', '123', '12', 3, 2, 680083598598475778, '2025-11-03 10:30:07.368', 680083598598475778, '2025-11-03 10:30:12.114');
COMMIT;

-- ----------------------------
-- Table structure for mdo_oauth_unionid
-- ----------------------------
DROP TABLE IF EXISTS `mdo_oauth_unionid`;
CREATE TABLE `mdo_oauth_unionid` (
  `id` bigint NOT NULL COMMENT 'ID',
  `subject_id` bigint DEFAULT NULL COMMENT '所属主体',
  `user_id` bigint DEFAULT '0' COMMENT '所属用户',
  `unionid` varchar(128) CHARACTER SET utf8mb4 COLLATE utf8mb4_general_ci DEFAULT NULL COMMENT 'Unionid',
  `created_by` bigint DEFAULT NULL COMMENT '创建人',
  `created_at` datetime(3) DEFAULT NULL COMMENT '创建时间',
  PRIMARY KEY (`id`) USING BTREE,
  UNIQUE KEY `un_unionid` (`unionid`) USING BTREE
) ENGINE=InnoDB DEFAULT CHARSET=utf8mb4 COLLATE=utf8mb4_general_ci COMMENT='unionid';

-- ----------------------------
-- Records of mdo_oauth_unionid
-- ----------------------------
BEGIN;
INSERT INTO `mdo_oauth_unionid` (`id`, `subject_id`, `user_id`, `unionid`, `created_by`, `created_at`) VALUES (673142355922426880, 1, 11, 'e5b9094824424e8898d3eb3148fdf442', NULL, '2025-09-02 23:36:57.043');
COMMIT;

-- ----------------------------
-- Table structure for mdo_scope_group
-- ----------------------------
DROP TABLE IF EXISTS `mdo_scope_group`;
CREATE TABLE `mdo_scope_group` (
  `id` bigint NOT NULL COMMENT 'ID',
  `name` varchar(255) CHARACTER SET utf8mb4 COLLATE utf8mb4_general_ci NOT NULL COMMENT '名称',
  `weight` bigint DEFAULT '0' COMMENT '权重',
  `state` bit(1) DEFAULT b'1' COMMENT '状态',
  `created_by` bigint DEFAULT NULL COMMENT '创建人',
  `created_at` datetime(3) DEFAULT NULL COMMENT '创建时间',
  `updated_by` bigint DEFAULT NULL COMMENT '最后修改人',
  `updated_at` datetime(3) DEFAULT NULL COMMENT '最后修改时间',
  PRIMARY KEY (`id`) USING BTREE
) ENGINE=InnoDB DEFAULT CHARSET=utf8mb4 COLLATE=utf8mb4_general_ci COMMENT='应用权限分组';

-- ----------------------------
-- Records of mdo_scope_group
-- ----------------------------
BEGIN;
INSERT INTO `mdo_scope_group` (`id`, `name`, `weight`, `state`, `created_by`, `created_at`, `updated_by`, `updated_at`) VALUES (27794923806382084, '2222', 1, b'1', 680083598598475778, '2025-11-29 21:56:19.042', 680083598598475778, '2026-01-14 16:13:21.727');
INSERT INTO `mdo_scope_group` (`id`, `name`, `weight`, `state`, `created_by`, `created_at`, `updated_by`, `updated_at`) VALUES (694912179346388992, '123123', 2, b'1', 680083598598475778, '2025-10-31 15:59:30.596', 680083598598475778, '2026-01-14 16:13:25.000');
COMMIT;

-- ----------------------------
-- Table structure for mdw_login_log
-- ----------------------------
DROP TABLE IF EXISTS `mdw_login_log`;
CREATE TABLE `mdw_login_log` (
  `id` bigint NOT NULL COMMENT '主键',
  `user_id` bigint DEFAULT NULL COMMENT '登录用户',
  `name` varchar(255) CHARACTER SET utf8mb4 COLLATE utf8mb4_general_ci DEFAULT NULL COMMENT '姓名',
  `account` varchar(255) CHARACTER SET utf8mb4 COLLATE utf8mb4_general_ci DEFAULT '' COMMENT '登录人账号',
  `event_type` char(2) CHARACTER SET utf8mb4 COLLATE utf8mb4_general_ci DEFAULT NULL COMMENT '事件类型\n[01-登录 02-退出 03-注销 04-切换 05-扮演]',
  `status` char(2) CHARACTER SET utf8mb4 COLLATE utf8mb4_general_ci DEFAULT '01' COMMENT '登录状态\n[01-成功 02-失败]',
  `status_reason` varchar(255) CHARACTER SET utf8mb4 COLLATE utf8mb4_general_ci DEFAULT NULL COMMENT '日志描述',
  `auth_type` char(2) CHARACTER SET utf8mb4 COLLATE utf8mb4_general_ci DEFAULT NULL COMMENT '认证方式\n[01-用户名密码验证码登录 02-用户名密码登录 03-手机短信验证码 04-邮箱验证码登录]',
  `login_channel` char(2) CHARACTER SET utf8mb4 COLLATE utf8mb4_general_ci DEFAULT NULL COMMENT '登录渠道\n[01-系统登录页 02-移动端]',
  `login_date` char(10) CHARACTER SET utf8mb4 COLLATE utf8mb4_general_ci DEFAULT NULL COMMENT '登录时间',
  `login_ip` varchar(50) CHARACTER SET utf8mb4 COLLATE utf8mb4_general_ci DEFAULT '' COMMENT '登录IP',
  `ip_location` varchar(128) CHARACTER SET utf8mb4 COLLATE utf8mb4_general_ci DEFAULT '' COMMENT 'IP 归属地',
  `ua` varchar(512) CHARACTER SET utf8mb4 COLLATE utf8mb4_general_ci DEFAULT '' COMMENT '浏览器请求头',
  `browser_name` varchar(255) CHARACTER SET utf8mb4 COLLATE utf8mb4_general_ci DEFAULT '' COMMENT '浏览器名称',
  `browser_version` varchar(255) CHARACTER SET utf8mb4 COLLATE utf8mb4_general_ci DEFAULT '' COMMENT '浏览器版本',
  `os` varchar(255) CHARACTER SET utf8mb4 COLLATE utf8mb4_general_ci DEFAULT '' COMMENT '操作系统',
  `device_info` text CHARACTER SET utf8mb4 COLLATE utf8mb4_general_ci COMMENT '设备信息',
  `app_key` varchar(100) COLLATE utf8mb4_general_ci DEFAULT NULL COMMENT '应用Key',
  `app_name` varchar(255) COLLATE utf8mb4_general_ci DEFAULT NULL COMMENT '应用名称',
  `app_redirect` varchar(255) CHARACTER SET utf8mb4 COLLATE utf8mb4_general_ci DEFAULT NULL COMMENT '应用地址',
  `token_info` text COLLATE utf8mb4_general_ci COMMENT '登录令牌',
  `created_at` datetime DEFAULT NULL COMMENT '创建时间',
  `created_by` bigint DEFAULT NULL COMMENT '创建人',
  PRIMARY KEY (`id`) USING BTREE
) ENGINE=InnoDB DEFAULT CHARSET=utf8mb4 COLLATE=utf8mb4_general_ci ROW_FORMAT=DYNAMIC COMMENT='登录日志';

-- ----------------------------
-- Records of mdw_login_log
-- ----------------------------
BEGIN;
INSERT INTO `mdw_login_log` (`id`, `user_id`, `name`, `account`, `event_type`, `status`, `status_reason`, `auth_type`, `login_channel`, `login_date`, `login_ip`, `ip_location`, `ua`, `browser_name`, `browser_version`, `os`, `device_info`, `app_key`, `app_name`, `app_redirect`, `token_info`, `created_at`, `created_by`) VALUES (24975771697748992, 680083598598475778, '管理员', 'admin', NULL, '01', NULL, NULL, NULL, '2025-11-21', '0:0:0:0:0:0:0:1', 'localhost', 'Mozilla/5.0 (Macintosh; Intel Mac OS X 10_15_7) AppleWebKit/537.36 (KHTML, like Gecko) Chrome/142.0.0.0 Safari/537.36', 'Chrome', '142.0.0.0', 'OSX', NULL, NULL, NULL, NULL, NULL, '2025-11-21 07:19:53', 680083598598475778);
INSERT INTO `mdw_login_log` (`id`, `user_id`, `name`, `account`, `event_type`, `status`, `status_reason`, `auth_type`, `login_channel`, `login_date`, `login_ip`, `ip_location`, `ua`, `browser_name`, `browser_version`, `os`, `device_info`, `app_key`, `app_name`, `app_redirect`, `token_info`, `created_at`, `created_by`) VALUES (24975771697748993, 680083598598475778, '管理员', 'admin', NULL, '01', NULL, NULL, NULL, '2025-11-21', '0:0:0:0:0:0:0:1', 'localhost', 'Mozilla/5.0 (Macintosh; Intel Mac OS X 10_15_7) AppleWebKit/537.36 (KHTML, like Gecko) Chrome/142.0.0.0 Safari/537.36', 'Chrome', '142.0.0.0', 'OSX', NULL, NULL, NULL, NULL, NULL, '2025-11-21 07:22:10', 680083598598475778);
INSERT INTO `mdw_login_log` (`id`, `user_id`, `name`, `account`, `event_type`, `status`, `status_reason`, `auth_type`, `login_channel`, `login_date`, `login_ip`, `ip_location`, `ua`, `browser_name`, `browser_version`, `os`, `device_info`, `app_key`, `app_name`, `app_redirect`, `token_info`, `created_at`, `created_by`) VALUES (25087260458819584, 680083598598475778, '管理员', 'admin', NULL, '01', NULL, NULL, NULL, '2025-11-21', '0:0:0:0:0:0:0:1', 'localhost', 'Mozilla/5.0 (Macintosh; Intel Mac OS X 10_15_7) AppleWebKit/537.36 (KHTML, like Gecko) Chrome/142.0.0.0 Safari/537.36 Edg/142.0.0.0', 'MSEdge', '142.0.0.0', 'OSX', NULL, NULL, NULL, NULL, NULL, '2025-11-21 14:52:17', 680083598598475778);
INSERT INTO `mdw_login_log` (`id`, `user_id`, `name`, `account`, `event_type`, `status`, `status_reason`, `auth_type`, `login_channel`, `login_date`, `login_ip`, `ip_location`, `ua`, `browser_name`, `browser_version`, `os`, `device_info`, `app_key`, `app_name`, `app_redirect`, `token_info`, `created_at`, `created_by`) VALUES (25106175494793216, 680083598598475778, '管理员', 'admin', NULL, '01', NULL, NULL, NULL, '2025-11-21', '0:0:0:0:0:0:0:1', 'localhost', 'Mozilla/5.0 (Macintosh; Intel Mac OS X 10_15_7) AppleWebKit/537.36 (KHTML, like Gecko) Chrome/135.0.0.0 Safari/537.36', 'Chrome', '135.0.0.0', 'OSX', NULL, NULL, NULL, NULL, NULL, '2025-11-21 16:40:46', 680083598598475778);
INSERT INTO `mdw_login_log` (`id`, `user_id`, `name`, `account`, `event_type`, `status`, `status_reason`, `auth_type`, `login_channel`, `login_date`, `login_ip`, `ip_location`, `ua`, `browser_name`, `browser_version`, `os`, `device_info`, `app_key`, `app_name`, `app_redirect`, `token_info`, `created_at`, `created_by`) VALUES (31174113880602624, 680083598598475778, '管理员', 'admin', NULL, '13', NULL, NULL, NULL, '2025-12-08', '0:0:0:0:0:0:0:1', 'localhost', 'Mozilla/5.0 (Macintosh; Intel Mac OS X 10_15_7) AppleWebKit/537.36 (KHTML, like Gecko) Chrome/142.0.0.0 Safari/537.36 Edg/142.0.0.0', 'MSEdge', '142.0.0.0', 'OSX', NULL, NULL, NULL, NULL, NULL, '2025-12-08 00:15:27', 680083598598475778);
INSERT INTO `mdw_login_log` (`id`, `user_id`, `name`, `account`, `event_type`, `status`, `status_reason`, `auth_type`, `login_channel`, `login_date`, `login_ip`, `ip_location`, `ua`, `browser_name`, `browser_version`, `os`, `device_info`, `app_key`, `app_name`, `app_redirect`, `token_info`, `created_at`, `created_by`) VALUES (31174113880602625, 680083598598475778, '汤运维', 'admin', NULL, '13', NULL, NULL, NULL, '2025-12-08', '0:0:0:0:0:0:0:1', 'localhost', 'Mozilla/5.0 (Macintosh; Intel Mac OS X 10_15_7) AppleWebKit/537.36 (KHTML, like Gecko) Chrome/142.0.0.0 Safari/537.36 Edg/142.0.0.0', 'MSEdge', '142.0.0.0', 'OSX', NULL, NULL, NULL, NULL, NULL, '2025-12-08 00:15:35', 680083598598475778);
INSERT INTO `mdw_login_log` (`id`, `user_id`, `name`, `account`, `event_type`, `status`, `status_reason`, `auth_type`, `login_channel`, `login_date`, `login_ip`, `ip_location`, `ua`, `browser_name`, `browser_version`, `os`, `device_info`, `app_key`, `app_name`, `app_redirect`, `token_info`, `created_at`, `created_by`) VALUES (31174113880602626, 680083598598475778, '汤运维', 'admin', NULL, '13', NULL, NULL, NULL, '2025-12-08', '0:0:0:0:0:0:0:1', 'localhost', 'Mozilla/5.0 (Macintosh; Intel Mac OS X 10_15_7) AppleWebKit/537.36 (KHTML, like Gecko) Chrome/142.0.0.0 Safari/537.36 Edg/142.0.0.0', 'MSEdge', '142.0.0.0', 'OSX', NULL, NULL, NULL, NULL, NULL, '2025-12-08 00:15:36', 680083598598475778);
INSERT INTO `mdw_login_log` (`id`, `user_id`, `name`, `account`, `event_type`, `status`, `status_reason`, `auth_type`, `login_channel`, `login_date`, `login_ip`, `ip_location`, `ua`, `browser_name`, `browser_version`, `os`, `device_info`, `app_key`, `app_name`, `app_redirect`, `token_info`, `created_at`, `created_by`) VALUES (31174113880602627, 680083598598475778, '汤运维', 'admin', NULL, '13', NULL, NULL, NULL, '2025-12-08', '0:0:0:0:0:0:0:1', 'localhost', 'Mozilla/5.0 (Macintosh; Intel Mac OS X 10_15_7) AppleWebKit/537.36 (KHTML, like Gecko) Chrome/142.0.0.0 Safari/537.36 Edg/142.0.0.0', 'MSEdge', '142.0.0.0', 'OSX', NULL, NULL, NULL, NULL, NULL, '2025-12-08 00:16:15', 680083598598475778);
INSERT INTO `mdw_login_log` (`id`, `user_id`, `name`, `account`, `event_type`, `status`, `status_reason`, `auth_type`, `login_channel`, `login_date`, `login_ip`, `ip_location`, `ua`, `browser_name`, `browser_version`, `os`, `device_info`, `app_key`, `app_name`, `app_redirect`, `token_info`, `created_at`, `created_by`) VALUES (31174113880602628, 680083598598475778, '孙运维', 'admin', NULL, '01', NULL, NULL, NULL, '2025-12-08', '0:0:0:0:0:0:0:1', 'localhost', 'Mozilla/5.0 (Macintosh; Intel Mac OS X 10_15_7) AppleWebKit/537.36 (KHTML, like Gecko) Chrome/142.0.0.0 Safari/537.36 Edg/142.0.0.0', 'MSEdge', '142.0.0.0', 'OSX', NULL, NULL, NULL, NULL, NULL, '2025-12-08 00:21:04', 680083598598475778);
INSERT INTO `mdw_login_log` (`id`, `user_id`, `name`, `account`, `event_type`, `status`, `status_reason`, `auth_type`, `login_channel`, `login_date`, `login_ip`, `ip_location`, `ua`, `browser_name`, `browser_version`, `os`, `device_info`, `app_key`, `app_name`, `app_redirect`, `token_info`, `created_at`, `created_by`) VALUES (31181780397227008, 680083598598475778, '孙运维', 'admin', NULL, '01', NULL, NULL, NULL, '2025-12-08', '0:0:0:0:0:0:0:1', 'localhost', 'Mozilla/5.0 (Macintosh; Intel Mac OS X 10_15_7) AppleWebKit/537.36 (KHTML, like Gecko) Chrome/142.0.0.0 Safari/537.36 Edg/142.0.0.0', 'MSEdge', '142.0.0.0', 'OSX', NULL, NULL, NULL, NULL, NULL, '2025-12-08 00:42:18', 680083598598475778);
INSERT INTO `mdw_login_log` (`id`, `user_id`, `name`, `account`, `event_type`, `status`, `status_reason`, `auth_type`, `login_channel`, `login_date`, `login_ip`, `ip_location`, `ua`, `browser_name`, `browser_version`, `os`, `device_info`, `app_key`, `app_name`, `app_redirect`, `token_info`, `created_at`, `created_by`) VALUES (31181780397227009, 680083598598475778, '孙运维', 'admin', NULL, '01', NULL, NULL, NULL, '2025-12-08', '0:0:0:0:0:0:0:1', 'localhost', 'Mozilla/5.0 (Macintosh; Intel Mac OS X 10_15_7) AppleWebKit/537.36 (KHTML, like Gecko) Chrome/142.0.0.0 Safari/537.36 Edg/142.0.0.0', 'MSEdge', '142.0.0.0', 'OSX', NULL, NULL, NULL, NULL, NULL, '2025-12-08 00:42:45', 680083598598475778);
INSERT INTO `mdw_login_log` (`id`, `user_id`, `name`, `account`, `event_type`, `status`, `status_reason`, `auth_type`, `login_channel`, `login_date`, `login_ip`, `ip_location`, `ua`, `browser_name`, `browser_version`, `os`, `device_info`, `app_key`, `app_name`, `app_redirect`, `token_info`, `created_at`, `created_by`) VALUES (31388501468156928, 680083598598475778, '孙运维超管', 'ops_admin', NULL, '01', NULL, NULL, NULL, '2025-12-08', '0:0:0:0:0:0:0:1', 'localhost', 'Mozilla/5.0 (Macintosh; Intel Mac OS X 10_15_7) AppleWebKit/537.36 (KHTML, like Gecko) Chrome/142.0.0.0 Safari/537.36 Edg/142.0.0.0', 'MSEdge', '142.0.0.0', 'OSX', NULL, NULL, NULL, NULL, NULL, '2025-12-08 14:04:24', 680083598598475778);
INSERT INTO `mdw_login_log` (`id`, `user_id`, `name`, `account`, `event_type`, `status`, `status_reason`, `auth_type`, `login_channel`, `login_date`, `login_ip`, `ip_location`, `ua`, `browser_name`, `browser_version`, `os`, `device_info`, `app_key`, `app_name`, `app_redirect`, `token_info`, `created_at`, `created_by`) VALUES (31731106714392577, 680083598598475780, '赵管理', 'admin', NULL, '01', NULL, NULL, NULL, '2025-12-09', '0:0:0:0:0:0:0:1', 'localhost', 'Mozilla/5.0 (Macintosh; Intel Mac OS X 10_15_7) AppleWebKit/537.36 (KHTML, like Gecko) Chrome/142.0.0.0 Safari/537.36', 'Chrome', '142.0.0.0', 'OSX', NULL, NULL, NULL, NULL, NULL, '2025-12-09 12:17:26', 680083598598475780);
INSERT INTO `mdw_login_log` (`id`, `user_id`, `name`, `account`, `event_type`, `status`, `status_reason`, `auth_type`, `login_channel`, `login_date`, `login_ip`, `ip_location`, `ua`, `browser_name`, `browser_version`, `os`, `device_info`, `app_key`, `app_name`, `app_redirect`, `token_info`, `created_at`, `created_by`) VALUES (33653650040210432, 680083598598475780, '赵管理', 'admin', '01', '01', '登录成功', '02', '01', '2025-12-14', '0:0:0:0:0:0:0:1', 'localhost', 'Mozilla/5.0 (Macintosh; Intel Mac OS X 10_15_7) AppleWebKit/537.36 (KHTML, like Gecko) Chrome/143.0.0.0 Safari/537.36', 'Chrome', '143.0.0.0', 'OSX', 'Chrome', NULL, NULL, NULL, '{\"isLogin\":true,\"loginDeviceType\":\"PC\",\"loginId\":\"680083598598475780\",\"loginType\":\"login\",\"sessionTimeout\":2592000,\"tokenActiveTimeout\":-1,\"tokenName\":\"Token\",\"tokenSessionTimeout\":-2,\"tokenTimeout\":2592000,\"tokenValue\":\"cc9dff1b-b34e-40e0-9928-4a4270296a04\"}', '2025-12-14 16:34:31', 680083598598475780);
INSERT INTO `mdw_login_log` (`id`, `user_id`, `name`, `account`, `event_type`, `status`, `status_reason`, `auth_type`, `login_channel`, `login_date`, `login_ip`, `ip_location`, `ua`, `browser_name`, `browser_version`, `os`, `device_info`, `app_key`, `app_name`, `app_redirect`, `token_info`, `created_at`, `created_by`) VALUES (33653650040210433, 680083598598475778, '孙运维超管', 'ops_admin', '01', '01', '登录成功', '02', '01', '2025-12-14', '0:0:0:0:0:0:0:1', 'localhost', 'Mozilla/5.0 (Macintosh; Intel Mac OS X 10_15_7) AppleWebKit/537.36 (KHTML, like Gecko) Chrome/142.0.0.0 Safari/537.36 Edg/142.0.0.0', 'MSEdge', '142.0.0.0', 'OSX', 'Chrome', NULL, NULL, NULL, '{\"isLogin\":true,\"loginDeviceType\":\"PC\",\"loginId\":\"680083598598475778\",\"loginType\":\"login\",\"sessionTimeout\":2592000,\"tokenActiveTimeout\":-1,\"tokenName\":\"Token\",\"tokenSessionTimeout\":-2,\"tokenTimeout\":2592000,\"tokenValue\":\"38158f0e-c68b-422a-8783-9ec05eeae8c0\"}', '2025-12-14 16:35:42', 680083598598475778);
INSERT INTO `mdw_login_log` (`id`, `user_id`, `name`, `account`, `event_type`, `status`, `status_reason`, `auth_type`, `login_channel`, `login_date`, `login_ip`, `ip_location`, `ua`, `browser_name`, `browser_version`, `os`, `device_info`, `app_key`, `app_name`, `app_redirect`, `token_info`, `created_at`, `created_by`) VALUES (33653650040210435, 680083598598475778, '孙运维超管', 'ops_admin', '01', '02', '用户名或密码错误1次，连续输错5次您将被锁定！', '02', '01', '2025-12-14', '0:0:0:0:0:0:0:1', 'localhost', 'Mozilla/5.0 (Macintosh; Intel Mac OS X 10_15_7) AppleWebKit/537.36 (KHTML, like Gecko) Chrome/142.0.0.0 Safari/537.36 Edg/142.0.0.0', 'MSEdge', '142.0.0.0', 'OSX', '{\"browser\":\"Chrome\",\"browserVersion\":\"142.0.0.0\",\"os\":\"Mac OS\",\"osVersion\":\"10.15.7\",\"deviceType\":\"PC\",\"deviceModel\":\"未知\",\"screenWidth\":1800,\"screenHeight\":1169,\"pixelRatio\":2,\"userAgent\":\"Mozilla/5.0 (Macintosh; Intel Mac OS X 10_15_7) AppleWebKit/537.36 (KHTML, like Gecko) Chrome/142.0.0.0 Safari/537.36 Edg/142.0.0.0\"}', NULL, NULL, NULL, NULL, '2025-12-14 16:40:54', 680083598598475778);
INSERT INTO `mdw_login_log` (`id`, `user_id`, `name`, `account`, `event_type`, `status`, `status_reason`, `auth_type`, `login_channel`, `login_date`, `login_ip`, `ip_location`, `ua`, `browser_name`, `browser_version`, `os`, `device_info`, `app_key`, `app_name`, `app_redirect`, `token_info`, `created_at`, `created_by`) VALUES (33653650040210436, 680083598598475778, '孙运维超管', 'ops_admin', '01', '02', '用户名或密码错误1次，连续输错5次您将被锁定！', '02', '01', '2025-12-14', '0:0:0:0:0:0:0:1', 'localhost', 'Mozilla/5.0 (Macintosh; Intel Mac OS X 10_15_7) AppleWebKit/537.36 (KHTML, like Gecko) Chrome/142.0.0.0 Safari/537.36 Edg/142.0.0.0', 'MSEdge', '142.0.0.0', 'OSX', '{\"browser\":\"Chrome\",\"browserVersion\":\"142.0.0.0\",\"os\":\"Mac OS\",\"osVersion\":\"10.15.7\",\"deviceType\":\"PC\",\"deviceModel\":\"未知\",\"screenWidth\":1800,\"screenHeight\":1169,\"pixelRatio\":2,\"userAgent\":\"Mozilla/5.0 (Macintosh; Intel Mac OS X 10_15_7) AppleWebKit/537.36 (KHTML, like Gecko) Chrome/142.0.0.0 Safari/537.36 Edg/142.0.0.0\"}', NULL, NULL, NULL, NULL, '2025-12-14 16:43:15', 680083598598475778);
INSERT INTO `mdw_login_log` (`id`, `user_id`, `name`, `account`, `event_type`, `status`, `status_reason`, `auth_type`, `login_channel`, `login_date`, `login_ip`, `ip_location`, `ua`, `browser_name`, `browser_version`, `os`, `device_info`, `app_key`, `app_name`, `app_redirect`, `token_info`, `created_at`, `created_by`) VALUES (33653650040210437, 680083598598475778, '孙运维超管', 'ops_admin', '01', '02', '用户名或密码错误1次，连续输错5次您将被锁定！', '02', '01', '2025-12-14', '0:0:0:0:0:0:0:1', 'localhost', 'Mozilla/5.0 (Macintosh; Intel Mac OS X 10_15_7) AppleWebKit/537.36 (KHTML, like Gecko) Chrome/142.0.0.0 Safari/537.36 Edg/142.0.0.0', 'MSEdge', '142.0.0.0', 'OSX', '{\"browser\":\"Chrome\",\"browserVersion\":\"142.0.0.0\",\"os\":\"Mac OS\",\"osVersion\":\"10.15.7\",\"deviceType\":\"PC\",\"deviceModel\":\"未知\",\"screenWidth\":1800,\"screenHeight\":1169,\"pixelRatio\":2,\"userAgent\":\"Mozilla/5.0 (Macintosh; Intel Mac OS X 10_15_7) AppleWebKit/537.36 (KHTML, like Gecko) Chrome/142.0.0.0 Safari/537.36 Edg/142.0.0.0\"}', NULL, NULL, NULL, NULL, '2025-12-14 16:43:16', 680083598598475778);
INSERT INTO `mdw_login_log` (`id`, `user_id`, `name`, `account`, `event_type`, `status`, `status_reason`, `auth_type`, `login_channel`, `login_date`, `login_ip`, `ip_location`, `ua`, `browser_name`, `browser_version`, `os`, `device_info`, `app_key`, `app_name`, `app_redirect`, `token_info`, `created_at`, `created_by`) VALUES (33653650040210438, 680083598598475778, '孙运维超管', 'ops_admin', '01', '02', '用户名或密码错误1次，连续输错5次您将被锁定！', '02', '01', '2025-12-14', '0:0:0:0:0:0:0:1', 'localhost', 'Mozilla/5.0 (Macintosh; Intel Mac OS X 10_15_7) AppleWebKit/537.36 (KHTML, like Gecko) Chrome/142.0.0.0 Safari/537.36 Edg/142.0.0.0', 'MSEdge', '142.0.0.0', 'OSX', '{\"browser\":\"Chrome\",\"browserVersion\":\"142.0.0.0\",\"os\":\"Mac OS\",\"osVersion\":\"10.15.7\",\"deviceType\":\"PC\",\"deviceModel\":\"未知\",\"screenWidth\":1800,\"screenHeight\":1169,\"pixelRatio\":2,\"userAgent\":\"Mozilla/5.0 (Macintosh; Intel Mac OS X 10_15_7) AppleWebKit/537.36 (KHTML, like Gecko) Chrome/142.0.0.0 Safari/537.36 Edg/142.0.0.0\"}', NULL, NULL, NULL, NULL, '2025-12-14 16:44:03', 680083598598475778);
INSERT INTO `mdw_login_log` (`id`, `user_id`, `name`, `account`, `event_type`, `status`, `status_reason`, `auth_type`, `login_channel`, `login_date`, `login_ip`, `ip_location`, `ua`, `browser_name`, `browser_version`, `os`, `device_info`, `app_key`, `app_name`, `app_redirect`, `token_info`, `created_at`, `created_by`) VALUES (33653650040210439, 680083598598475778, '孙运维超管', 'ops_admin', '01', '02', '用户名或密码错误1次，连续输错5次您将被锁定！', '02', '01', '2025-12-14', '0:0:0:0:0:0:0:1', 'localhost', 'Mozilla/5.0 (Macintosh; Intel Mac OS X 10_15_7) AppleWebKit/537.36 (KHTML, like Gecko) Chrome/142.0.0.0 Safari/537.36 Edg/142.0.0.0', 'MSEdge', '142.0.0.0', 'OSX', '{\"browser\":\"Chrome\",\"browserVersion\":\"142.0.0.0\",\"os\":\"Mac OS\",\"osVersion\":\"10.15.7\",\"deviceType\":\"PC\",\"deviceModel\":\"未知\",\"screenWidth\":1800,\"screenHeight\":1169,\"pixelRatio\":2,\"userAgent\":\"Mozilla/5.0 (Macintosh; Intel Mac OS X 10_15_7) AppleWebKit/537.36 (KHTML, like Gecko) Chrome/142.0.0.0 Safari/537.36 Edg/142.0.0.0\"}', NULL, NULL, NULL, NULL, '2025-12-14 16:44:29', 680083598598475778);
INSERT INTO `mdw_login_log` (`id`, `user_id`, `name`, `account`, `event_type`, `status`, `status_reason`, `auth_type`, `login_channel`, `login_date`, `login_ip`, `ip_location`, `ua`, `browser_name`, `browser_version`, `os`, `device_info`, `app_key`, `app_name`, `app_redirect`, `token_info`, `created_at`, `created_by`) VALUES (33653650040210440, 680083598598475778, '孙运维超管', 'ops_admin', '01', '02', '用户名或密码错误1次，连续输错5次您将被锁定！', '02', '01', '2025-12-14', '0:0:0:0:0:0:0:1', 'localhost', 'Mozilla/5.0 (Macintosh; Intel Mac OS X 10_15_7) AppleWebKit/537.36 (KHTML, like Gecko) Chrome/142.0.0.0 Safari/537.36 Edg/142.0.0.0', 'MSEdge', '142.0.0.0', 'OSX', '{\"browser\":\"Chrome\",\"browserVersion\":\"142.0.0.0\",\"os\":\"Mac OS\",\"osVersion\":\"10.15.7\",\"deviceType\":\"PC\",\"deviceModel\":\"未知\",\"screenWidth\":1800,\"screenHeight\":1169,\"pixelRatio\":2,\"userAgent\":\"Mozilla/5.0 (Macintosh; Intel Mac OS X 10_15_7) AppleWebKit/537.36 (KHTML, like Gecko) Chrome/142.0.0.0 Safari/537.36 Edg/142.0.0.0\"}', NULL, NULL, NULL, NULL, '2025-12-14 16:45:09', 680083598598475778);
INSERT INTO `mdw_login_log` (`id`, `user_id`, `name`, `account`, `event_type`, `status`, `status_reason`, `auth_type`, `login_channel`, `login_date`, `login_ip`, `ip_location`, `ua`, `browser_name`, `browser_version`, `os`, `device_info`, `app_key`, `app_name`, `app_redirect`, `token_info`, `created_at`, `created_by`) VALUES (33653650040210441, 680083598598475778, '孙运维超管', 'ops_admin', '01', '02', '用户名或密码错误2次，连续输错5次您将被锁定！', '02', '01', '2025-12-14', '0:0:0:0:0:0:0:1', 'localhost', 'Mozilla/5.0 (Macintosh; Intel Mac OS X 10_15_7) AppleWebKit/537.36 (KHTML, like Gecko) Chrome/142.0.0.0 Safari/537.36 Edg/142.0.0.0', 'MSEdge', '142.0.0.0', 'OSX', '{\"browser\":\"Chrome\",\"browserVersion\":\"142.0.0.0\",\"os\":\"Mac OS\",\"osVersion\":\"10.15.7\",\"deviceType\":\"PC\",\"deviceModel\":\"未知\",\"screenWidth\":1800,\"screenHeight\":1169,\"pixelRatio\":2,\"userAgent\":\"Mozilla/5.0 (Macintosh; Intel Mac OS X 10_15_7) AppleWebKit/537.36 (KHTML, like Gecko) Chrome/142.0.0.0 Safari/537.36 Edg/142.0.0.0\"}', NULL, NULL, NULL, NULL, '2025-12-14 16:45:11', 680083598598475778);
INSERT INTO `mdw_login_log` (`id`, `user_id`, `name`, `account`, `event_type`, `status`, `status_reason`, `auth_type`, `login_channel`, `login_date`, `login_ip`, `ip_location`, `ua`, `browser_name`, `browser_version`, `os`, `device_info`, `app_key`, `app_name`, `app_redirect`, `token_info`, `created_at`, `created_by`) VALUES (33653650040210442, 680083598598475778, '孙运维超管', 'ops_admin', '01', '02', '用户名或密码错误3次，连续输错5次您将被锁定！', '02', '01', '2025-12-14', '0:0:0:0:0:0:0:1', 'localhost', 'Mozilla/5.0 (Macintosh; Intel Mac OS X 10_15_7) AppleWebKit/537.36 (KHTML, like Gecko) Chrome/142.0.0.0 Safari/537.36 Edg/142.0.0.0', 'MSEdge', '142.0.0.0', 'OSX', '{\"browser\":\"Chrome\",\"browserVersion\":\"142.0.0.0\",\"os\":\"Mac OS\",\"osVersion\":\"10.15.7\",\"deviceType\":\"PC\",\"deviceModel\":\"未知\",\"screenWidth\":1800,\"screenHeight\":1169,\"pixelRatio\":2,\"userAgent\":\"Mozilla/5.0 (Macintosh; Intel Mac OS X 10_15_7) AppleWebKit/537.36 (KHTML, like Gecko) Chrome/142.0.0.0 Safari/537.36 Edg/142.0.0.0\"}', NULL, NULL, NULL, NULL, '2025-12-14 16:45:13', 680083598598475778);
INSERT INTO `mdw_login_log` (`id`, `user_id`, `name`, `account`, `event_type`, `status`, `status_reason`, `auth_type`, `login_channel`, `login_date`, `login_ip`, `ip_location`, `ua`, `browser_name`, `browser_version`, `os`, `device_info`, `app_key`, `app_name`, `app_redirect`, `token_info`, `created_at`, `created_by`) VALUES (33653650040210443, 680083598598475778, '孙运维超管', 'ops_admin', '01', '02', '用户名或密码错误4次，连续输错5次您将被锁定！', '02', '01', '2025-12-14', '0:0:0:0:0:0:0:1', 'localhost', 'Mozilla/5.0 (Macintosh; Intel Mac OS X 10_15_7) AppleWebKit/537.36 (KHTML, like Gecko) Chrome/142.0.0.0 Safari/537.36 Edg/142.0.0.0', 'MSEdge', '142.0.0.0', 'OSX', '{\"browser\":\"Chrome\",\"browserVersion\":\"142.0.0.0\",\"os\":\"Mac OS\",\"osVersion\":\"10.15.7\",\"deviceType\":\"PC\",\"deviceModel\":\"未知\",\"screenWidth\":1800,\"screenHeight\":1169,\"pixelRatio\":2,\"userAgent\":\"Mozilla/5.0 (Macintosh; Intel Mac OS X 10_15_7) AppleWebKit/537.36 (KHTML, like Gecko) Chrome/142.0.0.0 Safari/537.36 Edg/142.0.0.0\"}', NULL, NULL, NULL, NULL, '2025-12-14 16:45:15', 680083598598475778);
INSERT INTO `mdw_login_log` (`id`, `user_id`, `name`, `account`, `event_type`, `status`, `status_reason`, `auth_type`, `login_channel`, `login_date`, `login_ip`, `ip_location`, `ua`, `browser_name`, `browser_version`, `os`, `device_info`, `app_key`, `app_name`, `app_redirect`, `token_info`, `created_at`, `created_by`) VALUES (33653650040210444, 680083598598475778, '孙运维超管', 'ops_admin', '01', '02', '用户名或密码错误5次，连续输错5次您将被锁定！', '02', '01', '2025-12-14', '0:0:0:0:0:0:0:1', 'localhost', 'Mozilla/5.0 (Macintosh; Intel Mac OS X 10_15_7) AppleWebKit/537.36 (KHTML, like Gecko) Chrome/142.0.0.0 Safari/537.36 Edg/142.0.0.0', 'MSEdge', '142.0.0.0', 'OSX', '{\"browser\":\"Chrome\",\"browserVersion\":\"142.0.0.0\",\"os\":\"Mac OS\",\"osVersion\":\"10.15.7\",\"deviceType\":\"PC\",\"deviceModel\":\"未知\",\"screenWidth\":1800,\"screenHeight\":1169,\"pixelRatio\":2,\"userAgent\":\"Mozilla/5.0 (Macintosh; Intel Mac OS X 10_15_7) AppleWebKit/537.36 (KHTML, like Gecko) Chrome/142.0.0.0 Safari/537.36 Edg/142.0.0.0\"}', NULL, NULL, NULL, NULL, '2025-12-14 16:45:16', 680083598598475778);
INSERT INTO `mdw_login_log` (`id`, `user_id`, `name`, `account`, `event_type`, `status`, `status_reason`, `auth_type`, `login_channel`, `login_date`, `login_ip`, `ip_location`, `ua`, `browser_name`, `browser_version`, `os`, `device_info`, `app_key`, `app_name`, `app_redirect`, `token_info`, `created_at`, `created_by`) VALUES (33653650040210445, 680083598598475778, '孙运维超管', 'ops_admin', '01', '02', '密码连续输错次数已超过最大限制：5次,用户将被锁定至: 2025-12-14 23:59:59', '02', '01', '2025-12-14', '0:0:0:0:0:0:0:1', 'localhost', 'Mozilla/5.0 (Macintosh; Intel Mac OS X 10_15_7) AppleWebKit/537.36 (KHTML, like Gecko) Chrome/142.0.0.0 Safari/537.36 Edg/142.0.0.0', 'MSEdge', '142.0.0.0', 'OSX', '{\"browser\":\"Chrome\",\"browserVersion\":\"142.0.0.0\",\"os\":\"Mac OS\",\"osVersion\":\"10.15.7\",\"deviceType\":\"PC\",\"deviceModel\":\"未知\",\"screenWidth\":1800,\"screenHeight\":1169,\"pixelRatio\":2,\"userAgent\":\"Mozilla/5.0 (Macintosh; Intel Mac OS X 10_15_7) AppleWebKit/537.36 (KHTML, like Gecko) Chrome/142.0.0.0 Safari/537.36 Edg/142.0.0.0\"}', NULL, NULL, NULL, NULL, '2025-12-14 16:45:17', 680083598598475778);
INSERT INTO `mdw_login_log` (`id`, `user_id`, `name`, `account`, `event_type`, `status`, `status_reason`, `auth_type`, `login_channel`, `login_date`, `login_ip`, `ip_location`, `ua`, `browser_name`, `browser_version`, `os`, `device_info`, `app_key`, `app_name`, `app_redirect`, `token_info`, `created_at`, `created_by`) VALUES (33653650040210446, 680083598598475778, '孙运维超管', 'ops_admin', '01', '02', '密码连续输错次数已超过最大限制：5次,用户将被锁定至: 2025-12-14 23:59:59', '02', '01', '2025-12-14', '0:0:0:0:0:0:0:1', 'localhost', 'Mozilla/5.0 (Macintosh; Intel Mac OS X 10_15_7) AppleWebKit/537.36 (KHTML, like Gecko) Chrome/142.0.0.0 Safari/537.36 Edg/142.0.0.0', 'MSEdge', '142.0.0.0', 'OSX', '{\"browser\":\"Chrome\",\"browserVersion\":\"142.0.0.0\",\"os\":\"Mac OS\",\"osVersion\":\"10.15.7\",\"deviceType\":\"PC\",\"deviceModel\":\"未知\",\"screenWidth\":1800,\"screenHeight\":1169,\"pixelRatio\":2,\"userAgent\":\"Mozilla/5.0 (Macintosh; Intel Mac OS X 10_15_7) AppleWebKit/537.36 (KHTML, like Gecko) Chrome/142.0.0.0 Safari/537.36 Edg/142.0.0.0\"}', NULL, NULL, NULL, NULL, '2025-12-14 16:45:38', 680083598598475778);
INSERT INTO `mdw_login_log` (`id`, `user_id`, `name`, `account`, `event_type`, `status`, `status_reason`, `auth_type`, `login_channel`, `login_date`, `login_ip`, `ip_location`, `ua`, `browser_name`, `browser_version`, `os`, `device_info`, `app_key`, `app_name`, `app_redirect`, `token_info`, `created_at`, `created_by`) VALUES (33653650040210447, 680083598598475778, '孙运维超管', 'ops_admin', '01', '02', '密码连续输错次数已超过最大限制：5次,用户将被锁定至: 2025-12-14 23:59:59', '02', '01', '2025-12-14', '0:0:0:0:0:0:0:1', 'localhost', 'Mozilla/5.0 (Macintosh; Intel Mac OS X 10_15_7) AppleWebKit/537.36 (KHTML, like Gecko) Chrome/142.0.0.0 Safari/537.36 Edg/142.0.0.0', 'MSEdge', '142.0.0.0', 'OSX', '{\"browser\":\"Chrome\",\"browserVersion\":\"142.0.0.0\",\"os\":\"Mac OS\",\"osVersion\":\"10.15.7\",\"deviceType\":\"PC\",\"deviceModel\":\"未知\",\"screenWidth\":1800,\"screenHeight\":1169,\"pixelRatio\":2,\"userAgent\":\"Mozilla/5.0 (Macintosh; Intel Mac OS X 10_15_7) AppleWebKit/537.36 (KHTML, like Gecko) Chrome/142.0.0.0 Safari/537.36 Edg/142.0.0.0\"}', NULL, NULL, NULL, NULL, '2025-12-14 16:45:42', 680083598598475778);
INSERT INTO `mdw_login_log` (`id`, `user_id`, `name`, `account`, `event_type`, `status`, `status_reason`, `auth_type`, `login_channel`, `login_date`, `login_ip`, `ip_location`, `ua`, `browser_name`, `browser_version`, `os`, `device_info`, `app_key`, `app_name`, `app_redirect`, `token_info`, `created_at`, `created_by`) VALUES (33653650040210448, 680083598598475778, '孙运维超管', 'ops_admin', '01', '02', '密码连续输错次数已超过最大限制：5次,用户将被锁定至: 2025-12-14 23:59:59', '02', '01', '2025-12-14', '0:0:0:0:0:0:0:1', 'localhost', 'Mozilla/5.0 (Macintosh; Intel Mac OS X 10_15_7) AppleWebKit/537.36 (KHTML, like Gecko) Chrome/142.0.0.0 Safari/537.36 Edg/142.0.0.0', 'MSEdge', '142.0.0.0', 'OSX', '{\"browser\":\"Chrome\",\"browserVersion\":\"142.0.0.0\",\"os\":\"Mac OS\",\"osVersion\":\"10.15.7\",\"deviceType\":\"PC\",\"deviceModel\":\"未知\",\"screenWidth\":1800,\"screenHeight\":1169,\"pixelRatio\":2,\"userAgent\":\"Mozilla/5.0 (Macintosh; Intel Mac OS X 10_15_7) AppleWebKit/537.36 (KHTML, like Gecko) Chrome/142.0.0.0 Safari/537.36 Edg/142.0.0.0\"}', NULL, NULL, NULL, NULL, '2025-12-14 16:45:44', 680083598598475778);
INSERT INTO `mdw_login_log` (`id`, `user_id`, `name`, `account`, `event_type`, `status`, `status_reason`, `auth_type`, `login_channel`, `login_date`, `login_ip`, `ip_location`, `ua`, `browser_name`, `browser_version`, `os`, `device_info`, `app_key`, `app_name`, `app_redirect`, `token_info`, `created_at`, `created_by`) VALUES (33653650040210449, 680083598598475778, '孙运维超管', 'ops_admin', '01', '02', '密码连续输错次数已超过最大限制：5次,用户将被锁定至: 2025-12-14 23:59:59', '02', '01', '2025-12-14', '0:0:0:0:0:0:0:1', 'localhost', 'Mozilla/5.0 (Macintosh; Intel Mac OS X 10_15_7) AppleWebKit/537.36 (KHTML, like Gecko) Chrome/142.0.0.0 Safari/537.36 Edg/142.0.0.0', 'MSEdge', '142.0.0.0', 'OSX', '{\"browser\":\"Chrome\",\"browserVersion\":\"142.0.0.0\",\"os\":\"Mac OS\",\"osVersion\":\"10.15.7\",\"deviceType\":\"PC\",\"deviceModel\":\"未知\",\"screenWidth\":1800,\"screenHeight\":1169,\"pixelRatio\":2,\"userAgent\":\"Mozilla/5.0 (Macintosh; Intel Mac OS X 10_15_7) AppleWebKit/537.36 (KHTML, like Gecko) Chrome/142.0.0.0 Safari/537.36 Edg/142.0.0.0\"}', NULL, NULL, NULL, NULL, '2025-12-14 16:45:59', 680083598598475778);
INSERT INTO `mdw_login_log` (`id`, `user_id`, `name`, `account`, `event_type`, `status`, `status_reason`, `auth_type`, `login_channel`, `login_date`, `login_ip`, `ip_location`, `ua`, `browser_name`, `browser_version`, `os`, `device_info`, `app_key`, `app_name`, `app_redirect`, `token_info`, `created_at`, `created_by`) VALUES (33653650040210450, 680083598598475778, '孙运维超管', 'ops_admin', '01', '01', '登录成功', '02', '01', '2025-12-14', '0:0:0:0:0:0:0:1', 'localhost', 'Mozilla/5.0 (Macintosh; Intel Mac OS X 10_15_7) AppleWebKit/537.36 (KHTML, like Gecko) Chrome/142.0.0.0 Safari/537.36 Edg/142.0.0.0', 'MSEdge', '142.0.0.0', 'OSX', '{\"browser\":\"Chrome\",\"browserVersion\":\"142.0.0.0\",\"os\":\"Mac OS\",\"osVersion\":\"10.15.7\",\"deviceType\":\"PC\",\"deviceModel\":\"未知\",\"screenWidth\":1800,\"screenHeight\":1169,\"pixelRatio\":2,\"userAgent\":\"Mozilla/5.0 (Macintosh; Intel Mac OS X 10_15_7) AppleWebKit/537.36 (KHTML, like Gecko) Chrome/142.0.0.0 Safari/537.36 Edg/142.0.0.0\"}', NULL, NULL, NULL, '{\"isLogin\":true,\"loginDeviceType\":\"PC\",\"loginId\":\"680083598598475778\",\"loginType\":\"login\",\"sessionTimeout\":2592000,\"tokenActiveTimeout\":-1,\"tokenName\":\"Token\",\"tokenSessionTimeout\":-2,\"tokenTimeout\":2592000,\"tokenValue\":\"043b1a01-802b-4f9f-83d6-5bf7bd76b867\"}', '2025-12-14 16:46:27', 680083598598475778);
INSERT INTO `mdw_login_log` (`id`, `user_id`, `name`, `account`, `event_type`, `status`, `status_reason`, `auth_type`, `login_channel`, `login_date`, `login_ip`, `ip_location`, `ua`, `browser_name`, `browser_version`, `os`, `device_info`, `app_key`, `app_name`, `app_redirect`, `token_info`, `created_at`, `created_by`) VALUES (33653650040210451, 680083598598475778, '孙运维超管', 'ops_admin', '01', '01', '登录成功', '02', '01', '2025-12-14', '0:0:0:0:0:0:0:1', 'localhost', 'Mozilla/5.0 (Macintosh; Intel Mac OS X 10_15_7) AppleWebKit/537.36 (KHTML, like Gecko) Chrome/142.0.0.0 Safari/537.36 Edg/142.0.0.0', 'MSEdge', '142.0.0.0', 'OSX', '{\"browser\":\"Chrome\",\"browserVersion\":\"142.0.0.0\",\"os\":\"Mac OS\",\"osVersion\":\"10.15.7\",\"deviceType\":\"PC\",\"deviceModel\":\"未知\",\"screenWidth\":1800,\"screenHeight\":1169,\"pixelRatio\":2,\"userAgent\":\"Mozilla/5.0 (Macintosh; Intel Mac OS X 10_15_7) AppleWebKit/537.36 (KHTML, like Gecko) Chrome/142.0.0.0 Safari/537.36 Edg/142.0.0.0\"}', NULL, NULL, NULL, '{\"isLogin\":true,\"loginDeviceType\":\"PC\",\"loginId\":\"680083598598475778\",\"loginType\":\"login\",\"sessionTimeout\":2592000,\"tokenActiveTimeout\":-1,\"tokenName\":\"Token\",\"tokenSessionTimeout\":-2,\"tokenTimeout\":2592000,\"tokenValue\":\"7060772a-aa2b-468a-a9bc-3a8c19e0b8ad\"}', '2025-12-14 16:48:22', 680083598598475778);
INSERT INTO `mdw_login_log` (`id`, `user_id`, `name`, `account`, `event_type`, `status`, `status_reason`, `auth_type`, `login_channel`, `login_date`, `login_ip`, `ip_location`, `ua`, `browser_name`, `browser_version`, `os`, `device_info`, `app_key`, `app_name`, `app_redirect`, `token_info`, `created_at`, `created_by`) VALUES (33653650040210452, 680083598598475778, '孙运维超管', 'ops_admin', '01', '01', '登录成功', '02', '01', '2025-12-14', '0:0:0:0:0:0:0:1', 'localhost', 'Mozilla/5.0 (Macintosh; Intel Mac OS X 10_15_7) AppleWebKit/537.36 (KHTML, like Gecko) Chrome/142.0.0.0 Safari/537.36 Edg/142.0.0.0', 'MSEdge', '142.0.0.0', 'OSX', '{\"browser\":\"Chrome\",\"browserVersion\":\"142.0.0.0\",\"os\":\"Mac OS\",\"osVersion\":\"10.15.7\",\"deviceType\":\"PC\",\"deviceModel\":\"未知\",\"screenWidth\":1800,\"screenHeight\":1169,\"pixelRatio\":2,\"userAgent\":\"Mozilla/5.0 (Macintosh; Intel Mac OS X 10_15_7) AppleWebKit/537.36 (KHTML, like Gecko) Chrome/142.0.0.0 Safari/537.36 Edg/142.0.0.0\"}', 'web-console', '控制台', 'http://localhost:7710/#/auth/login', '{\"isLogin\":true,\"loginDeviceType\":\"PC\",\"loginId\":\"680083598598475778\",\"loginType\":\"login\",\"sessionTimeout\":2591999,\"tokenActiveTimeout\":-1,\"tokenName\":\"Token\",\"tokenSessionTimeout\":-2,\"tokenTimeout\":2591999,\"tokenValue\":\"7060772a-aa2b-468a-a9bc-3a8c19e0b8ad\"}', '2025-12-14 16:48:23', 680083598598475778);
INSERT INTO `mdw_login_log` (`id`, `user_id`, `name`, `account`, `event_type`, `status`, `status_reason`, `auth_type`, `login_channel`, `login_date`, `login_ip`, `ip_location`, `ua`, `browser_name`, `browser_version`, `os`, `device_info`, `app_key`, `app_name`, `app_redirect`, `token_info`, `created_at`, `created_by`) VALUES (33653650040210453, 680083598598475778, '孙运维超管', 'ops_admin', '01', '01', '登录成功', '02', '01', '2025-12-14', '0:0:0:0:0:0:0:1', 'localhost', 'Mozilla/5.0 (Macintosh; Intel Mac OS X 10_15_7) AppleWebKit/537.36 (KHTML, like Gecko) Chrome/142.0.0.0 Safari/537.36 Edg/142.0.0.0', 'MSEdge', '142.0.0.0', 'OSX', '{\"browser\":\"Chrome\",\"browserVersion\":\"142.0.0.0\",\"os\":\"Mac OS\",\"osVersion\":\"10.15.7\",\"deviceType\":\"PC\",\"deviceModel\":\"未知\",\"screenWidth\":1800,\"screenHeight\":1169,\"pixelRatio\":2,\"userAgent\":\"Mozilla/5.0 (Macintosh; Intel Mac OS X 10_15_7) AppleWebKit/537.36 (KHTML, like Gecko) Chrome/142.0.0.0 Safari/537.36 Edg/142.0.0.0\"}', NULL, NULL, NULL, '{\"isLogin\":true,\"loginDeviceType\":\"PC\",\"loginId\":\"680083598598475778\",\"loginType\":\"login\",\"sessionTimeout\":2592000,\"tokenActiveTimeout\":-1,\"tokenName\":\"Token\",\"tokenSessionTimeout\":-2,\"tokenTimeout\":2592000,\"tokenValue\":\"ff16c49f-258e-49eb-b376-e5e344b0c757\"}', '2025-12-14 16:49:36', 680083598598475778);
INSERT INTO `mdw_login_log` (`id`, `user_id`, `name`, `account`, `event_type`, `status`, `status_reason`, `auth_type`, `login_channel`, `login_date`, `login_ip`, `ip_location`, `ua`, `browser_name`, `browser_version`, `os`, `device_info`, `app_key`, `app_name`, `app_redirect`, `token_info`, `created_at`, `created_by`) VALUES (33653650040210454, 680083598598475778, '孙运维超管', '', '01', '01', '登录成功', '01', '01', '2025-12-14', '0:0:0:0:0:0:0:1', 'localhost', 'Mozilla/5.0 (Macintosh; Intel Mac OS X 10_15_7) AppleWebKit/537.36 (KHTML, like Gecko) Chrome/142.0.0.0 Safari/537.36 Edg/142.0.0.0', 'MSEdge', '142.0.0.0', 'OSX', NULL, 'web-console', '控制台', 'http://localhost:7710/#/auth/login', '{\"isLogin\":true,\"loginDeviceType\":\"PC\",\"loginId\":\"680083598598475778\",\"loginType\":\"login\",\"sessionTimeout\":2591375,\"tokenActiveTimeout\":-1,\"tokenName\":\"Token\",\"tokenSessionTimeout\":-2,\"tokenTimeout\":2591375,\"tokenValue\":\"ff16c49f-258e-49eb-b376-e5e344b0c757\"}', '2025-12-14 17:00:01', 680083598598475778);
INSERT INTO `mdw_login_log` (`id`, `user_id`, `name`, `account`, `event_type`, `status`, `status_reason`, `auth_type`, `login_channel`, `login_date`, `login_ip`, `ip_location`, `ua`, `browser_name`, `browser_version`, `os`, `device_info`, `app_key`, `app_name`, `app_redirect`, `token_info`, `created_at`, `created_by`) VALUES (34127423587665920, 680083598598475778, '孙运维超管', 'ops_admin', '01', '01', '登录成功', '02', '01', '2025-12-15', '0:0:0:0:0:0:0:1', 'localhost', 'Mozilla/5.0 (Macintosh; Intel Mac OS X 10_15_7) AppleWebKit/537.36 (KHTML, like Gecko) Chrome/135.0.0.0 Safari/537.36', 'Chrome', '135.0.0.0', 'OSX', '{\"browser\":\"Chrome\",\"browserVersion\":\"135.0.0.0\",\"os\":\"Mac OS\",\"osVersion\":\"10.15.7\",\"deviceType\":\"PC\",\"deviceModel\":\"未知\",\"screenWidth\":1800,\"screenHeight\":1169,\"pixelRatio\":2,\"userAgent\":\"Mozilla/5.0 (Macintosh; Intel Mac OS X 10_15_7) AppleWebKit/537.36 (KHTML, like Gecko) Chrome/135.0.0.0 Safari/537.36\"}', NULL, NULL, NULL, '{\"isLogin\":true,\"loginDeviceType\":\"PC\",\"loginId\":\"680083598598475778\",\"loginType\":\"login\",\"sessionTimeout\":2592000,\"tokenActiveTimeout\":-1,\"tokenName\":\"Token\",\"tokenSessionTimeout\":-2,\"tokenTimeout\":2592000,\"tokenValue\":\"ccbb352e-56a9-42d6-842e-70f623b62cb8\"}', '2025-12-15 23:25:22', 680083598598475778);
INSERT INTO `mdw_login_log` (`id`, `user_id`, `name`, `account`, `event_type`, `status`, `status_reason`, `auth_type`, `login_channel`, `login_date`, `login_ip`, `ip_location`, `ua`, `browser_name`, `browser_version`, `os`, `device_info`, `app_key`, `app_name`, `app_redirect`, `token_info`, `created_at`, `created_by`) VALUES (34127423587665921, 680083598598475778, '孙运维超管', 'ops_admin', '01', '01', '登录成功', '02', '01', '2025-12-15', '0:0:0:0:0:0:0:1', 'localhost', 'Mozilla/5.0 (Macintosh; Intel Mac OS X 10_15_7) AppleWebKit/537.36 (KHTML, like Gecko) Chrome/135.0.0.0 Safari/537.36', 'Chrome', '135.0.0.0', 'OSX', '{\"browser\":\"Chrome\",\"browserVersion\":\"135.0.0.0\",\"os\":\"Mac OS\",\"osVersion\":\"10.15.7\",\"deviceType\":\"PC\",\"deviceModel\":\"未知\",\"screenWidth\":1800,\"screenHeight\":1169,\"pixelRatio\":2,\"userAgent\":\"Mozilla/5.0 (Macintosh; Intel Mac OS X 10_15_7) AppleWebKit/537.36 (KHTML, like Gecko) Chrome/135.0.0.0 Safari/537.36\"}', 'web-open', '开放平台', 'http://localhost:7720/#/auth/login', '{\"isLogin\":true,\"loginDeviceType\":\"PC\",\"loginId\":\"680083598598475778\",\"loginType\":\"login\",\"sessionTimeout\":2591999,\"tokenActiveTimeout\":-1,\"tokenName\":\"Token\",\"tokenSessionTimeout\":-2,\"tokenTimeout\":2591999,\"tokenValue\":\"ccbb352e-56a9-42d6-842e-70f623b62cb8\"}', '2025-12-15 23:25:23', 680083598598475778);
INSERT INTO `mdw_login_log` (`id`, `user_id`, `name`, `account`, `event_type`, `status`, `status_reason`, `auth_type`, `login_channel`, `login_date`, `login_ip`, `ip_location`, `ua`, `browser_name`, `browser_version`, `os`, `device_info`, `app_key`, `app_name`, `app_redirect`, `token_info`, `created_at`, `created_by`) VALUES (34127423587665922, 680083598598475778, '孙运维超管', '', '01', '01', '登录成功', '01', '01', '2025-12-15', '0:0:0:0:0:0:0:1', 'localhost', 'Mozilla/5.0 (Macintosh; Intel Mac OS X 10_15_7) AppleWebKit/537.36 (KHTML, like Gecko) Chrome/135.0.0.0 Safari/537.36', 'Chrome', '135.0.0.0', 'OSX', NULL, 'web-open', '开放平台', 'http://localhost:7720/#/auth/login', '{\"isLogin\":true,\"loginDeviceType\":\"PC\",\"loginId\":\"680083598598475778\",\"loginType\":\"login\",\"sessionTimeout\":2591985,\"tokenActiveTimeout\":-1,\"tokenName\":\"Token\",\"tokenSessionTimeout\":-2,\"tokenTimeout\":2591985,\"tokenValue\":\"ccbb352e-56a9-42d6-842e-70f623b62cb8\"}', '2025-12-15 23:25:37', 680083598598475778);
INSERT INTO `mdw_login_log` (`id`, `user_id`, `name`, `account`, `event_type`, `status`, `status_reason`, `auth_type`, `login_channel`, `login_date`, `login_ip`, `ip_location`, `ua`, `browser_name`, `browser_version`, `os`, `device_info`, `app_key`, `app_name`, `app_redirect`, `token_info`, `created_at`, `created_by`) VALUES (35255372193910784, 680083598598475778, '孙运维超管', 'ops_admin', '01', '01', '登录成功', '02', '01', '2025-12-19', '0:0:0:0:0:0:0:1', 'localhost', 'Mozilla/5.0 (Macintosh; Intel Mac OS X 10_15_7) AppleWebKit/537.36 (KHTML, like Gecko) Chrome/143.0.0.0 Safari/537.36 Edg/143.0.0.0', 'MSEdge', '143.0.0.0', 'OSX', '{\"browser\":\"Chrome\",\"browserVersion\":\"143.0.0.0\",\"os\":\"Mac OS\",\"osVersion\":\"10.15.7\",\"deviceType\":\"PC\",\"deviceModel\":\"未知\",\"screenWidth\":1800,\"screenHeight\":1169,\"pixelRatio\":2,\"userAgent\":\"Mozilla/5.0 (Macintosh; Intel Mac OS X 10_15_7) AppleWebKit/537.36 (KHTML, like Gecko) Chrome/143.0.0.0 Safari/537.36 Edg/143.0.0.0\"}', NULL, NULL, NULL, '{\"isLogin\":true,\"loginDeviceType\":\"PC\",\"loginId\":\"680083598598475778\",\"loginType\":\"login\",\"sessionTimeout\":2592000,\"tokenActiveTimeout\":-1,\"tokenName\":\"Token\",\"tokenSessionTimeout\":-2,\"tokenTimeout\":2592000,\"tokenValue\":\"3ff90356-a75d-4cd5-96ae-198f8d5e709c\"}', '2025-12-19 00:19:18', 680083598598475778);
INSERT INTO `mdw_login_log` (`id`, `user_id`, `name`, `account`, `event_type`, `status`, `status_reason`, `auth_type`, `login_channel`, `login_date`, `login_ip`, `ip_location`, `ua`, `browser_name`, `browser_version`, `os`, `device_info`, `app_key`, `app_name`, `app_redirect`, `token_info`, `created_at`, `created_by`) VALUES (35255372193910785, 680083598598475778, '孙运维超管', 'ops_admin', '01', '01', '登录成功', '02', '01', '2025-12-19', '0:0:0:0:0:0:0:1', 'localhost', 'Mozilla/5.0 (Macintosh; Intel Mac OS X 10_15_7) AppleWebKit/537.36 (KHTML, like Gecko) Chrome/143.0.0.0 Safari/537.36 Edg/143.0.0.0', 'MSEdge', '143.0.0.0', 'OSX', '{\"browser\":\"Chrome\",\"browserVersion\":\"143.0.0.0\",\"os\":\"Mac OS\",\"osVersion\":\"10.15.7\",\"deviceType\":\"PC\",\"deviceModel\":\"未知\",\"screenWidth\":1800,\"screenHeight\":1169,\"pixelRatio\":2,\"userAgent\":\"Mozilla/5.0 (Macintosh; Intel Mac OS X 10_15_7) AppleWebKit/537.36 (KHTML, like Gecko) Chrome/143.0.0.0 Safari/537.36 Edg/143.0.0.0\"}', 'web-console', '控制台', 'http://localhost:7710/#/auth/login', '{\"isLogin\":true,\"loginDeviceType\":\"PC\",\"loginId\":\"680083598598475778\",\"loginType\":\"login\",\"sessionTimeout\":2591999,\"tokenActiveTimeout\":-1,\"tokenName\":\"Token\",\"tokenSessionTimeout\":-2,\"tokenTimeout\":2591999,\"tokenValue\":\"3ff90356-a75d-4cd5-96ae-198f8d5e709c\"}', '2025-12-19 00:19:18', 680083598598475778);
INSERT INTO `mdw_login_log` (`id`, `user_id`, `name`, `account`, `event_type`, `status`, `status_reason`, `auth_type`, `login_channel`, `login_date`, `login_ip`, `ip_location`, `ua`, `browser_name`, `browser_version`, `os`, `device_info`, `app_key`, `app_name`, `app_redirect`, `token_info`, `created_at`, `created_by`) VALUES (38230796687575040, 680083598598475780, '赵管理', 'admin', '01', '02', '验证码已过期', '01', '01', '2025-12-27', '0:0:0:0:0:0:0:1', 'localhost', 'Mozilla/5.0 (Macintosh; Intel Mac OS X 10_15_7) AppleWebKit/537.36 (KHTML, like Gecko) Chrome/143.0.0.0 Safari/537.36 Edg/143.0.0.0', 'MSEdge', '143.0.0.0', 'OSX', '{\"browser\":\"Chrome\",\"browserVersion\":\"143.0.0.0\",\"os\":\"Mac OS\",\"osVersion\":\"10.15.7\",\"deviceType\":\"PC\",\"deviceModel\":\"未知\",\"screenWidth\":1800,\"screenHeight\":1169,\"pixelRatio\":2,\"userAgent\":\"Mozilla/5.0 (Macintosh; Intel Mac OS X 10_15_7) AppleWebKit/537.36 (KHTML, like Gecko) Chrome/143.0.0.0 Safari/537.36 Edg/143.0.0.0\"}', NULL, NULL, NULL, NULL, '2025-12-27 01:44:51', 680083598598475780);
INSERT INTO `mdw_login_log` (`id`, `user_id`, `name`, `account`, `event_type`, `status`, `status_reason`, `auth_type`, `login_channel`, `login_date`, `login_ip`, `ip_location`, `ua`, `browser_name`, `browser_version`, `os`, `device_info`, `app_key`, `app_name`, `app_redirect`, `token_info`, `created_at`, `created_by`) VALUES (38362682248335360, 680083598598475780, '赵管理', 'admin', '01', '02', '验证码不正确', '01', '01', '2025-12-27', '0:0:0:0:0:0:0:1', 'localhost', 'Mozilla/5.0 (Macintosh; Intel Mac OS X 10_15_7) AppleWebKit/537.36 (KHTML, like Gecko) Chrome/143.0.0.0 Safari/537.36 Edg/143.0.0.0', 'MSEdge', '143.0.0.0', 'OSX', '{\"browser\":\"Chrome\",\"browserVersion\":\"143.0.0.0\",\"os\":\"Mac OS\",\"osVersion\":\"10.15.7\",\"deviceType\":\"PC\",\"deviceModel\":\"未知\",\"screenWidth\":1800,\"screenHeight\":1169,\"pixelRatio\":2,\"userAgent\":\"Mozilla/5.0 (Macintosh; Intel Mac OS X 10_15_7) AppleWebKit/537.36 (KHTML, like Gecko) Chrome/143.0.0.0 Safari/537.36 Edg/143.0.0.0\"}', NULL, NULL, NULL, NULL, '2025-12-27 10:37:22', 680083598598475780);
INSERT INTO `mdw_login_log` (`id`, `user_id`, `name`, `account`, `event_type`, `status`, `status_reason`, `auth_type`, `login_channel`, `login_date`, `login_ip`, `ip_location`, `ua`, `browser_name`, `browser_version`, `os`, `device_info`, `app_key`, `app_name`, `app_redirect`, `token_info`, `created_at`, `created_by`) VALUES (38362682248335361, 680083598598475780, '赵管理', 'admin', '01', '02', '验证码不正确', '01', '01', '2025-12-27', '0:0:0:0:0:0:0:1', 'localhost', 'Mozilla/5.0 (Macintosh; Intel Mac OS X 10_15_7) AppleWebKit/537.36 (KHTML, like Gecko) Chrome/143.0.0.0 Safari/537.36 Edg/143.0.0.0', 'MSEdge', '143.0.0.0', 'OSX', '{\"browser\":\"Chrome\",\"browserVersion\":\"143.0.0.0\",\"os\":\"Mac OS\",\"osVersion\":\"10.15.7\",\"deviceType\":\"PC\",\"deviceModel\":\"未知\",\"screenWidth\":1800,\"screenHeight\":1169,\"pixelRatio\":2,\"userAgent\":\"Mozilla/5.0 (Macintosh; Intel Mac OS X 10_15_7) AppleWebKit/537.36 (KHTML, like Gecko) Chrome/143.0.0.0 Safari/537.36 Edg/143.0.0.0\"}', NULL, NULL, NULL, NULL, '2025-12-27 10:37:28', 680083598598475780);
INSERT INTO `mdw_login_log` (`id`, `user_id`, `name`, `account`, `event_type`, `status`, `status_reason`, `auth_type`, `login_channel`, `login_date`, `login_ip`, `ip_location`, `ua`, `browser_name`, `browser_version`, `os`, `device_info`, `app_key`, `app_name`, `app_redirect`, `token_info`, `created_at`, `created_by`) VALUES (38362682248335362, 680083598598475780, '赵管理', 'admin', '01', '02', '验证码不正确', '01', '01', '2025-12-27', '0:0:0:0:0:0:0:1', 'localhost', 'Mozilla/5.0 (Macintosh; Intel Mac OS X 10_15_7) AppleWebKit/537.36 (KHTML, like Gecko) Chrome/143.0.0.0 Safari/537.36 Edg/143.0.0.0', 'MSEdge', '143.0.0.0', 'OSX', '{\"browser\":\"Chrome\",\"browserVersion\":\"143.0.0.0\",\"os\":\"Mac OS\",\"osVersion\":\"10.15.7\",\"deviceType\":\"PC\",\"deviceModel\":\"未知\",\"screenWidth\":1800,\"screenHeight\":1169,\"pixelRatio\":2,\"userAgent\":\"Mozilla/5.0 (Macintosh; Intel Mac OS X 10_15_7) AppleWebKit/537.36 (KHTML, like Gecko) Chrome/143.0.0.0 Safari/537.36 Edg/143.0.0.0\"}', NULL, NULL, NULL, NULL, '2025-12-27 10:37:45', 680083598598475780);
INSERT INTO `mdw_login_log` (`id`, `user_id`, `name`, `account`, `event_type`, `status`, `status_reason`, `auth_type`, `login_channel`, `login_date`, `login_ip`, `ip_location`, `ua`, `browser_name`, `browser_version`, `os`, `device_info`, `app_key`, `app_name`, `app_redirect`, `token_info`, `created_at`, `created_by`) VALUES (38389564448642048, 680083598598475780, '赵管理', 'admin', '01', '02', '用户名或密码错误1次，连续输错5次您将被锁定！', '01', '01', '2025-12-27', '0:0:0:0:0:0:0:1', 'localhost', 'Mozilla/5.0 (Macintosh; Intel Mac OS X 10_15_7) AppleWebKit/537.36 (KHTML, like Gecko) Chrome/143.0.0.0 Safari/537.36 Edg/143.0.0.0', 'MSEdge', '143.0.0.0', 'OSX', '{\"browser\":\"Chrome\",\"browserVersion\":\"143.0.0.0\",\"os\":\"Mac OS\",\"osVersion\":\"10.15.7\",\"deviceType\":\"PC\",\"deviceModel\":\"未知\",\"screenWidth\":1800,\"screenHeight\":1169,\"pixelRatio\":2,\"userAgent\":\"Mozilla/5.0 (Macintosh; Intel Mac OS X 10_15_7) AppleWebKit/537.36 (KHTML, like Gecko) Chrome/143.0.0.0 Safari/537.36 Edg/143.0.0.0\"}', NULL, NULL, NULL, NULL, '2025-12-27 11:02:04', 680083598598475780);
INSERT INTO `mdw_login_log` (`id`, `user_id`, `name`, `account`, `event_type`, `status`, `status_reason`, `auth_type`, `login_channel`, `login_date`, `login_ip`, `ip_location`, `ua`, `browser_name`, `browser_version`, `os`, `device_info`, `app_key`, `app_name`, `app_redirect`, `token_info`, `created_at`, `created_by`) VALUES (38389564448642049, 680083598598475780, '赵管理', 'admin', '01', '02', '验证码已过期', '01', '01', '2025-12-27', '0:0:0:0:0:0:0:1', 'localhost', 'Mozilla/5.0 (Macintosh; Intel Mac OS X 10_15_7) AppleWebKit/537.36 (KHTML, like Gecko) Chrome/143.0.0.0 Safari/537.36 Edg/143.0.0.0', 'MSEdge', '143.0.0.0', 'OSX', '{\"browser\":\"Chrome\",\"browserVersion\":\"143.0.0.0\",\"os\":\"Mac OS\",\"osVersion\":\"10.15.7\",\"deviceType\":\"PC\",\"deviceModel\":\"未知\",\"screenWidth\":1800,\"screenHeight\":1169,\"pixelRatio\":2,\"userAgent\":\"Mozilla/5.0 (Macintosh; Intel Mac OS X 10_15_7) AppleWebKit/537.36 (KHTML, like Gecko) Chrome/143.0.0.0 Safari/537.36 Edg/143.0.0.0\"}', NULL, NULL, NULL, NULL, '2025-12-27 11:02:11', 680083598598475780);
INSERT INTO `mdw_login_log` (`id`, `user_id`, `name`, `account`, `event_type`, `status`, `status_reason`, `auth_type`, `login_channel`, `login_date`, `login_ip`, `ip_location`, `ua`, `browser_name`, `browser_version`, `os`, `device_info`, `app_key`, `app_name`, `app_redirect`, `token_info`, `created_at`, `created_by`) VALUES (38389564448642050, 680083598598475780, '赵管理', 'admin', '01', '01', '登录成功', '01', '01', '2025-12-27', '0:0:0:0:0:0:0:1', 'localhost', 'Mozilla/5.0 (Macintosh; Intel Mac OS X 10_15_7) AppleWebKit/537.36 (KHTML, like Gecko) Chrome/143.0.0.0 Safari/537.36 Edg/143.0.0.0', 'MSEdge', '143.0.0.0', 'OSX', '{\"browser\":\"Chrome\",\"browserVersion\":\"143.0.0.0\",\"os\":\"Mac OS\",\"osVersion\":\"10.15.7\",\"deviceType\":\"PC\",\"deviceModel\":\"未知\",\"screenWidth\":1800,\"screenHeight\":1169,\"pixelRatio\":2,\"userAgent\":\"Mozilla/5.0 (Macintosh; Intel Mac OS X 10_15_7) AppleWebKit/537.36 (KHTML, like Gecko) Chrome/143.0.0.0 Safari/537.36 Edg/143.0.0.0\"}', NULL, NULL, NULL, '{\"isLogin\":true,\"loginDeviceType\":\"PC\",\"loginId\":\"680083598598475780\",\"loginType\":\"login\",\"sessionTimeout\":2592000,\"tokenActiveTimeout\":-1,\"tokenName\":\"Token\",\"tokenSessionTimeout\":-2,\"tokenTimeout\":2592000,\"tokenValue\":\"f4b62bc1-eb1e-4d88-905c-73d09ba140a0\"}', '2025-12-27 11:02:17', 680083598598475780);
INSERT INTO `mdw_login_log` (`id`, `user_id`, `name`, `account`, `event_type`, `status`, `status_reason`, `auth_type`, `login_channel`, `login_date`, `login_ip`, `ip_location`, `ua`, `browser_name`, `browser_version`, `os`, `device_info`, `app_key`, `app_name`, `app_redirect`, `token_info`, `created_at`, `created_by`) VALUES (38389564448642051, 680083598598475780, '赵管理', 'admin', '01', '01', '登录成功', '01', '01', '2025-12-27', '0:0:0:0:0:0:0:1', 'localhost', 'Mozilla/5.0 (Macintosh; Intel Mac OS X 10_15_7) AppleWebKit/537.36 (KHTML, like Gecko) Chrome/143.0.0.0 Safari/537.36 Edg/143.0.0.0', 'MSEdge', '143.0.0.0', 'OSX', '{\"browser\":\"Chrome\",\"browserVersion\":\"143.0.0.0\",\"os\":\"Mac OS\",\"osVersion\":\"10.15.7\",\"deviceType\":\"PC\",\"deviceModel\":\"未知\",\"screenWidth\":1800,\"screenHeight\":1169,\"pixelRatio\":2,\"userAgent\":\"Mozilla/5.0 (Macintosh; Intel Mac OS X 10_15_7) AppleWebKit/537.36 (KHTML, like Gecko) Chrome/143.0.0.0 Safari/537.36 Edg/143.0.0.0\"}', NULL, NULL, NULL, '{\"isLogin\":true,\"loginDeviceType\":\"PC\",\"loginId\":\"680083598598475780\",\"loginType\":\"login\",\"sessionTimeout\":2592000,\"tokenActiveTimeout\":-1,\"tokenName\":\"Token\",\"tokenSessionTimeout\":-2,\"tokenTimeout\":2592000,\"tokenValue\":\"c465dea2-4fb5-4eb5-b3c9-92e97cdd8b27\"}', '2025-12-27 11:03:55', 680083598598475780);
INSERT INTO `mdw_login_log` (`id`, `user_id`, `name`, `account`, `event_type`, `status`, `status_reason`, `auth_type`, `login_channel`, `login_date`, `login_ip`, `ip_location`, `ua`, `browser_name`, `browser_version`, `os`, `device_info`, `app_key`, `app_name`, `app_redirect`, `token_info`, `created_at`, `created_by`) VALUES (38389564448642052, 680083598598475778, '孙运维超管', '15210000000', '01', '02', '验证码不正确', '03', '01', '2025-12-27', '0:0:0:0:0:0:0:1', 'localhost', 'Mozilla/5.0 (Macintosh; Intel Mac OS X 10_15_7) AppleWebKit/537.36 (KHTML, like Gecko) Chrome/143.0.0.0 Safari/537.36 Edg/143.0.0.0', 'MSEdge', '143.0.0.0', 'OSX', '{\"browser\":\"Chrome\",\"browserVersion\":\"143.0.0.0\",\"os\":\"Mac OS\",\"osVersion\":\"10.15.7\",\"deviceType\":\"PC\",\"deviceModel\":\"未知\",\"screenWidth\":1800,\"screenHeight\":1169,\"pixelRatio\":2,\"userAgent\":\"Mozilla/5.0 (Macintosh; Intel Mac OS X 10_15_7) AppleWebKit/537.36 (KHTML, like Gecko) Chrome/143.0.0.0 Safari/537.36 Edg/143.0.0.0\"}', NULL, NULL, NULL, NULL, '2025-12-27 11:11:53', 680083598598475778);
INSERT INTO `mdw_login_log` (`id`, `user_id`, `name`, `account`, `event_type`, `status`, `status_reason`, `auth_type`, `login_channel`, `login_date`, `login_ip`, `ip_location`, `ua`, `browser_name`, `browser_version`, `os`, `device_info`, `app_key`, `app_name`, `app_redirect`, `token_info`, `created_at`, `created_by`) VALUES (38389564448642053, 680083598598475778, '孙运维超管', '15210000000', '01', '02', '验证码不正确', '03', '01', '2025-12-27', '0:0:0:0:0:0:0:1', 'localhost', 'Mozilla/5.0 (Macintosh; Intel Mac OS X 10_15_7) AppleWebKit/537.36 (KHTML, like Gecko) Chrome/143.0.0.0 Safari/537.36 Edg/143.0.0.0', 'MSEdge', '143.0.0.0', 'OSX', '{\"browser\":\"Chrome\",\"browserVersion\":\"143.0.0.0\",\"os\":\"Mac OS\",\"osVersion\":\"10.15.7\",\"deviceType\":\"PC\",\"deviceModel\":\"未知\",\"screenWidth\":1800,\"screenHeight\":1169,\"pixelRatio\":2,\"userAgent\":\"Mozilla/5.0 (Macintosh; Intel Mac OS X 10_15_7) AppleWebKit/537.36 (KHTML, like Gecko) Chrome/143.0.0.0 Safari/537.36 Edg/143.0.0.0\"}', NULL, NULL, NULL, NULL, '2025-12-27 11:12:04', 680083598598475778);
INSERT INTO `mdw_login_log` (`id`, `user_id`, `name`, `account`, `event_type`, `status`, `status_reason`, `auth_type`, `login_channel`, `login_date`, `login_ip`, `ip_location`, `ua`, `browser_name`, `browser_version`, `os`, `device_info`, `app_key`, `app_name`, `app_redirect`, `token_info`, `created_at`, `created_by`) VALUES (38389564448642054, 680083598598475778, '孙运维超管', '15210000000', '01', '01', '登录成功', '03', '01', '2025-12-27', '0:0:0:0:0:0:0:1', 'localhost', 'Mozilla/5.0 (Macintosh; Intel Mac OS X 10_15_7) AppleWebKit/537.36 (KHTML, like Gecko) Chrome/143.0.0.0 Safari/537.36 Edg/143.0.0.0', 'MSEdge', '143.0.0.0', 'OSX', '{\"browser\":\"Chrome\",\"browserVersion\":\"143.0.0.0\",\"os\":\"Mac OS\",\"osVersion\":\"10.15.7\",\"deviceType\":\"PC\",\"deviceModel\":\"未知\",\"screenWidth\":1800,\"screenHeight\":1169,\"pixelRatio\":2,\"userAgent\":\"Mozilla/5.0 (Macintosh; Intel Mac OS X 10_15_7) AppleWebKit/537.36 (KHTML, like Gecko) Chrome/143.0.0.0 Safari/537.36 Edg/143.0.0.0\"}', NULL, NULL, NULL, '{\"isLogin\":true,\"loginDeviceType\":\"PC\",\"loginId\":\"680083598598475778\",\"loginType\":\"login\",\"sessionTimeout\":2592000,\"tokenActiveTimeout\":-1,\"tokenName\":\"Token\",\"tokenSessionTimeout\":-2,\"tokenTimeout\":2592000,\"tokenValue\":\"86aecece-57f9-4643-9ba8-5e3d3b608164\"}', '2025-12-27 11:12:57', 680083598598475778);
INSERT INTO `mdw_login_log` (`id`, `user_id`, `name`, `account`, `event_type`, `status`, `status_reason`, `auth_type`, `login_channel`, `login_date`, `login_ip`, `ip_location`, `ua`, `browser_name`, `browser_version`, `os`, `device_info`, `app_key`, `app_name`, `app_redirect`, `token_info`, `created_at`, `created_by`) VALUES (38389564448642055, 680083598598475778, '孙运维超管', '123@qq.com', '01', '02', '验证码已过期', '04', '01', '2025-12-27', '0:0:0:0:0:0:0:1', 'localhost', 'Mozilla/5.0 (Macintosh; Intel Mac OS X 10_15_7) AppleWebKit/537.36 (KHTML, like Gecko) Chrome/143.0.0.0 Safari/537.36 Edg/143.0.0.0', 'MSEdge', '143.0.0.0', 'OSX', '{\"browser\":\"Chrome\",\"browserVersion\":\"143.0.0.0\",\"os\":\"Mac OS\",\"osVersion\":\"10.15.7\",\"deviceType\":\"PC\",\"deviceModel\":\"未知\",\"screenWidth\":1800,\"screenHeight\":1169,\"pixelRatio\":2,\"userAgent\":\"Mozilla/5.0 (Macintosh; Intel Mac OS X 10_15_7) AppleWebKit/537.36 (KHTML, like Gecko) Chrome/143.0.0.0 Safari/537.36 Edg/143.0.0.0\"}', NULL, NULL, NULL, NULL, '2025-12-27 11:14:36', 680083598598475778);
INSERT INTO `mdw_login_log` (`id`, `user_id`, `name`, `account`, `event_type`, `status`, `status_reason`, `auth_type`, `login_channel`, `login_date`, `login_ip`, `ip_location`, `ua`, `browser_name`, `browser_version`, `os`, `device_info`, `app_key`, `app_name`, `app_redirect`, `token_info`, `created_at`, `created_by`) VALUES (38389564448642056, 680083598598475778, '孙运维超管', '123@qq.com', '01', '01', '登录成功', '04', '01', '2025-12-27', '0:0:0:0:0:0:0:1', 'localhost', 'Mozilla/5.0 (Macintosh; Intel Mac OS X 10_15_7) AppleWebKit/537.36 (KHTML, like Gecko) Chrome/143.0.0.0 Safari/537.36 Edg/143.0.0.0', 'MSEdge', '143.0.0.0', 'OSX', '{\"browser\":\"Chrome\",\"browserVersion\":\"143.0.0.0\",\"os\":\"Mac OS\",\"osVersion\":\"10.15.7\",\"deviceType\":\"PC\",\"deviceModel\":\"未知\",\"screenWidth\":1800,\"screenHeight\":1169,\"pixelRatio\":2,\"userAgent\":\"Mozilla/5.0 (Macintosh; Intel Mac OS X 10_15_7) AppleWebKit/537.36 (KHTML, like Gecko) Chrome/143.0.0.0 Safari/537.36 Edg/143.0.0.0\"}', NULL, NULL, NULL, '{\"isLogin\":true,\"loginDeviceType\":\"PC\",\"loginId\":\"680083598598475778\",\"loginType\":\"login\",\"sessionTimeout\":2592000,\"tokenActiveTimeout\":-1,\"tokenName\":\"Token\",\"tokenSessionTimeout\":-2,\"tokenTimeout\":2592000,\"tokenValue\":\"11fc6d82-accd-43a1-ae1a-7cc02989c1cd\"}', '2025-12-27 11:14:50', 680083598598475778);
INSERT INTO `mdw_login_log` (`id`, `user_id`, `name`, `account`, `event_type`, `status`, `status_reason`, `auth_type`, `login_channel`, `login_date`, `login_ip`, `ip_location`, `ua`, `browser_name`, `browser_version`, `os`, `device_info`, `app_key`, `app_name`, `app_redirect`, `token_info`, `created_at`, `created_by`) VALUES (38389564448642057, 680083598598475778, '孙运维超管', 'ops_admin', '01', '01', '登录成功', '01', '01', '2025-12-27', '0:0:0:0:0:0:0:1', 'localhost', 'Mozilla/5.0 (Macintosh; Intel Mac OS X 10_15_7) AppleWebKit/537.36 (KHTML, like Gecko) Chrome/143.0.0.0 Safari/537.36 Edg/143.0.0.0', 'MSEdge', '143.0.0.0', 'OSX', '{\"browser\":\"Chrome\",\"browserVersion\":\"143.0.0.0\",\"os\":\"Mac OS\",\"osVersion\":\"10.15.7\",\"deviceType\":\"PC\",\"deviceModel\":\"未知\",\"screenWidth\":1800,\"screenHeight\":1169,\"pixelRatio\":2,\"userAgent\":\"Mozilla/5.0 (Macintosh; Intel Mac OS X 10_15_7) AppleWebKit/537.36 (KHTML, like Gecko) Chrome/143.0.0.0 Safari/537.36 Edg/143.0.0.0\"}', NULL, NULL, NULL, '{\"isLogin\":true,\"loginDeviceType\":\"PC\",\"loginId\":\"680083598598475778\",\"loginType\":\"login\",\"sessionTimeout\":2592000,\"tokenActiveTimeout\":-1,\"tokenName\":\"Token\",\"tokenSessionTimeout\":-2,\"tokenTimeout\":2592000,\"tokenValue\":\"14a76a9c-9ab3-4062-961b-48a428d82b37\"}', '2025-12-27 13:28:56', 680083598598475778);
INSERT INTO `mdw_login_log` (`id`, `user_id`, `name`, `account`, `event_type`, `status`, `status_reason`, `auth_type`, `login_channel`, `login_date`, `login_ip`, `ip_location`, `ua`, `browser_name`, `browser_version`, `os`, `device_info`, `app_key`, `app_name`, `app_redirect`, `token_info`, `created_at`, `created_by`) VALUES (38389564448642058, 680083598598475778, '孙运维超管', 'ops_admin', '01', '01', '登录成功', '01', '01', '2025-12-27', '0:0:0:0:0:0:0:1', 'localhost', 'Mozilla/5.0 (Macintosh; Intel Mac OS X 10_15_7) AppleWebKit/537.36 (KHTML, like Gecko) Chrome/143.0.0.0 Safari/537.36 Edg/143.0.0.0', 'MSEdge', '143.0.0.0', 'OSX', '{\"browser\":\"Chrome\",\"browserVersion\":\"143.0.0.0\",\"os\":\"Mac OS\",\"osVersion\":\"10.15.7\",\"deviceType\":\"PC\",\"deviceModel\":\"未知\",\"screenWidth\":1800,\"screenHeight\":1169,\"pixelRatio\":2,\"userAgent\":\"Mozilla/5.0 (Macintosh; Intel Mac OS X 10_15_7) AppleWebKit/537.36 (KHTML, like Gecko) Chrome/143.0.0.0 Safari/537.36 Edg/143.0.0.0\"}', NULL, NULL, NULL, '{\"isLogin\":true,\"loginDeviceType\":\"PC\",\"loginId\":\"680083598598475778\",\"loginType\":\"login\",\"sessionTimeout\":2592000,\"tokenActiveTimeout\":-1,\"tokenName\":\"Token\",\"tokenSessionTimeout\":-2,\"tokenTimeout\":2592000,\"tokenValue\":\"f2d47ea5-2e3b-4102-a367-446222894fc9\"}', '2025-12-27 13:53:34', 680083598598475778);
INSERT INTO `mdw_login_log` (`id`, `user_id`, `name`, `account`, `event_type`, `status`, `status_reason`, `auth_type`, `login_channel`, `login_date`, `login_ip`, `ip_location`, `ua`, `browser_name`, `browser_version`, `os`, `device_info`, `app_key`, `app_name`, `app_redirect`, `token_info`, `created_at`, `created_by`) VALUES (38389564448642059, 680083598598475778, '孙运维超管', 'ops_admin', '01', '01', '登录成功', '01', '01', '2025-12-27', '0:0:0:0:0:0:0:1', 'localhost', 'Mozilla/5.0 (Macintosh; Intel Mac OS X 10_15_7) AppleWebKit/537.36 (KHTML, like Gecko) Chrome/143.0.0.0 Safari/537.36 Edg/143.0.0.0', 'MSEdge', '143.0.0.0', 'OSX', '{\"browser\":\"Chrome\",\"browserVersion\":\"143.0.0.0\",\"os\":\"Mac OS\",\"osVersion\":\"10.15.7\",\"deviceType\":\"PC\",\"deviceModel\":\"未知\",\"screenWidth\":1800,\"screenHeight\":1169,\"pixelRatio\":2,\"userAgent\":\"Mozilla/5.0 (Macintosh; Intel Mac OS X 10_15_7) AppleWebKit/537.36 (KHTML, like Gecko) Chrome/143.0.0.0 Safari/537.36 Edg/143.0.0.0\"}', 'web-console', '控制台', 'http://localhost:7710/#/auth/login', '{\"isLogin\":true,\"loginDeviceType\":\"PC\",\"loginId\":\"680083598598475778\",\"loginType\":\"login\",\"sessionTimeout\":2591999,\"tokenActiveTimeout\":-1,\"tokenName\":\"Token\",\"tokenSessionTimeout\":-2,\"tokenTimeout\":2591999,\"tokenValue\":\"f2d47ea5-2e3b-4102-a367-446222894fc9\"}', '2025-12-27 13:53:34', 680083598598475778);
INSERT INTO `mdw_login_log` (`id`, `user_id`, `name`, `account`, `event_type`, `status`, `status_reason`, `auth_type`, `login_channel`, `login_date`, `login_ip`, `ip_location`, `ua`, `browser_name`, `browser_version`, `os`, `device_info`, `app_key`, `app_name`, `app_redirect`, `token_info`, `created_at`, `created_by`) VALUES (38389564448642061, 680083598598475778, '孙运维超管', 'ops_admin', '01', '01', '登录成功', '02', '01', '2025-12-27', '0:0:0:0:0:0:0:1', 'localhost', 'Mozilla/5.0 (Macintosh; Intel Mac OS X 10_15_7) AppleWebKit/537.36 (KHTML, like Gecko) Chrome/143.0.0.0 Safari/537.36 Edg/143.0.0.0', 'MSEdge', '143.0.0.0', 'OSX', '{\"browser\":\"Chrome\",\"browserVersion\":\"143.0.0.0\",\"os\":\"Mac OS\",\"osVersion\":\"10.15.7\",\"deviceType\":\"PC\",\"deviceModel\":\"未知\",\"screenWidth\":1800,\"screenHeight\":1169,\"pixelRatio\":2,\"userAgent\":\"Mozilla/5.0 (Macintosh; Intel Mac OS X 10_15_7) AppleWebKit/537.36 (KHTML, like Gecko) Chrome/143.0.0.0 Safari/537.36 Edg/143.0.0.0\"}', NULL, NULL, NULL, '{\"isLogin\":true,\"loginDeviceType\":\"PC\",\"loginId\":\"680083598598475778\",\"loginType\":\"login\",\"sessionTimeout\":2592000,\"tokenActiveTimeout\":-1,\"tokenName\":\"Token\",\"tokenSessionTimeout\":-2,\"tokenTimeout\":2592000,\"tokenValue\":\"2521baab-265b-4bba-ac21-9d1f2720ba5d\"}', '2025-12-27 13:55:16', 680083598598475778);
INSERT INTO `mdw_login_log` (`id`, `user_id`, `name`, `account`, `event_type`, `status`, `status_reason`, `auth_type`, `login_channel`, `login_date`, `login_ip`, `ip_location`, `ua`, `browser_name`, `browser_version`, `os`, `device_info`, `app_key`, `app_name`, `app_redirect`, `token_info`, `created_at`, `created_by`) VALUES (38389564448642062, 680083598598475778, '孙运维超管', 'ops_admin', '01', '01', '登录成功', '01', '01', '2025-12-27', '0:0:0:0:0:0:0:1', 'localhost', 'Mozilla/5.0 (Macintosh; Intel Mac OS X 10_15_7) AppleWebKit/537.36 (KHTML, like Gecko) Chrome/143.0.0.0 Safari/537.36 Edg/143.0.0.0', 'MSEdge', '143.0.0.0', 'OSX', '{\"browser\":\"Chrome\",\"browserVersion\":\"143.0.0.0\",\"os\":\"Mac OS\",\"osVersion\":\"10.15.7\",\"deviceType\":\"PC\",\"deviceModel\":\"未知\",\"screenWidth\":1800,\"screenHeight\":1169,\"pixelRatio\":2,\"userAgent\":\"Mozilla/5.0 (Macintosh; Intel Mac OS X 10_15_7) AppleWebKit/537.36 (KHTML, like Gecko) Chrome/143.0.0.0 Safari/537.36 Edg/143.0.0.0\"}', NULL, NULL, NULL, '{\"isLogin\":true,\"loginDeviceType\":\"PC\",\"loginId\":\"680083598598475778\",\"loginType\":\"login\",\"sessionTimeout\":2592000,\"tokenActiveTimeout\":-1,\"tokenName\":\"Token\",\"tokenSessionTimeout\":-2,\"tokenTimeout\":2592000,\"tokenValue\":\"3d45e8d2-2fa6-4ed4-b223-5a39bdbaa8d3\"}', '2025-12-27 13:59:03', 680083598598475778);
INSERT INTO `mdw_login_log` (`id`, `user_id`, `name`, `account`, `event_type`, `status`, `status_reason`, `auth_type`, `login_channel`, `login_date`, `login_ip`, `ip_location`, `ua`, `browser_name`, `browser_version`, `os`, `device_info`, `app_key`, `app_name`, `app_redirect`, `token_info`, `created_at`, `created_by`) VALUES (38856689386734592, 680083598598475778, '孙运维超管', 'ops_admin', '01', '01', '登录成功', '02', '01', '2025-12-28', '0:0:0:0:0:0:0:1', 'localhost', 'Mozilla/5.0 (Macintosh; Intel Mac OS X 10_15_7) AppleWebKit/537.36 (KHTML, like Gecko) Chrome/143.0.0.0 Safari/537.36 Edg/143.0.0.0', 'MSEdge', '143.0.0.0', 'OSX', '{\"browser\":\"Chrome\",\"browserVersion\":\"143.0.0.0\",\"os\":\"Mac OS\",\"osVersion\":\"10.15.7\",\"deviceType\":\"PC\",\"deviceModel\":\"未知\",\"screenWidth\":1800,\"screenHeight\":1169,\"pixelRatio\":2,\"userAgent\":\"Mozilla/5.0 (Macintosh; Intel Mac OS X 10_15_7) AppleWebKit/537.36 (KHTML, like Gecko) Chrome/143.0.0.0 Safari/537.36 Edg/143.0.0.0\"}', NULL, NULL, NULL, '{\"isLogin\":true,\"loginDeviceType\":\"PC\",\"loginId\":\"680083598598475778\",\"loginType\":\"login\",\"sessionTimeout\":2592000,\"tokenActiveTimeout\":-1,\"tokenName\":\"Token\",\"tokenSessionTimeout\":-2,\"tokenTimeout\":2592000,\"tokenValue\":\"6fdd3cef-45df-4581-af41-6d22cc2f95cd\"}', '2025-12-28 17:09:04', 680083598598475778);
INSERT INTO `mdw_login_log` (`id`, `user_id`, `name`, `account`, `event_type`, `status`, `status_reason`, `auth_type`, `login_channel`, `login_date`, `login_ip`, `ip_location`, `ua`, `browser_name`, `browser_version`, `os`, `device_info`, `app_key`, `app_name`, `app_redirect`, `token_info`, `created_at`, `created_by`) VALUES (38856689386734593, 680083598598475778, '孙运维超管', 'ops_admin', '01', '01', '登录成功', '02', '01', '2025-12-28', '0:0:0:0:0:0:0:1', 'localhost', 'Mozilla/5.0 (Macintosh; Intel Mac OS X 10_15_7) AppleWebKit/537.36 (KHTML, like Gecko) Chrome/143.0.0.0 Safari/537.36 Edg/143.0.0.0', 'MSEdge', '143.0.0.0', 'OSX', '{\"browser\":\"Chrome\",\"browserVersion\":\"143.0.0.0\",\"os\":\"Mac OS\",\"osVersion\":\"10.15.7\",\"deviceType\":\"PC\",\"deviceModel\":\"未知\",\"screenWidth\":1800,\"screenHeight\":1169,\"pixelRatio\":2,\"userAgent\":\"Mozilla/5.0 (Macintosh; Intel Mac OS X 10_15_7) AppleWebKit/537.36 (KHTML, like Gecko) Chrome/143.0.0.0 Safari/537.36 Edg/143.0.0.0\"}', NULL, NULL, NULL, '{\"isLogin\":true,\"loginDeviceType\":\"PC\",\"loginId\":\"680083598598475778\",\"loginType\":\"login\",\"sessionTimeout\":2592000,\"tokenActiveTimeout\":-1,\"tokenName\":\"Token\",\"tokenSessionTimeout\":-2,\"tokenTimeout\":2592000,\"tokenValue\":\"b9770f72-4eee-4221-8922-0df4a2102ede\"}', '2025-12-28 17:09:49', 680083598598475778);
INSERT INTO `mdw_login_log` (`id`, `user_id`, `name`, `account`, `event_type`, `status`, `status_reason`, `auth_type`, `login_channel`, `login_date`, `login_ip`, `ip_location`, `ua`, `browser_name`, `browser_version`, `os`, `device_info`, `app_key`, `app_name`, `app_redirect`, `token_info`, `created_at`, `created_by`) VALUES (38856689386734594, 680083598598475778, '孙运维超管', 'ops_admin', '01', '01', '登录成功', '02', '01', '2025-12-28', '0:0:0:0:0:0:0:1', 'localhost', 'Mozilla/5.0 (Macintosh; Intel Mac OS X 10_15_7) AppleWebKit/537.36 (KHTML, like Gecko) Chrome/143.0.0.0 Safari/537.36 Edg/143.0.0.0', 'MSEdge', '143.0.0.0', 'OSX', '{\"browser\":\"Chrome\",\"browserVersion\":\"143.0.0.0\",\"os\":\"Mac OS\",\"osVersion\":\"10.15.7\",\"deviceType\":\"PC\",\"deviceModel\":\"未知\",\"screenWidth\":1800,\"screenHeight\":1169,\"pixelRatio\":2,\"userAgent\":\"Mozilla/5.0 (Macintosh; Intel Mac OS X 10_15_7) AppleWebKit/537.36 (KHTML, like Gecko) Chrome/143.0.0.0 Safari/537.36 Edg/143.0.0.0\"}', 'web-console', '控制台', 'http://localhost:7710/#/auth/login', '{\"isLogin\":true,\"loginDeviceType\":\"PC\",\"loginId\":\"680083598598475778\",\"loginType\":\"login\",\"sessionTimeout\":2591999,\"tokenActiveTimeout\":-1,\"tokenName\":\"Token\",\"tokenSessionTimeout\":-2,\"tokenTimeout\":2591999,\"tokenValue\":\"b9770f72-4eee-4221-8922-0df4a2102ede\"}', '2025-12-28 17:09:50', 680083598598475778);
INSERT INTO `mdw_login_log` (`id`, `user_id`, `name`, `account`, `event_type`, `status`, `status_reason`, `auth_type`, `login_channel`, `login_date`, `login_ip`, `ip_location`, `ua`, `browser_name`, `browser_version`, `os`, `device_info`, `app_key`, `app_name`, `app_redirect`, `token_info`, `created_at`, `created_by`) VALUES (39701883116025866, 680083598598475778, '孙运维超管', '306479353@qq.com', '01', '01', '登录成功', '04', '01', '2025-12-31', '0:0:0:0:0:0:0:1', 'localhost', 'Mozilla/5.0 (Macintosh; Intel Mac OS X 10_15_7) AppleWebKit/537.36 (KHTML, like Gecko) Chrome/143.0.0.0 Safari/537.36', 'Chrome', '143.0.0.0', 'OSX', '{\"browser\":\"Chrome\",\"browserVersion\":\"143.0.0.0\",\"os\":\"Mac OS\",\"osVersion\":\"10.15.7\",\"deviceType\":\"PC\",\"deviceModel\":\"未知\",\"screenWidth\":1800,\"screenHeight\":1169,\"pixelRatio\":2,\"userAgent\":\"Mozilla/5.0 (Macintosh; Intel Mac OS X 10_15_7) AppleWebKit/537.36 (KHTML, like Gecko) Chrome/143.0.0.0 Safari/537.36\"}', NULL, NULL, NULL, '{\"isLogin\":true,\"loginDeviceType\":\"PC\",\"loginId\":\"680083598598475778\",\"loginType\":\"login\",\"sessionTimeout\":2592000,\"tokenActiveTimeout\":-1,\"tokenName\":\"Token\",\"tokenSessionTimeout\":-2,\"tokenTimeout\":2592000,\"tokenValue\":\"43e166b2-d968-4eb5-b0a9-0aa5d4b159d1\"}', '2025-12-31 00:37:58', 680083598598475778);
INSERT INTO `mdw_login_log` (`id`, `user_id`, `name`, `account`, `event_type`, `status`, `status_reason`, `auth_type`, `login_channel`, `login_date`, `login_ip`, `ip_location`, `ua`, `browser_name`, `browser_version`, `os`, `device_info`, `app_key`, `app_name`, `app_redirect`, `token_info`, `created_at`, `created_by`) VALUES (41382868891172913, 680083598598475778, '孙运维超管', '', '01', '01', '登录成功', '01', '01', '2026-01-04', '0:0:0:0:0:0:0:1', 'localhost', 'Mozilla/5.0 (Macintosh; Intel Mac OS X 10_15_7) AppleWebKit/537.36 (KHTML, like Gecko) Chrome/143.0.0.0 Safari/537.36 Edg/143.0.0.0', 'MSEdge', '143.0.0.0', 'OSX', NULL, 'web-open', '开放平台', 'http://localhost:7720/#/auth/login', '{\"isLogin\":true,\"loginDeviceType\":\"PC\",\"loginId\":\"680083598598475778\",\"loginType\":\"login\",\"sessionTimeout\":2164176,\"tokenActiveTimeout\":-1,\"tokenName\":\"Token\",\"tokenSessionTimeout\":-2,\"tokenTimeout\":1964487,\"tokenValue\":\"b9770f72-4eee-4221-8922-0df4a2102ede\"}', '2026-01-04 23:28:22', 680083598598475778);
INSERT INTO `mdw_login_log` (`id`, `user_id`, `name`, `account`, `event_type`, `status`, `status_reason`, `auth_type`, `login_channel`, `login_date`, `login_ip`, `ip_location`, `ua`, `browser_name`, `browser_version`, `os`, `device_info`, `app_key`, `app_name`, `app_redirect`, `token_info`, `created_at`, `created_by`) VALUES (42665831457080320, 680083598598475778, '孙运维超管', 'ops_admin', '01', '01', '登录成功', '01', '01', '2026-01-07', '0:0:0:0:0:0:0:1', 'localhost', 'Mozilla/5.0 (Macintosh; Intel Mac OS X 10_15_7) AppleWebKit/537.36 (KHTML, like Gecko) Chrome/143.0.0.0 Safari/537.36 Edg/143.0.0.0', 'MSEdge', '143.0.0.0', 'OSX', '{\"browser\":\"Chrome\",\"browserVersion\":\"143.0.0.0\",\"os\":\"Mac OS\",\"osVersion\":\"10.15.7\",\"deviceType\":\"PC\",\"deviceModel\":\"未知\",\"screenWidth\":1800,\"screenHeight\":1169,\"pixelRatio\":2,\"userAgent\":\"Mozilla/5.0 (Macintosh; Intel Mac OS X 10_15_7) AppleWebKit/537.36 (KHTML, like Gecko) Chrome/143.0.0.0 Safari/537.36 Edg/143.0.0.0\"}', NULL, NULL, NULL, '{\"isLogin\":true,\"loginDeviceType\":\"PC\",\"loginId\":\"680083598598475778\",\"loginType\":\"login\",\"sessionTimeout\":2592000,\"tokenActiveTimeout\":-1,\"tokenName\":\"Token\",\"tokenSessionTimeout\":-2,\"tokenTimeout\":2592000,\"tokenValue\":\"a1555f1c-0d4a-45cc-aa08-b3a8e9515848\"}', '2026-01-07 23:41:56', 680083598598475778);
INSERT INTO `mdw_login_log` (`id`, `user_id`, `name`, `account`, `event_type`, `status`, `status_reason`, `auth_type`, `login_channel`, `login_date`, `login_ip`, `ip_location`, `ua`, `browser_name`, `browser_version`, `os`, `device_info`, `app_key`, `app_name`, `app_redirect`, `token_info`, `created_at`, `created_by`) VALUES (42665831457080321, 680083598598475778, '孙运维超管', 'ops_admin', '01', '01', '登录成功', '01', '01', '2026-01-07', '0:0:0:0:0:0:0:1', 'localhost', 'Mozilla/5.0 (Macintosh; Intel Mac OS X 10_15_7) AppleWebKit/537.36 (KHTML, like Gecko) Chrome/143.0.0.0 Safari/537.36 Edg/143.0.0.0', 'MSEdge', '143.0.0.0', 'OSX', '{\"browser\":\"Chrome\",\"browserVersion\":\"143.0.0.0\",\"os\":\"Mac OS\",\"osVersion\":\"10.15.7\",\"deviceType\":\"PC\",\"deviceModel\":\"未知\",\"screenWidth\":1800,\"screenHeight\":1169,\"pixelRatio\":2,\"userAgent\":\"Mozilla/5.0 (Macintosh; Intel Mac OS X 10_15_7) AppleWebKit/537.36 (KHTML, like Gecko) Chrome/143.0.0.0 Safari/537.36 Edg/143.0.0.0\"}', 'web-console', '控制台', 'http://localhost:7710/#/auth/login', '{\"isLogin\":true,\"loginDeviceType\":\"PC\",\"loginId\":\"680083598598475778\",\"loginType\":\"login\",\"sessionTimeout\":2591999,\"tokenActiveTimeout\":-1,\"tokenName\":\"Token\",\"tokenSessionTimeout\":-2,\"tokenTimeout\":2591999,\"tokenValue\":\"a1555f1c-0d4a-45cc-aa08-b3a8e9515848\"}', '2026-01-07 23:41:57', 680083598598475778);
INSERT INTO `mdw_login_log` (`id`, `user_id`, `name`, `account`, `event_type`, `status`, `status_reason`, `auth_type`, `login_channel`, `login_date`, `login_ip`, `ip_location`, `ua`, `browser_name`, `browser_version`, `os`, `device_info`, `app_key`, `app_name`, `app_redirect`, `token_info`, `created_at`, `created_by`) VALUES (43681681416934400, 680083598598475778, '孙运维超管', 'ops_admin', '01', '01', '登录成功', '01', '01', '2026-01-10', '0:0:0:0:0:0:0:1', 'localhost', 'Mozilla/5.0 (Macintosh; Intel Mac OS X 10_15_7) AppleWebKit/537.36 (KHTML, like Gecko) Chrome/143.0.0.0 Safari/537.36 Edg/143.0.0.0', 'MSEdge', '143.0.0.0', 'OSX', '{\"browser\":\"Chrome\",\"browserVersion\":\"143.0.0.0\",\"deviceId\":\"OeKibb3HpNcAsUUBbCbh1768017937852\",\"os\":\"Mac OS\",\"osVersion\":\"10.15.7\",\"deviceType\":\"PC\",\"deviceModel\":\"未知\",\"screenWidth\":1800,\"screenHeight\":1169,\"pixelRatio\":2,\"userAgent\":\"Mozilla/5.0 (Macintosh; Intel Mac OS X 10_15_7) AppleWebKit/537.36 (KHTML, like Gecko) Chrome/143.0.0.0 Safari/537.36 Edg/143.0.0.0\"}', NULL, NULL, NULL, '{\"isLogin\":true,\"loginDeviceType\":\"PC\",\"loginId\":\"680083598598475778\",\"loginType\":\"login\",\"sessionTimeout\":2592000,\"tokenActiveTimeout\":-1,\"tokenName\":\"Token\",\"tokenSessionTimeout\":-2,\"tokenTimeout\":2592000,\"tokenValue\":\"6847b37c-02a7-428d-910f-a29e9319b30d\"}', '2026-01-10 17:10:41', 680083598598475778);
INSERT INTO `mdw_login_log` (`id`, `user_id`, `name`, `account`, `event_type`, `status`, `status_reason`, `auth_type`, `login_channel`, `login_date`, `login_ip`, `ip_location`, `ua`, `browser_name`, `browser_version`, `os`, `device_info`, `app_key`, `app_name`, `app_redirect`, `token_info`, `created_at`, `created_by`) VALUES (43681681416934401, 680083598598475778, '孙运维超管', 'ops_admin', '01', '01', '登录成功', '01', '01', '2026-01-10', '0:0:0:0:0:0:0:1', 'localhost', 'Mozilla/5.0 (Macintosh; Intel Mac OS X 10_15_7) AppleWebKit/537.36 (KHTML, like Gecko) Chrome/143.0.0.0 Safari/537.36', 'Chrome', '143.0.0.0', 'OSX', '{\"browser\":\"Chrome\",\"browserVersion\":\"143.0.0.0\",\"deviceId\":\"GZj8VaRhrBk27pJ2Ryl31768036255312\",\"os\":\"Mac OS\",\"osVersion\":\"10.15.7\",\"deviceType\":\"PC\",\"deviceModel\":\"未知\",\"screenWidth\":1800,\"screenHeight\":1169,\"pixelRatio\":2,\"userAgent\":\"Mozilla/5.0 (Macintosh; Intel Mac OS X 10_15_7) AppleWebKit/537.36 (KHTML, like Gecko) Chrome/143.0.0.0 Safari/537.36\"}', NULL, NULL, NULL, '{\"isLogin\":true,\"loginDeviceType\":\"PC\",\"loginId\":\"680083598598475778\",\"loginType\":\"login\",\"sessionTimeout\":2592000,\"tokenActiveTimeout\":-1,\"tokenName\":\"Token\",\"tokenSessionTimeout\":-2,\"tokenTimeout\":2592000,\"tokenValue\":\"4d43e39b-96b3-44fb-93f3-337cb99de4d5\"}', '2026-01-10 17:11:04', 680083598598475778);
INSERT INTO `mdw_login_log` (`id`, `user_id`, `name`, `account`, `event_type`, `status`, `status_reason`, `auth_type`, `login_channel`, `login_date`, `login_ip`, `ip_location`, `ua`, `browser_name`, `browser_version`, `os`, `device_info`, `app_key`, `app_name`, `app_redirect`, `token_info`, `created_at`, `created_by`) VALUES (43681681416934402, 680083598598475778, '孙运维超管', 'ops_admin', '01', '01', '登录成功', '01', '01', '2026-01-10', '0:0:0:0:0:0:0:1', 'localhost', 'Mozilla/5.0 (Macintosh; Intel Mac OS X 10_15_7) AppleWebKit/537.36 (KHTML, like Gecko) Chrome/143.0.0.0 Safari/537.36', 'Chrome', '143.0.0.0', 'OSX', '{\"browser\":\"Chrome\",\"browserVersion\":\"143.0.0.0\",\"deviceId\":\"jQtkevBZ6TH6paNxfhTa1768036331653\",\"os\":\"Mac OS\",\"osVersion\":\"10.15.7\",\"deviceType\":\"PC\",\"deviceModel\":\"未知\",\"screenWidth\":1800,\"screenHeight\":1169,\"pixelRatio\":2,\"userAgent\":\"Mozilla/5.0 (Macintosh; Intel Mac OS X 10_15_7) AppleWebKit/537.36 (KHTML, like Gecko) Chrome/143.0.0.0 Safari/537.36\"}', NULL, NULL, NULL, '{\"isLogin\":true,\"loginDeviceType\":\"PC\",\"loginId\":\"680083598598475778\",\"loginType\":\"login\",\"sessionTimeout\":2592000,\"tokenActiveTimeout\":-1,\"tokenName\":\"Token\",\"tokenSessionTimeout\":-2,\"tokenTimeout\":2592000,\"tokenValue\":\"0caf4882-a1bb-42e7-88e6-e98816fe1588\"}', '2026-01-10 17:17:59', 680083598598475778);
INSERT INTO `mdw_login_log` (`id`, `user_id`, `name`, `account`, `event_type`, `status`, `status_reason`, `auth_type`, `login_channel`, `login_date`, `login_ip`, `ip_location`, `ua`, `browser_name`, `browser_version`, `os`, `device_info`, `app_key`, `app_name`, `app_redirect`, `token_info`, `created_at`, `created_by`) VALUES (43681681416934403, 42814334246315008, '', '', '01', '01', '登录成功', '01', '01', '2026-01-10', '0:0:0:0:0:0:0:1', 'localhost', 'Mozilla/5.0 (Macintosh; Intel Mac OS X 10_15_7) AppleWebKit/537.36 (KHTML, like Gecko) Chrome/143.0.0.0 Safari/537.36', 'Chrome', '143.0.0.0', 'OSX', NULL, 'web-console', '控制台', 'http://localhost:7710/#/auth/login', '{\"isLogin\":true,\"loginDeviceType\":\"PC\",\"loginId\":\"680083598598475778\",\"loginType\":\"login\",\"sessionTimeout\":2591994,\"tokenActiveTimeout\":-1,\"tokenName\":\"Token\",\"tokenSessionTimeout\":-2,\"tokenTimeout\":2591994,\"tokenValue\":\"0caf4882-a1bb-42e7-88e6-e98816fe1588\"}', '2026-01-10 17:18:05', 42814334246315008);
INSERT INTO `mdw_login_log` (`id`, `user_id`, `name`, `account`, `event_type`, `status`, `status_reason`, `auth_type`, `login_channel`, `login_date`, `login_ip`, `ip_location`, `ua`, `browser_name`, `browser_version`, `os`, `device_info`, `app_key`, `app_name`, `app_redirect`, `token_info`, `created_at`, `created_by`) VALUES (43681681416934404, 680083598598475778, '孙运维超管', 'ops_admin', '01', '01', '登录成功', '01', '01', '2026-01-10', '0:0:0:0:0:0:0:1', 'localhost', 'Mozilla/5.0 (Macintosh; Intel Mac OS X 10_15_7) AppleWebKit/537.36 (KHTML, like Gecko) Chrome/143.0.0.0 Safari/537.36 Edg/143.0.0.0', 'MSEdge', '143.0.0.0', 'OSX', '{\"browser\":\"Chrome\",\"browserVersion\":\"143.0.0.0\",\"deviceId\":\"PJ3XOpXFpsspRLX97Ll71768036922004\",\"os\":\"Mac OS\",\"osVersion\":\"10.15.7\",\"deviceType\":\"PC\",\"deviceModel\":\"未知\",\"screenWidth\":1800,\"screenHeight\":1169,\"pixelRatio\":2,\"userAgent\":\"Mozilla/5.0 (Macintosh; Intel Mac OS X 10_15_7) AppleWebKit/537.36 (KHTML, like Gecko) Chrome/143.0.0.0 Safari/537.36 Edg/143.0.0.0\"}', NULL, NULL, NULL, '{\"isLogin\":true,\"loginDeviceType\":\"PC\",\"loginId\":\"680083598598475778\",\"loginType\":\"login\",\"sessionTimeout\":2592000,\"tokenActiveTimeout\":-1,\"tokenName\":\"Token\",\"tokenSessionTimeout\":-2,\"tokenTimeout\":2592000,\"tokenValue\":\"dc6b0921-1a45-419e-8302-2e817e3ce55f\"}', '2026-01-10 17:22:17', 680083598598475778);
INSERT INTO `mdw_login_log` (`id`, `user_id`, `name`, `account`, `event_type`, `status`, `status_reason`, `auth_type`, `login_channel`, `login_date`, `login_ip`, `ip_location`, `ua`, `browser_name`, `browser_version`, `os`, `device_info`, `app_key`, `app_name`, `app_redirect`, `token_info`, `created_at`, `created_by`) VALUES (43681681416934405, 680083598598475778, '孙运维超管', 'ops_admin', '01', '01', '登录成功', '01', '01', '2026-01-10', '0:0:0:0:0:0:0:1', 'localhost', 'Mozilla/5.0 (Macintosh; Intel Mac OS X 10_15_7) AppleWebKit/537.36 (KHTML, like Gecko) Chrome/143.0.0.0 Safari/537.36 Edg/143.0.0.0', 'MSEdge', '143.0.0.0', 'OSX', NULL, 'web-open', '开放平台', 'http://localhost:7720/#/auth/login', '{\"isLogin\":true,\"loginDeviceType\":\"PC\",\"loginId\":\"680083598598475778\",\"loginType\":\"login\",\"sessionTimeout\":2591999,\"tokenActiveTimeout\":-1,\"tokenName\":\"Token\",\"tokenSessionTimeout\":-2,\"tokenTimeout\":2591999,\"tokenValue\":\"dc6b0921-1a45-419e-8302-2e817e3ce55f\"}', '2026-01-10 17:22:18', 680083598598475778);
INSERT INTO `mdw_login_log` (`id`, `user_id`, `name`, `account`, `event_type`, `status`, `status_reason`, `auth_type`, `login_channel`, `login_date`, `login_ip`, `ip_location`, `ua`, `browser_name`, `browser_version`, `os`, `device_info`, `app_key`, `app_name`, `app_redirect`, `token_info`, `created_at`, `created_by`) VALUES (44026541521002496, 42814334246315008, '', '', '01', '01', '登录成功', '01', '01', '2026-01-11', '0:0:0:0:0:0:0:1', 'localhost', 'Mozilla/5.0 (Macintosh; Intel Mac OS X 10_15_7) AppleWebKit/537.36 (KHTML, like Gecko) Chrome/143.0.0.0 Safari/537.36 Edg/143.0.0.0', 'MSEdge', '143.0.0.0', 'OSX', NULL, 'web-console', '控制台', 'http://localhost:7710/#/auth/login', '{\"isLogin\":true,\"loginDeviceType\":\"PC\",\"loginId\":\"680083598598475778\",\"loginType\":\"login\",\"sessionTimeout\":2512541,\"tokenActiveTimeout\":-1,\"tokenName\":\"Token\",\"tokenSessionTimeout\":-2,\"tokenTimeout\":2512541,\"tokenValue\":\"dc6b0921-1a45-419e-8302-2e817e3ce55f\"}', '2026-01-11 15:26:37', 42814334246315008);
INSERT INTO `mdw_login_log` (`id`, `user_id`, `name`, `account`, `event_type`, `status`, `status_reason`, `auth_type`, `login_channel`, `login_date`, `login_ip`, `ip_location`, `ua`, `browser_name`, `browser_version`, `os`, `device_info`, `app_key`, `app_name`, `app_redirect`, `token_info`, `created_at`, `created_by`) VALUES (44026541521002497, 42814334246315008, '', '', '01', '01', '登录成功', '01', '01', '2026-01-11', '0:0:0:0:0:0:0:1', 'localhost', 'Mozilla/5.0 (Macintosh; Intel Mac OS X 10_15_7) AppleWebKit/537.36 (KHTML, like Gecko) Chrome/143.0.0.0 Safari/537.36 Edg/143.0.0.0', 'MSEdge', '143.0.0.0', 'OSX', NULL, 'web-console', '控制台', 'http://localhost:7710/#/auth/login', '{\"isLogin\":true,\"loginDeviceType\":\"PC\",\"loginId\":\"680083598598475778\",\"loginType\":\"login\",\"sessionTimeout\":2512522,\"tokenActiveTimeout\":-1,\"tokenName\":\"Token\",\"tokenSessionTimeout\":-2,\"tokenTimeout\":2512522,\"tokenValue\":\"dc6b0921-1a45-419e-8302-2e817e3ce55f\"}', '2026-01-11 15:26:55', 42814334246315008);
INSERT INTO `mdw_login_log` (`id`, `user_id`, `name`, `account`, `event_type`, `status`, `status_reason`, `auth_type`, `login_channel`, `login_date`, `login_ip`, `ip_location`, `ua`, `browser_name`, `browser_version`, `os`, `device_info`, `app_key`, `app_name`, `app_redirect`, `token_info`, `created_at`, `created_by`) VALUES (44026541521002498, 680083598598475778, '孙运维超管', 'ops_admin', '01', '01', '登录成功', '01', '01', '2026-01-11', '0:0:0:0:0:0:0:1', 'localhost', 'Mozilla/5.0 (Macintosh; Intel Mac OS X 10_15_7) AppleWebKit/537.36 (KHTML, like Gecko) Chrome/143.0.0.0 Safari/537.36 Edg/143.0.0.0', 'MSEdge', '143.0.0.0', 'OSX', '{\"browser\":\"Chrome\",\"browserVersion\":\"143.0.0.0\",\"deviceId\":\"PJ3XOpXFpsspRLX97Ll71768036922004\",\"os\":\"Mac OS\",\"osVersion\":\"10.15.7\",\"deviceType\":\"PC\",\"deviceModel\":\"未知\",\"screenWidth\":1800,\"screenHeight\":1169,\"pixelRatio\":2,\"userAgent\":\"Mozilla/5.0 (Macintosh; Intel Mac OS X 10_15_7) AppleWebKit/537.36 (KHTML, like Gecko) Chrome/143.0.0.0 Safari/537.36 Edg/143.0.0.0\"}', NULL, NULL, NULL, '{\"isLogin\":true,\"loginDeviceType\":\"PC\",\"loginId\":\"680083598598475778\",\"loginType\":\"login\",\"sessionTimeout\":2592000,\"tokenActiveTimeout\":-1,\"tokenName\":\"Token\",\"tokenSessionTimeout\":-2,\"tokenTimeout\":2592000,\"tokenValue\":\"eec2af10-df90-4867-b8a6-ced89d4cefe3\"}', '2026-01-11 15:28:46', 680083598598475778);
INSERT INTO `mdw_login_log` (`id`, `user_id`, `name`, `account`, `event_type`, `status`, `status_reason`, `auth_type`, `login_channel`, `login_date`, `login_ip`, `ip_location`, `ua`, `browser_name`, `browser_version`, `os`, `device_info`, `app_key`, `app_name`, `app_redirect`, `token_info`, `created_at`, `created_by`) VALUES (44026541521002499, 680083598598475778, '孙运维超管', 'ops_admin', '01', '01', '登录成功', '01', '01', '2026-01-11', '0:0:0:0:0:0:0:1', 'localhost', 'Mozilla/5.0 (Macintosh; Intel Mac OS X 10_15_7) AppleWebKit/537.36 (KHTML, like Gecko) Chrome/143.0.0.0 Safari/537.36 Edg/143.0.0.0', 'MSEdge', '143.0.0.0', 'OSX', NULL, 'web-console', '控制台', 'http://localhost:7710/#/auth/login', '{\"isLogin\":true,\"loginDeviceType\":\"PC\",\"loginId\":\"680083598598475778\",\"loginType\":\"login\",\"sessionTimeout\":2591999,\"tokenActiveTimeout\":-1,\"tokenName\":\"Token\",\"tokenSessionTimeout\":-2,\"tokenTimeout\":2591999,\"tokenValue\":\"eec2af10-df90-4867-b8a6-ced89d4cefe3\"}', '2026-01-11 15:28:47', 680083598598475778);
INSERT INTO `mdw_login_log` (`id`, `user_id`, `name`, `account`, `event_type`, `status`, `status_reason`, `auth_type`, `login_channel`, `login_date`, `login_ip`, `ip_location`, `ua`, `browser_name`, `browser_version`, `os`, `device_info`, `app_key`, `app_name`, `app_redirect`, `token_info`, `created_at`, `created_by`) VALUES (44026541521002500, 42814334246315008, '', '', '01', '01', '登录成功', '01', '01', '2026-01-11', '0:0:0:0:0:0:0:1', 'localhost', 'Mozilla/5.0 (Macintosh; Intel Mac OS X 10_15_7) AppleWebKit/537.36 (KHTML, like Gecko) Chrome/143.0.0.0 Safari/537.36 Edg/143.0.0.0', 'MSEdge', '143.0.0.0', 'OSX', NULL, 'web-open', '开放平台', 'http://localhost:7720/#/auth/login', '{\"isLogin\":true,\"loginDeviceType\":\"PC\",\"loginId\":\"680083598598475778\",\"loginType\":\"login\",\"sessionTimeout\":2591941,\"tokenActiveTimeout\":-1,\"tokenName\":\"Token\",\"tokenSessionTimeout\":-2,\"tokenTimeout\":2591941,\"tokenValue\":\"eec2af10-df90-4867-b8a6-ced89d4cefe3\"}', '2026-01-11 15:29:45', 42814334246315008);
INSERT INTO `mdw_login_log` (`id`, `user_id`, `name`, `account`, `event_type`, `status`, `status_reason`, `auth_type`, `login_channel`, `login_date`, `login_ip`, `ip_location`, `ua`, `browser_name`, `browser_version`, `os`, `device_info`, `app_key`, `app_name`, `app_redirect`, `token_info`, `created_at`, `created_by`) VALUES (44026541521002501, 680083598598475778, '孙运维超管', 'ops_admin', '01', '01', '登录成功', '01', '01', '2026-01-11', '0:0:0:0:0:0:0:1', 'localhost', 'Mozilla/5.0 (Macintosh; Intel Mac OS X 10_15_7) AppleWebKit/537.36 (KHTML, like Gecko) Chrome/143.0.0.0 Safari/537.36', 'Chrome', '143.0.0.0', 'OSX', '{\"browser\":\"Chrome\",\"browserVersion\":\"143.0.0.0\",\"deviceId\":\"jQtkevBZ6TH6paNxfhTa1768036331653\",\"os\":\"Mac OS\",\"osVersion\":\"10.15.7\",\"deviceType\":\"PC\",\"deviceModel\":\"未知\",\"screenWidth\":1800,\"screenHeight\":1169,\"pixelRatio\":2,\"userAgent\":\"Mozilla/5.0 (Macintosh; Intel Mac OS X 10_15_7) AppleWebKit/537.36 (KHTML, like Gecko) Chrome/143.0.0.0 Safari/537.36\"}', NULL, NULL, NULL, '{\"isLogin\":true,\"loginDeviceType\":\"PC\",\"loginId\":\"680083598598475778\",\"loginType\":\"login\",\"sessionTimeout\":2592000,\"tokenActiveTimeout\":-1,\"tokenName\":\"Token\",\"tokenSessionTimeout\":-2,\"tokenTimeout\":2592000,\"tokenValue\":\"ef7bb1ba-575c-4ea1-a11e-18a3c1f195b5\"}', '2026-01-11 15:31:07', 680083598598475778);
INSERT INTO `mdw_login_log` (`id`, `user_id`, `name`, `account`, `event_type`, `status`, `status_reason`, `auth_type`, `login_channel`, `login_date`, `login_ip`, `ip_location`, `ua`, `browser_name`, `browser_version`, `os`, `device_info`, `app_key`, `app_name`, `app_redirect`, `token_info`, `created_at`, `created_by`) VALUES (44026541521002502, 42814334246315008, '', '', '01', '01', '登录成功', '01', '01', '2026-01-11', '0:0:0:0:0:0:0:1', 'localhost', 'Mozilla/5.0 (Macintosh; Intel Mac OS X 10_15_7) AppleWebKit/537.36 (KHTML, like Gecko) Chrome/143.0.0.0 Safari/537.36', 'Chrome', '143.0.0.0', 'OSX', NULL, 'web-console', '控制台', 'http://localhost:7710/#/auth/login', '{\"isLogin\":true,\"loginDeviceType\":\"PC\",\"loginId\":\"680083598598475778\",\"loginType\":\"login\",\"sessionTimeout\":2591993,\"tokenActiveTimeout\":-1,\"tokenName\":\"Token\",\"tokenSessionTimeout\":-2,\"tokenTimeout\":2591993,\"tokenValue\":\"ef7bb1ba-575c-4ea1-a11e-18a3c1f195b5\"}', '2026-01-11 15:31:14', 42814334246315008);
INSERT INTO `mdw_login_log` (`id`, `user_id`, `name`, `account`, `event_type`, `status`, `status_reason`, `auth_type`, `login_channel`, `login_date`, `login_ip`, `ip_location`, `ua`, `browser_name`, `browser_version`, `os`, `device_info`, `app_key`, `app_name`, `app_redirect`, `token_info`, `created_at`, `created_by`) VALUES (44026541521002503, 42814334246315008, '', '', '01', '01', '登录成功', '01', '01', '2026-01-11', '0:0:0:0:0:0:0:1', 'localhost', 'Mozilla/5.0 (Macintosh; Intel Mac OS X 10_15_7) AppleWebKit/537.36 (KHTML, like Gecko) Chrome/143.0.0.0 Safari/537.36', 'Chrome', '143.0.0.0', 'OSX', NULL, 'web-console', '控制台', 'http://localhost:7710/#/auth/login', '{\"isLogin\":true,\"loginDeviceType\":\"PC\",\"loginId\":\"680083598598475778\",\"loginType\":\"login\",\"sessionTimeout\":2591967,\"tokenActiveTimeout\":-1,\"tokenName\":\"Token\",\"tokenSessionTimeout\":-2,\"tokenTimeout\":2591967,\"tokenValue\":\"ef7bb1ba-575c-4ea1-a11e-18a3c1f195b5\"}', '2026-01-11 15:31:40', 42814334246315008);
INSERT INTO `mdw_login_log` (`id`, `user_id`, `name`, `account`, `event_type`, `status`, `status_reason`, `auth_type`, `login_channel`, `login_date`, `login_ip`, `ip_location`, `ua`, `browser_name`, `browser_version`, `os`, `device_info`, `app_key`, `app_name`, `app_redirect`, `token_info`, `created_at`, `created_by`) VALUES (44026541521002504, 42814334246315008, '', '', '01', '01', '登录成功', '01', '01', '2026-01-11', '0:0:0:0:0:0:0:1', 'localhost', 'Mozilla/5.0 (Macintosh; Intel Mac OS X 10_15_7) AppleWebKit/537.36 (KHTML, like Gecko) Chrome/143.0.0.0 Safari/537.36 Edg/143.0.0.0', 'MSEdge', '143.0.0.0', 'OSX', NULL, 'web-console', '控制台', 'http://localhost:7710/#/auth/login', '{\"isLogin\":true,\"loginDeviceType\":\"PC\",\"loginId\":\"680083598598475778\",\"loginType\":\"login\",\"sessionTimeout\":2591939,\"tokenActiveTimeout\":-1,\"tokenName\":\"Token\",\"tokenSessionTimeout\":-2,\"tokenTimeout\":2591798,\"tokenValue\":\"eec2af10-df90-4867-b8a6-ced89d4cefe3\"}', '2026-01-11 15:32:08', 42814334246315008);
INSERT INTO `mdw_login_log` (`id`, `user_id`, `name`, `account`, `event_type`, `status`, `status_reason`, `auth_type`, `login_channel`, `login_date`, `login_ip`, `ip_location`, `ua`, `browser_name`, `browser_version`, `os`, `device_info`, `app_key`, `app_name`, `app_redirect`, `token_info`, `created_at`, `created_by`) VALUES (44026541521002505, 680083598598475778, '孙运维超管', 'ops_admin', '01', '01', '登录成功', '01', '01', '2026-01-11', '0:0:0:0:0:0:0:1', 'localhost', 'Mozilla/5.0 (Macintosh; Intel Mac OS X 10_15_7) AppleWebKit/537.36 (KHTML, like Gecko) Chrome/143.0.0.0 Safari/537.36 Edg/143.0.0.0', 'MSEdge', '143.0.0.0', 'OSX', '{\"browser\":\"Chrome\",\"browserVersion\":\"143.0.0.0\",\"deviceId\":\"PJ3XOpXFpsspRLX97Ll71768036922004\",\"os\":\"Mac OS\",\"osVersion\":\"10.15.7\",\"deviceType\":\"PC\",\"deviceModel\":\"未知\",\"screenWidth\":1800,\"screenHeight\":1169,\"pixelRatio\":2,\"userAgent\":\"Mozilla/5.0 (Macintosh; Intel Mac OS X 10_15_7) AppleWebKit/537.36 (KHTML, like Gecko) Chrome/143.0.0.0 Safari/537.36 Edg/143.0.0.0\"}', NULL, NULL, NULL, '{\"isLogin\":true,\"loginDeviceType\":\"PC\",\"loginId\":\"680083598598475778\",\"loginType\":\"login\",\"sessionTimeout\":2592000,\"tokenActiveTimeout\":-1,\"tokenName\":\"Token\",\"tokenSessionTimeout\":-2,\"tokenTimeout\":2592000,\"tokenValue\":\"6ef16683-b840-4d98-b1b6-202eabcb510e\"}', '2026-01-11 15:37:41', 680083598598475778);
INSERT INTO `mdw_login_log` (`id`, `user_id`, `name`, `account`, `event_type`, `status`, `status_reason`, `auth_type`, `login_channel`, `login_date`, `login_ip`, `ip_location`, `ua`, `browser_name`, `browser_version`, `os`, `device_info`, `app_key`, `app_name`, `app_redirect`, `token_info`, `created_at`, `created_by`) VALUES (44026541521002506, 42814334246315008, '', '', '01', '01', '登录成功', '01', '01', '2026-01-11', '0:0:0:0:0:0:0:1', 'localhost', 'Mozilla/5.0 (Macintosh; Intel Mac OS X 10_15_7) AppleWebKit/537.36 (KHTML, like Gecko) Chrome/143.0.0.0 Safari/537.36 Edg/143.0.0.0', 'MSEdge', '143.0.0.0', 'OSX', NULL, 'web-open', '开放平台', 'http://localhost:7720/#/auth/login', '{\"isLogin\":true,\"loginDeviceType\":\"PC\",\"loginId\":\"680083598598475778\",\"loginType\":\"login\",\"sessionTimeout\":2591981,\"tokenActiveTimeout\":-1,\"tokenName\":\"Token\",\"tokenSessionTimeout\":-2,\"tokenTimeout\":2591981,\"tokenValue\":\"6ef16683-b840-4d98-b1b6-202eabcb510e\"}', '2026-01-11 15:38:00', 42814334246315008);
INSERT INTO `mdw_login_log` (`id`, `user_id`, `name`, `account`, `event_type`, `status`, `status_reason`, `auth_type`, `login_channel`, `login_date`, `login_ip`, `ip_location`, `ua`, `browser_name`, `browser_version`, `os`, `device_info`, `app_key`, `app_name`, `app_redirect`, `token_info`, `created_at`, `created_by`) VALUES (44026541521002507, 42814334246315008, '', '', '01', '01', '登录成功', '01', '01', '2026-01-11', '0:0:0:0:0:0:0:1', 'localhost', 'Mozilla/5.0 (Macintosh; Intel Mac OS X 10_15_7) AppleWebKit/537.36 (KHTML, like Gecko) Chrome/143.0.0.0 Safari/537.36 Edg/143.0.0.0', 'MSEdge', '143.0.0.0', 'OSX', NULL, 'web-console', '控制台', 'http://localhost:7710/#/auth/login', '{\"isLogin\":true,\"loginDeviceType\":\"PC\",\"loginId\":\"680083598598475778\",\"loginType\":\"login\",\"sessionTimeout\":2591981,\"tokenActiveTimeout\":-1,\"tokenName\":\"Token\",\"tokenSessionTimeout\":-2,\"tokenTimeout\":2591981,\"tokenValue\":\"6ef16683-b840-4d98-b1b6-202eabcb510e\"}', '2026-01-11 15:38:00', 42814334246315008);
INSERT INTO `mdw_login_log` (`id`, `user_id`, `name`, `account`, `event_type`, `status`, `status_reason`, `auth_type`, `login_channel`, `login_date`, `login_ip`, `ip_location`, `ua`, `browser_name`, `browser_version`, `os`, `device_info`, `app_key`, `app_name`, `app_redirect`, `token_info`, `created_at`, `created_by`) VALUES (44026541521002508, 680083598598475778, '孙运维超管', 'ops_admin', '01', '01', '登录成功', '01', '01', '2026-01-11', '0:0:0:0:0:0:0:1', 'localhost', 'Mozilla/5.0 (Macintosh; Intel Mac OS X 10_15_7) AppleWebKit/537.36 (KHTML, like Gecko) Chrome/143.0.0.0 Safari/537.36', 'Chrome', '143.0.0.0', 'OSX', '{\"browser\":\"Chrome\",\"browserVersion\":\"143.0.0.0\",\"deviceId\":\"jQtkevBZ6TH6paNxfhTa1768036331653\",\"os\":\"Mac OS\",\"osVersion\":\"10.15.7\",\"deviceType\":\"PC\",\"deviceModel\":\"未知\",\"screenWidth\":1800,\"screenHeight\":1169,\"pixelRatio\":2,\"userAgent\":\"Mozilla/5.0 (Macintosh; Intel Mac OS X 10_15_7) AppleWebKit/537.36 (KHTML, like Gecko) Chrome/143.0.0.0 Safari/537.36\"}', NULL, NULL, NULL, '{\"isLogin\":true,\"loginDeviceType\":\"PC\",\"loginId\":\"680083598598475778\",\"loginType\":\"login\",\"sessionTimeout\":2592000,\"tokenActiveTimeout\":-1,\"tokenName\":\"Token\",\"tokenSessionTimeout\":-2,\"tokenTimeout\":2592000,\"tokenValue\":\"e3f41c16-cd3f-4d28-b2d4-64ebb540ea33\"}', '2026-01-11 15:41:11', 680083598598475778);
INSERT INTO `mdw_login_log` (`id`, `user_id`, `name`, `account`, `event_type`, `status`, `status_reason`, `auth_type`, `login_channel`, `login_date`, `login_ip`, `ip_location`, `ua`, `browser_name`, `browser_version`, `os`, `device_info`, `app_key`, `app_name`, `app_redirect`, `token_info`, `created_at`, `created_by`) VALUES (44026541521002509, 42814334246315008, '', '', '01', '01', '登录成功', '01', '01', '2026-01-11', '0:0:0:0:0:0:0:1', 'localhost', 'Mozilla/5.0 (Macintosh; Intel Mac OS X 10_15_7) AppleWebKit/537.36 (KHTML, like Gecko) Chrome/143.0.0.0 Safari/537.36', 'Chrome', '143.0.0.0', 'OSX', NULL, 'web-console', '控制台', 'http://localhost:7710/#/auth/login', '{\"isLogin\":true,\"loginDeviceType\":\"PC\",\"loginId\":\"680083598598475778\",\"loginType\":\"login\",\"sessionTimeout\":2591992,\"tokenActiveTimeout\":-1,\"tokenName\":\"Token\",\"tokenSessionTimeout\":-2,\"tokenTimeout\":2591992,\"tokenValue\":\"e3f41c16-cd3f-4d28-b2d4-64ebb540ea33\"}', '2026-01-11 15:41:19', 42814334246315008);
INSERT INTO `mdw_login_log` (`id`, `user_id`, `name`, `account`, `event_type`, `status`, `status_reason`, `auth_type`, `login_channel`, `login_date`, `login_ip`, `ip_location`, `ua`, `browser_name`, `browser_version`, `os`, `device_info`, `app_key`, `app_name`, `app_redirect`, `token_info`, `created_at`, `created_by`) VALUES (44026541521002510, 42814334246315008, '', '', '01', '01', '登录成功', '01', '01', '2026-01-11', '0:0:0:0:0:0:0:1', 'localhost', 'Mozilla/5.0 (Macintosh; Intel Mac OS X 10_15_7) AppleWebKit/537.36 (KHTML, like Gecko) Chrome/143.0.0.0 Safari/537.36', 'Chrome', '143.0.0.0', 'OSX', NULL, 'web-console', '控制台', 'http://localhost:7710/#/auth/login', '{\"isLogin\":true,\"loginDeviceType\":\"PC\",\"loginId\":\"680083598598475778\",\"loginType\":\"login\",\"sessionTimeout\":2591938,\"tokenActiveTimeout\":-1,\"tokenName\":\"Token\",\"tokenSessionTimeout\":-2,\"tokenTimeout\":2591938,\"tokenValue\":\"e3f41c16-cd3f-4d28-b2d4-64ebb540ea33\"}', '2026-01-11 15:42:13', 42814334246315008);
INSERT INTO `mdw_login_log` (`id`, `user_id`, `name`, `account`, `event_type`, `status`, `status_reason`, `auth_type`, `login_channel`, `login_date`, `login_ip`, `ip_location`, `ua`, `browser_name`, `browser_version`, `os`, `device_info`, `app_key`, `app_name`, `app_redirect`, `token_info`, `created_at`, `created_by`) VALUES (44026541521002511, 42814334246315008, '', '', '01', '01', '登录成功', '01', '01', '2026-01-11', '0:0:0:0:0:0:0:1', 'localhost', 'Mozilla/5.0 (Macintosh; Intel Mac OS X 10_15_7) AppleWebKit/537.36 (KHTML, like Gecko) Chrome/143.0.0.0 Safari/537.36', 'Chrome', '143.0.0.0', 'OSX', NULL, 'web-console', '控制台', 'http://localhost:7710/#/auth/login', '{\"isLogin\":true,\"loginDeviceType\":\"PC\",\"loginId\":\"680083598598475778\",\"loginType\":\"login\",\"sessionTimeout\":2591473,\"tokenActiveTimeout\":-1,\"tokenName\":\"Token\",\"tokenSessionTimeout\":-2,\"tokenTimeout\":2591473,\"tokenValue\":\"e3f41c16-cd3f-4d28-b2d4-64ebb540ea33\"}', '2026-01-11 15:49:58', 42814334246315008);
INSERT INTO `mdw_login_log` (`id`, `user_id`, `name`, `account`, `event_type`, `status`, `status_reason`, `auth_type`, `login_channel`, `login_date`, `login_ip`, `ip_location`, `ua`, `browser_name`, `browser_version`, `os`, `device_info`, `app_key`, `app_name`, `app_redirect`, `token_info`, `created_at`, `created_by`) VALUES (44038258191793152, 42814334246315008, '', '', '01', '01', '登录成功', '01', '01', '2026-01-11', '0:0:0:0:0:0:0:1', 'localhost', 'Mozilla/5.0 (Macintosh; Intel Mac OS X 10_15_7) AppleWebKit/537.36 (KHTML, like Gecko) Chrome/143.0.0.0 Safari/537.36', 'Chrome', '143.0.0.0', 'OSX', NULL, 'web-console', '控制台', 'http://localhost:7710/#/auth/login', '{\"isLogin\":true,\"loginDeviceType\":\"PC\",\"loginId\":\"680083598598475778\",\"loginType\":\"login\",\"sessionTimeout\":2590125,\"tokenActiveTimeout\":-1,\"tokenName\":\"Token\",\"tokenSessionTimeout\":-2,\"tokenTimeout\":2590125,\"tokenValue\":\"e3f41c16-cd3f-4d28-b2d4-64ebb540ea33\"}', '2026-01-11 16:12:26', 42814334246315008);
INSERT INTO `mdw_login_log` (`id`, `user_id`, `name`, `account`, `event_type`, `status`, `status_reason`, `auth_type`, `login_channel`, `login_date`, `login_ip`, `ip_location`, `ua`, `browser_name`, `browser_version`, `os`, `device_info`, `app_key`, `app_name`, `app_redirect`, `token_info`, `created_at`, `created_by`) VALUES (44038258191793153, 42814334246315008, '', '', '01', '01', '登录成功', '01', '01', '2026-01-11', '0:0:0:0:0:0:0:1', 'localhost', 'Mozilla/5.0 (Macintosh; Intel Mac OS X 10_15_7) AppleWebKit/537.36 (KHTML, like Gecko) Chrome/143.0.0.0 Safari/537.36', 'Chrome', '143.0.0.0', 'OSX', NULL, 'web-console', '控制台', 'http://localhost:7710/#/auth/login', '{\"isLogin\":true,\"loginDeviceType\":\"PC\",\"loginId\":\"680083598598475778\",\"loginType\":\"login\",\"sessionTimeout\":2590069,\"tokenActiveTimeout\":-1,\"tokenName\":\"Token\",\"tokenSessionTimeout\":-2,\"tokenTimeout\":2590069,\"tokenValue\":\"e3f41c16-cd3f-4d28-b2d4-64ebb540ea33\"}', '2026-01-11 16:13:22', 42814334246315008);
INSERT INTO `mdw_login_log` (`id`, `user_id`, `name`, `account`, `event_type`, `status`, `status_reason`, `auth_type`, `login_channel`, `login_date`, `login_ip`, `ip_location`, `ua`, `browser_name`, `browser_version`, `os`, `device_info`, `app_key`, `app_name`, `app_redirect`, `token_info`, `created_at`, `created_by`) VALUES (44038258191793154, 42814334246315008, '', '', '01', '01', '登录成功', '01', '01', '2026-01-11', '0:0:0:0:0:0:0:1', 'localhost', 'Mozilla/5.0 (Macintosh; Intel Mac OS X 10_15_7) AppleWebKit/537.36 (KHTML, like Gecko) Chrome/143.0.0.0 Safari/537.36', 'Chrome', '143.0.0.0', 'OSX', NULL, 'web-console', '控制台', 'http://localhost:7710/#/auth/login', '{\"isLogin\":true,\"loginDeviceType\":\"PC\",\"loginId\":\"680083598598475778\",\"loginType\":\"login\",\"sessionTimeout\":2590000,\"tokenActiveTimeout\":-1,\"tokenName\":\"Token\",\"tokenSessionTimeout\":-2,\"tokenTimeout\":2590000,\"tokenValue\":\"e3f41c16-cd3f-4d28-b2d4-64ebb540ea33\"}', '2026-01-11 16:14:32', 42814334246315008);
INSERT INTO `mdw_login_log` (`id`, `user_id`, `name`, `account`, `event_type`, `status`, `status_reason`, `auth_type`, `login_channel`, `login_date`, `login_ip`, `ip_location`, `ua`, `browser_name`, `browser_version`, `os`, `device_info`, `app_key`, `app_name`, `app_redirect`, `token_info`, `created_at`, `created_by`) VALUES (44038258191793155, 42814334246315008, '', '', '01', '01', '登录成功', '01', '01', '2026-01-11', '0:0:0:0:0:0:0:1', 'localhost', 'Mozilla/5.0 (Macintosh; Intel Mac OS X 10_15_7) AppleWebKit/537.36 (KHTML, like Gecko) Chrome/143.0.0.0 Safari/537.36', 'Chrome', '143.0.0.0', 'OSX', NULL, 'web-console', '控制台', 'http://localhost:7710/#/auth/login', '{\"isLogin\":true,\"loginDeviceType\":\"PC\",\"loginId\":\"680083598598475778\",\"loginType\":\"login\",\"sessionTimeout\":2589280,\"tokenActiveTimeout\":-1,\"tokenName\":\"Token\",\"tokenSessionTimeout\":-2,\"tokenTimeout\":2589280,\"tokenValue\":\"e3f41c16-cd3f-4d28-b2d4-64ebb540ea33\"}', '2026-01-11 16:26:31', 42814334246315008);
INSERT INTO `mdw_login_log` (`id`, `user_id`, `name`, `account`, `event_type`, `status`, `status_reason`, `auth_type`, `login_channel`, `login_date`, `login_ip`, `ip_location`, `ua`, `browser_name`, `browser_version`, `os`, `device_info`, `app_key`, `app_name`, `app_redirect`, `token_info`, `created_at`, `created_by`) VALUES (44045422197243904, 42814334246315008, '', '', '01', '01', '登录成功', '01', '01', '2026-01-11', '0:0:0:0:0:0:0:1', 'localhost', 'Mozilla/5.0 (Macintosh; Intel Mac OS X 10_15_7) AppleWebKit/537.36 (KHTML, like Gecko) Chrome/143.0.0.0 Safari/537.36', 'Chrome', '143.0.0.0', 'OSX', NULL, 'web-console', '控制台', 'http://localhost:7710/#/auth/login', '{\"isLogin\":true,\"loginDeviceType\":\"PC\",\"loginId\":\"680083598598475778\",\"loginType\":\"login\",\"sessionTimeout\":2588494,\"tokenActiveTimeout\":-1,\"tokenName\":\"Token\",\"tokenSessionTimeout\":-2,\"tokenTimeout\":2588494,\"tokenValue\":\"e3f41c16-cd3f-4d28-b2d4-64ebb540ea33\"}', '2026-01-11 16:39:37', 42814334246315008);
INSERT INTO `mdw_login_log` (`id`, `user_id`, `name`, `account`, `event_type`, `status`, `status_reason`, `auth_type`, `login_channel`, `login_date`, `login_ip`, `ip_location`, `ua`, `browser_name`, `browser_version`, `os`, `device_info`, `app_key`, `app_name`, `app_redirect`, `token_info`, `created_at`, `created_by`) VALUES (44154089164803072, 42814334246315008, '', '', '01', '01', '登录成功', '01', '01', '2026-01-11', '0:0:0:0:0:0:0:1', 'localhost', 'Mozilla/5.0 (Macintosh; Intel Mac OS X 10_15_7) AppleWebKit/537.36 (KHTML, like Gecko) Chrome/143.0.0.0 Safari/537.36 Edg/143.0.0.0', 'MSEdge', '143.0.0.0', 'OSX', NULL, 'web-console', '控制台', 'http://localhost:7710/#/auth/login', '{\"isLogin\":true,\"loginDeviceType\":\"PC\",\"loginId\":\"680083598598475778\",\"loginType\":\"login\",\"sessionTimeout\":2562670,\"tokenActiveTimeout\":-1,\"tokenName\":\"Token\",\"tokenSessionTimeout\":-2,\"tokenTimeout\":2562460,\"tokenValue\":\"6ef16683-b840-4d98-b1b6-202eabcb510e\"}', '2026-01-11 23:50:01', 42814334246315008);
INSERT INTO `mdw_login_log` (`id`, `user_id`, `name`, `account`, `event_type`, `status`, `status_reason`, `auth_type`, `login_channel`, `login_date`, `login_ip`, `ip_location`, `ua`, `browser_name`, `browser_version`, `os`, `device_info`, `app_key`, `app_name`, `app_redirect`, `token_info`, `created_at`, `created_by`) VALUES (44154089164803073, 42814334246315008, '', '', '01', '01', '登录成功', '01', '01', '2026-01-11', '0:0:0:0:0:0:0:1', 'localhost', 'Mozilla/5.0 (Macintosh; Intel Mac OS X 10_15_7) AppleWebKit/537.36 (KHTML, like Gecko) Chrome/143.0.0.0 Safari/537.36 Edg/143.0.0.0', 'MSEdge', '143.0.0.0', 'OSX', NULL, 'web-open', '开发者中心', 'http://localhost:7720/#/auth/login', '{\"isLogin\":true,\"loginDeviceType\":\"PC\",\"loginId\":\"680083598598475778\",\"loginType\":\"login\",\"sessionTimeout\":2562664,\"tokenActiveTimeout\":-1,\"tokenName\":\"Token\",\"tokenSessionTimeout\":-2,\"tokenTimeout\":2562454,\"tokenValue\":\"6ef16683-b840-4d98-b1b6-202eabcb510e\"}', '2026-01-11 23:50:07', 42814334246315008);
INSERT INTO `mdw_login_log` (`id`, `user_id`, `name`, `account`, `event_type`, `status`, `status_reason`, `auth_type`, `login_channel`, `login_date`, `login_ip`, `ip_location`, `ua`, `browser_name`, `browser_version`, `os`, `device_info`, `app_key`, `app_name`, `app_redirect`, `token_info`, `created_at`, `created_by`) VALUES (44673531099523073, 42814334246315008, '', '', '01', '01', '登录成功', '01', '01', '2026-01-13', '0:0:0:0:0:0:0:1', 'localhost', 'Mozilla/5.0 (Macintosh; Intel Mac OS X 10_15_7) AppleWebKit/537.36 (KHTML, like Gecko) Chrome/143.0.0.0 Safari/537.36 Edg/143.0.0.0', 'MSEdge', '143.0.0.0', 'OSX', NULL, 'web-console', '控制台', 'http://localhost:7710/#/auth/login', '{\"isLogin\":true,\"loginDeviceType\":\"PC\",\"loginId\":\"680083598598475778\",\"loginType\":\"login\",\"sessionTimeout\":2435398,\"tokenActiveTimeout\":-1,\"tokenName\":\"Token\",\"tokenSessionTimeout\":-2,\"tokenTimeout\":2435188,\"tokenValue\":\"6ef16683-b840-4d98-b1b6-202eabcb510e\"}', '2026-01-13 11:11:13', 42814334246315008);
INSERT INTO `mdw_login_log` (`id`, `user_id`, `name`, `account`, `event_type`, `status`, `status_reason`, `auth_type`, `login_channel`, `login_date`, `login_ip`, `ip_location`, `ua`, `browser_name`, `browser_version`, `os`, `device_info`, `app_key`, `app_name`, `app_redirect`, `token_info`, `created_at`, `created_by`) VALUES (45056569167898639, 680083598598475778, '孙运维超管', 'ops_admin', '01', '01', '登录成功', '01', '01', '2026-01-14', '0:0:0:0:0:0:0:1', 'localhost', 'Mozilla/5.0 (Macintosh; Intel Mac OS X 10_15_7) AppleWebKit/537.36 (KHTML, like Gecko) Chrome/143.0.0.0 Safari/537.36 Edg/143.0.0.0', 'MSEdge', '143.0.0.0', 'OSX', '{\"browser\":\"Chrome\",\"browserVersion\":\"143.0.0.0\",\"deviceId\":\"PJ3XOpXFpsspRLX97Ll71768036922004\",\"os\":\"Mac OS\",\"osVersion\":\"10.15.7\",\"deviceType\":\"PC\",\"deviceModel\":\"未知\",\"screenWidth\":1800,\"screenHeight\":1169,\"pixelRatio\":2,\"userAgent\":\"Mozilla/5.0 (Macintosh; Intel Mac OS X 10_15_7) AppleWebKit/537.36 (KHTML, like Gecko) Chrome/143.0.0.0 Safari/537.36 Edg/143.0.0.0\"}', 'web-workbench', '工作台', NULL, '{\"isLogin\":true,\"loginDeviceType\":\"PC\",\"loginId\":\"680083598598475778\",\"loginType\":\"login\",\"sessionTimeout\":2592000,\"tokenActiveTimeout\":-1,\"tokenName\":\"Token\",\"tokenSessionTimeout\":-2,\"tokenTimeout\":2592000,\"tokenValue\":\"d2361fbf-1e65-43b6-bfa0-e1fef8fe55bf\"}', '2026-01-14 12:32:44', 680083598598475778);
INSERT INTO `mdw_login_log` (`id`, `user_id`, `name`, `account`, `event_type`, `status`, `status_reason`, `auth_type`, `login_channel`, `login_date`, `login_ip`, `ip_location`, `ua`, `browser_name`, `browser_version`, `os`, `device_info`, `app_key`, `app_name`, `app_redirect`, `token_info`, `created_at`, `created_by`) VALUES (45056569167898640, 42814334246315008, '', '', '01', '01', '登录成功', '01', '01', '2026-01-14', '0:0:0:0:0:0:0:1', 'localhost', 'Mozilla/5.0 (Macintosh; Intel Mac OS X 10_15_7) AppleWebKit/537.36 (KHTML, like Gecko) Chrome/143.0.0.0 Safari/537.36 Edg/143.0.0.0', 'MSEdge', '143.0.0.0', 'OSX', NULL, 'web-console', '控制台', 'http://localhost:7710/#/auth/login', '{\"isLogin\":true,\"loginDeviceType\":\"PC\",\"loginId\":\"680083598598475778\",\"loginType\":\"login\",\"sessionTimeout\":2591934,\"tokenActiveTimeout\":-1,\"tokenName\":\"Token\",\"tokenSessionTimeout\":-2,\"tokenTimeout\":2591934,\"tokenValue\":\"d2361fbf-1e65-43b6-bfa0-e1fef8fe55bf\"}', '2026-01-14 12:33:50', 42814334246315008);
INSERT INTO `mdw_login_log` (`id`, `user_id`, `name`, `account`, `event_type`, `status`, `status_reason`, `auth_type`, `login_channel`, `login_date`, `login_ip`, `ip_location`, `ua`, `browser_name`, `browser_version`, `os`, `device_info`, `app_key`, `app_name`, `app_redirect`, `token_info`, `created_at`, `created_by`) VALUES (45056569167898641, 680083598598475778, '孙运维超管', 'ops_admin', '01', '01', '登录成功', '01', '01', '2026-01-14', '0:0:0:0:0:0:0:1', 'localhost', 'Mozilla/5.0 (Macintosh; Intel Mac OS X 10_15_7) AppleWebKit/537.36 (KHTML, like Gecko) Chrome/143.0.0.0 Safari/537.36 Edg/143.0.0.0', 'MSEdge', '143.0.0.0', 'OSX', '{\"browser\":\"Chrome\",\"browserVersion\":\"143.0.0.0\",\"deviceId\":\"OeKibb3HpNcAsUUBbCbh1768017937852\",\"os\":\"Mac OS\",\"osVersion\":\"10.15.7\",\"deviceType\":\"PC\",\"deviceModel\":\"未知\",\"screenWidth\":1800,\"screenHeight\":1169,\"pixelRatio\":2,\"userAgent\":\"Mozilla/5.0 (Macintosh; Intel Mac OS X 10_15_7) AppleWebKit/537.36 (KHTML, like Gecko) Chrome/143.0.0.0 Safari/537.36 Edg/143.0.0.0\"}', 'web-workbench', '工作台', NULL, '{\"isLogin\":true,\"loginDeviceType\":\"PC\",\"loginId\":\"680083598598475778\",\"loginType\":\"login\",\"sessionTimeout\":2592000,\"tokenActiveTimeout\":-1,\"tokenName\":\"Token\",\"tokenSessionTimeout\":-2,\"tokenTimeout\":2592000,\"tokenValue\":\"2f8ce7bb-83b1-4434-b8d2-31739672889d\"}', '2026-01-14 14:38:43', 680083598598475778);
INSERT INTO `mdw_login_log` (`id`, `user_id`, `name`, `account`, `event_type`, `status`, `status_reason`, `auth_type`, `login_channel`, `login_date`, `login_ip`, `ip_location`, `ua`, `browser_name`, `browser_version`, `os`, `device_info`, `app_key`, `app_name`, `app_redirect`, `token_info`, `created_at`, `created_by`) VALUES (45056569167898642, 42814334246315008, '', '', '01', '01', '登录成功', '01', '01', '2026-01-14', '0:0:0:0:0:0:0:1', 'localhost', 'Mozilla/5.0 (Macintosh; Intel Mac OS X 10_15_7) AppleWebKit/537.36 (KHTML, like Gecko) Chrome/143.0.0.0 Safari/537.36 Edg/143.0.0.0', 'MSEdge', '143.0.0.0', 'OSX', NULL, 'web-console', '控制台', 'http://localhost:7710/#/auth/login', '{\"isLogin\":true,\"loginDeviceType\":\"PC\",\"loginId\":\"680083598598475778\",\"loginType\":\"login\",\"sessionTimeout\":2591989,\"tokenActiveTimeout\":-1,\"tokenName\":\"Token\",\"tokenSessionTimeout\":-2,\"tokenTimeout\":2591989,\"tokenValue\":\"2f8ce7bb-83b1-4434-b8d2-31739672889d\"}', '2026-01-14 14:38:54', 42814334246315008);
INSERT INTO `mdw_login_log` (`id`, `user_id`, `name`, `account`, `event_type`, `status`, `status_reason`, `auth_type`, `login_channel`, `login_date`, `login_ip`, `ip_location`, `ua`, `browser_name`, `browser_version`, `os`, `device_info`, `app_key`, `app_name`, `app_redirect`, `token_info`, `created_at`, `created_by`) VALUES (45056569167898643, 42814334246315008, '', '', '01', '01', '登录成功', '01', '01', '2026-01-14', '0:0:0:0:0:0:0:1', 'localhost', 'Mozilla/5.0 (Macintosh; Intel Mac OS X 10_15_7) AppleWebKit/537.36 (KHTML, like Gecko) Chrome/143.0.0.0 Safari/537.36 Edg/143.0.0.0', 'MSEdge', '143.0.0.0', 'OSX', NULL, 'web-open', '开发者中心', 'http://localhost:7720/#/auth/login', '{\"isLogin\":true,\"loginDeviceType\":\"PC\",\"loginId\":\"680083598598475778\",\"loginType\":\"login\",\"sessionTimeout\":2591981,\"tokenActiveTimeout\":-1,\"tokenName\":\"Token\",\"tokenSessionTimeout\":-2,\"tokenTimeout\":2591981,\"tokenValue\":\"2f8ce7bb-83b1-4434-b8d2-31739672889d\"}', '2026-01-14 14:39:02', 42814334246315008);
INSERT INTO `mdw_login_log` (`id`, `user_id`, `name`, `account`, `event_type`, `status`, `status_reason`, `auth_type`, `login_channel`, `login_date`, `login_ip`, `ip_location`, `ua`, `browser_name`, `browser_version`, `os`, `device_info`, `app_key`, `app_name`, `app_redirect`, `token_info`, `created_at`, `created_by`) VALUES (45056569167898644, 42814334246315008, '', '', '01', '01', '登录成功', '01', '01', '2026-01-14', '0:0:0:0:0:0:0:1', 'localhost', 'Mozilla/5.0 (Macintosh; Intel Mac OS X 10_15_7) AppleWebKit/537.36 (KHTML, like Gecko) Chrome/143.0.0.0 Safari/537.36 Edg/143.0.0.0', 'MSEdge', '143.0.0.0', 'OSX', NULL, 'web-console', '控制台', 'http://localhost:7710/#/auth/login', '{\"isLogin\":true,\"loginDeviceType\":\"PC\",\"loginId\":\"680083598598475778\",\"loginType\":\"login\",\"sessionTimeout\":2591929,\"tokenActiveTimeout\":-1,\"tokenName\":\"Token\",\"tokenSessionTimeout\":-2,\"tokenTimeout\":2591929,\"tokenValue\":\"2f8ce7bb-83b1-4434-b8d2-31739672889d\"}', '2026-01-14 14:39:54', 42814334246315008);
INSERT INTO `mdw_login_log` (`id`, `user_id`, `name`, `account`, `event_type`, `status`, `status_reason`, `auth_type`, `login_channel`, `login_date`, `login_ip`, `ip_location`, `ua`, `browser_name`, `browser_version`, `os`, `device_info`, `app_key`, `app_name`, `app_redirect`, `token_info`, `created_at`, `created_by`) VALUES (45130549979573249, 42814334246315008, '', '', '01', '01', '登录成功', '01', '01', '2026-01-14', '0:0:0:0:0:0:0:1', 'localhost', 'Mozilla/5.0 (Macintosh; Intel Mac OS X 10_15_7) AppleWebKit/537.36 (KHTML, like Gecko) Chrome/143.0.0.0 Safari/537.36 Edg/143.0.0.0', 'MSEdge', '143.0.0.0', 'OSX', NULL, 'web-open', '开发者中心', 'http://localhost:7720/#/auth/login', '{\"isLogin\":true,\"loginDeviceType\":\"PC\",\"loginId\":\"680083598598475778\",\"loginType\":\"login\",\"sessionTimeout\":2586683,\"tokenActiveTimeout\":-1,\"tokenName\":\"Token\",\"tokenSessionTimeout\":-2,\"tokenTimeout\":2586683,\"tokenValue\":\"2f8ce7bb-83b1-4434-b8d2-31739672889d\"}', '2026-01-14 16:07:20', 42814334246315008);
INSERT INTO `mdw_login_log` (`id`, `user_id`, `name`, `account`, `event_type`, `status`, `status_reason`, `auth_type`, `login_channel`, `login_date`, `login_ip`, `ip_location`, `ua`, `browser_name`, `browser_version`, `os`, `device_info`, `app_key`, `app_name`, `app_redirect`, `token_info`, `created_at`, `created_by`) VALUES (45452754131160068, 42814334246315008, '', '', '01', '01', '登录成功', '01', '01', '2026-01-15', '0:0:0:0:0:0:0:1', 'localhost', 'Mozilla/5.0 (Macintosh; Intel Mac OS X 10_15_7) AppleWebKit/537.36 (KHTML, like Gecko) Chrome/143.0.0.0 Safari/537.36 Edg/143.0.0.0', 'MSEdge', '143.0.0.0', 'OSX', NULL, 'web-open', '开发者中心', 'http://localhost:7720/#/auth/login', '{\"isLogin\":true,\"loginDeviceType\":\"PC\",\"loginId\":\"680083598598475778\",\"loginType\":\"login\",\"sessionTimeout\":2504852,\"tokenActiveTimeout\":-1,\"tokenName\":\"Token\",\"tokenSessionTimeout\":-2,\"tokenTimeout\":2504852,\"tokenValue\":\"2f8ce7bb-83b1-4434-b8d2-31739672889d\"}', '2026-01-15 14:51:11', 42814334246315008);
INSERT INTO `mdw_login_log` (`id`, `user_id`, `name`, `account`, `event_type`, `status`, `status_reason`, `auth_type`, `login_channel`, `login_date`, `login_ip`, `ip_location`, `ua`, `browser_name`, `browser_version`, `os`, `device_info`, `app_key`, `app_name`, `app_redirect`, `token_info`, `created_at`, `created_by`) VALUES (45504212134335488, 42814334246315008, '', '', '01', '01', '登录成功', '01', '01', '2026-01-15', '0:0:0:0:0:0:0:1', 'localhost', 'Mozilla/5.0 (Macintosh; Intel Mac OS X 10_15_7) AppleWebKit/537.36 (KHTML, like Gecko) Chrome/143.0.0.0 Safari/537.36 Edg/143.0.0.0', 'MSEdge', '143.0.0.0', 'OSX', NULL, 'web-open', '开发者中心', 'http://localhost:7720/#/auth/login', '{\"isLogin\":true,\"loginDeviceType\":\"PC\",\"loginId\":\"680083598598475778\",\"loginType\":\"login\",\"sessionTimeout\":2502855,\"tokenActiveTimeout\":-1,\"tokenName\":\"Token\",\"tokenSessionTimeout\":-2,\"tokenTimeout\":2495296,\"tokenValue\":\"d2361fbf-1e65-43b6-bfa0-e1fef8fe55bf\"}', '2026-01-15 15:24:28', 42814334246315008);
INSERT INTO `mdw_login_log` (`id`, `user_id`, `name`, `account`, `event_type`, `status`, `status_reason`, `auth_type`, `login_channel`, `login_date`, `login_ip`, `ip_location`, `ua`, `browser_name`, `browser_version`, `os`, `device_info`, `app_key`, `app_name`, `app_redirect`, `token_info`, `created_at`, `created_by`) VALUES (46000701763827738, 42814334246315008, '', '', '01', '01', '登录成功', '01', '01', '2026-01-16', '0:0:0:0:0:0:0:1', 'localhost', 'Mozilla/5.0 (Macintosh; Intel Mac OS X 10_15_7) AppleWebKit/537.36 (KHTML, like Gecko) Chrome/143.0.0.0 Safari/537.36 Edg/143.0.0.0', 'MSEdge', '143.0.0.0', 'OSX', NULL, 'web-console', '控制台', 'http://localhost:7710/#/auth/login', '{\"isLogin\":true,\"loginDeviceType\":\"PC\",\"loginId\":\"680083598598475778\",\"loginType\":\"login\",\"sessionTimeout\":2385999,\"tokenActiveTimeout\":-1,\"tokenName\":\"Token\",\"tokenSessionTimeout\":-2,\"tokenTimeout\":2378440,\"tokenValue\":\"d2361fbf-1e65-43b6-bfa0-e1fef8fe55bf\"}', '2026-01-16 23:52:04', 42814334246315008);
INSERT INTO `mdw_login_log` (`id`, `user_id`, `name`, `account`, `event_type`, `status`, `status_reason`, `auth_type`, `login_channel`, `login_date`, `login_ip`, `ip_location`, `ua`, `browser_name`, `browser_version`, `os`, `device_info`, `app_key`, `app_name`, `app_redirect`, `token_info`, `created_at`, `created_by`) VALUES (46000701763827739, 42814334246315008, '', '', '01', '01', '登录成功', '01', '01', '2026-01-16', '0:0:0:0:0:0:0:1', 'localhost', 'Mozilla/5.0 (Macintosh; Intel Mac OS X 10_15_7) AppleWebKit/537.36 (KHTML, like Gecko) Chrome/143.0.0.0 Safari/537.36 Edg/143.0.0.0', 'MSEdge', '143.0.0.0', 'OSX', NULL, 'web-console', '控制台', 'http://localhost:7710/#/auth/login', '{\"isLogin\":true,\"loginDeviceType\":\"PC\",\"loginId\":\"680083598598475778\",\"loginType\":\"login\",\"sessionTimeout\":2385992,\"tokenActiveTimeout\":-1,\"tokenName\":\"Token\",\"tokenSessionTimeout\":-2,\"tokenTimeout\":2378433,\"tokenValue\":\"d2361fbf-1e65-43b6-bfa0-e1fef8fe55bf\"}', '2026-01-16 23:52:11', 42814334246315008);
INSERT INTO `mdw_login_log` (`id`, `user_id`, `name`, `account`, `event_type`, `status`, `status_reason`, `auth_type`, `login_channel`, `login_date`, `login_ip`, `ip_location`, `ua`, `browser_name`, `browser_version`, `os`, `device_info`, `app_key`, `app_name`, `app_redirect`, `token_info`, `created_at`, `created_by`) VALUES (46744315221590016, 42814334246315008, '', '', '01', '01', '登录成功', '01', '01', '2026-01-18', '0:0:0:0:0:0:0:1', 'localhost', 'Mozilla/5.0 (Macintosh; Intel Mac OS X 10_15_7) AppleWebKit/537.36 (KHTML, like Gecko) Chrome/143.0.0.0 Safari/537.36 Edg/143.0.0.0', 'MSEdge', '143.0.0.0', 'OSX', NULL, 'web-console', '控制台', 'http://localhost:7710/#/auth/login', '{\"isLogin\":true,\"loginDeviceType\":\"PC\",\"loginId\":\"680083598598475778\",\"loginType\":\"login\",\"sessionTimeout\":2214201,\"tokenActiveTimeout\":-1,\"tokenName\":\"Token\",\"tokenSessionTimeout\":-2,\"tokenTimeout\":2206642,\"tokenValue\":\"d2361fbf-1e65-43b6-bfa0-e1fef8fe55bf\"}', '2026-01-18 23:35:22', 42814334246315008);
INSERT INTO `mdw_login_log` (`id`, `user_id`, `name`, `account`, `event_type`, `status`, `status_reason`, `auth_type`, `login_channel`, `login_date`, `login_ip`, `ip_location`, `ua`, `browser_name`, `browser_version`, `os`, `device_info`, `app_key`, `app_name`, `app_redirect`, `token_info`, `created_at`, `created_by`) VALUES (46744315221590017, 680083598598475778, '孙运维超管', 'ops_admin', '01', '01', '登录成功', '01', '01', '2026-01-18', '0:0:0:0:0:0:0:1', 'localhost', 'Mozilla/5.0 (Macintosh; Intel Mac OS X 10_15_7) AppleWebKit/537.36 (KHTML, like Gecko) Chrome/143.0.0.0 Safari/537.36 Edg/143.0.0.0', 'MSEdge', '143.0.0.0', 'OSX', '{\"browser\":\"Chrome\",\"browserVersion\":\"143.0.0.0\",\"deviceId\":\"PJ3XOpXFpsspRLX97Ll71768036922004\",\"os\":\"Mac OS\",\"osVersion\":\"10.15.7\",\"deviceType\":\"PC\",\"deviceModel\":\"未知\",\"screenWidth\":1800,\"screenHeight\":1169,\"pixelRatio\":2,\"userAgent\":\"Mozilla/5.0 (Macintosh; Intel Mac OS X 10_15_7) AppleWebKit/537.36 (KHTML, like Gecko) Chrome/143.0.0.0 Safari/537.36 Edg/143.0.0.0\"}', 'web-workbench', '工作台', NULL, '{\"isLogin\":true,\"loginDeviceType\":\"PC\",\"loginId\":\"680083598598475778\",\"loginType\":\"login\",\"sessionTimeout\":2592000,\"tokenActiveTimeout\":-1,\"tokenName\":\"Token\",\"tokenSessionTimeout\":-2,\"tokenTimeout\":2592000,\"tokenValue\":\"95acbde5-4f2d-4259-bcfe-9cac78aaef8f\"}', '2026-01-18 23:36:01', 680083598598475778);
INSERT INTO `mdw_login_log` (`id`, `user_id`, `name`, `account`, `event_type`, `status`, `status_reason`, `auth_type`, `login_channel`, `login_date`, `login_ip`, `ip_location`, `ua`, `browser_name`, `browser_version`, `os`, `device_info`, `app_key`, `app_name`, `app_redirect`, `token_info`, `created_at`, `created_by`) VALUES (46744315221590018, 680083598598475778, '孙运维超管', 'ops_admin', '01', '01', '登录成功', '01', '01', '2026-01-18', '0:0:0:0:0:0:0:1', 'localhost', 'Mozilla/5.0 (Macintosh; Intel Mac OS X 10_15_7) AppleWebKit/537.36 (KHTML, like Gecko) Chrome/143.0.0.0 Safari/537.36 Edg/143.0.0.0', 'MSEdge', '143.0.0.0', 'OSX', NULL, 'web-console', '控制台', 'http://localhost:7710/#/auth/login', '{\"isLogin\":true,\"loginDeviceType\":\"PC\",\"loginId\":\"680083598598475778\",\"loginType\":\"login\",\"sessionTimeout\":2591999,\"tokenActiveTimeout\":-1,\"tokenName\":\"Token\",\"tokenSessionTimeout\":-2,\"tokenTimeout\":2591999,\"tokenValue\":\"95acbde5-4f2d-4259-bcfe-9cac78aaef8f\"}', '2026-01-18 23:36:02', 680083598598475778);
INSERT INTO `mdw_login_log` (`id`, `user_id`, `name`, `account`, `event_type`, `status`, `status_reason`, `auth_type`, `login_channel`, `login_date`, `login_ip`, `ip_location`, `ua`, `browser_name`, `browser_version`, `os`, `device_info`, `app_key`, `app_name`, `app_redirect`, `token_info`, `created_at`, `created_by`) VALUES (50087620844015616, 680083598598475780, '赵管理', 'admin', '01', '01', '登录成功', '01', '01', '2026-01-27', '0:0:0:0:0:0:0:1', 'localhost', 'Mozilla/5.0 (Macintosh; Intel Mac OS X 10_15_7) AppleWebKit/537.36 (KHTML, like Gecko) Chrome/143.0.0.0 Safari/537.36 Edg/143.0.0.0', 'MSEdge', '143.0.0.0', 'OSX', '{\"browser\":\"Chrome\",\"browserVersion\":\"143.0.0.0\",\"deviceId\":\"hQkd04GsgNmP1EATe7xu1769527627428\",\"os\":\"Mac OS\",\"osVersion\":\"10.15.7\",\"deviceType\":\"PC\",\"deviceModel\":\"未知\",\"screenWidth\":1800,\"screenHeight\":1169,\"pixelRatio\":2,\"userAgent\":\"Mozilla/5.0 (Macintosh; Intel Mac OS X 10_15_7) AppleWebKit/537.36 (KHTML, like Gecko) Chrome/143.0.0.0 Safari/537.36 Edg/143.0.0.0\"}', 'web-workbench', '工作台', NULL, '{\"isLogin\":true,\"loginDeviceType\":\"PC\",\"loginId\":\"680083598598475780\",\"loginType\":\"login\",\"sessionTimeout\":2592000,\"tokenActiveTimeout\":-1,\"tokenName\":\"Token\",\"tokenSessionTimeout\":-2,\"tokenTimeout\":2592000,\"tokenValue\":\"151b4e39-ac5d-4644-beaa-cb8829b3a7b8\"}', '2026-01-27 23:28:21', 680083598598475780);
INSERT INTO `mdw_login_log` (`id`, `user_id`, `name`, `account`, `event_type`, `status`, `status_reason`, `auth_type`, `login_channel`, `login_date`, `login_ip`, `ip_location`, `ua`, `browser_name`, `browser_version`, `os`, `device_info`, `app_key`, `app_name`, `app_redirect`, `token_info`, `created_at`, `created_by`) VALUES (50087620844015617, 42814334246315008, '', '', '01', '01', '登录成功', '01', '01', '2026-01-27', '0:0:0:0:0:0:0:1', 'localhost', 'Mozilla/5.0 (Macintosh; Intel Mac OS X 10_15_7) AppleWebKit/537.36 (KHTML, like Gecko) Chrome/143.0.0.0 Safari/537.36 Edg/143.0.0.0', 'MSEdge', '143.0.0.0', 'OSX', NULL, 'web-console', '控制台', 'http://localhost:7710/#/auth/login', '{\"isLogin\":true,\"loginDeviceType\":\"PC\",\"loginId\":\"680083598598475780\",\"loginType\":\"login\",\"sessionTimeout\":2591607,\"tokenActiveTimeout\":-1,\"tokenName\":\"Token\",\"tokenSessionTimeout\":-2,\"tokenTimeout\":2591607,\"tokenValue\":\"151b4e39-ac5d-4644-beaa-cb8829b3a7b8\"}', '2026-01-27 23:34:54', 42814334246315008);
INSERT INTO `mdw_login_log` (`id`, `user_id`, `name`, `account`, `event_type`, `status`, `status_reason`, `auth_type`, `login_channel`, `login_date`, `login_ip`, `ip_location`, `ua`, `browser_name`, `browser_version`, `os`, `device_info`, `app_key`, `app_name`, `app_redirect`, `token_info`, `created_at`, `created_by`) VALUES (50087620844015618, 42814334246315008, '', '', '01', '01', '登录成功', '01', '01', '2026-01-28', '0:0:0:0:0:0:0:1', 'localhost', 'Mozilla/5.0 (Macintosh; Intel Mac OS X 10_15_7) AppleWebKit/537.36 (KHTML, like Gecko) Chrome/143.0.0.0 Safari/537.36 Edg/143.0.0.0', 'MSEdge', '143.0.0.0', 'OSX', NULL, 'web-console', '控制台', 'http://localhost:7710/#/auth/login', '{\"isLogin\":true,\"loginDeviceType\":\"PC\",\"loginId\":\"680083598598475780\",\"loginType\":\"login\",\"sessionTimeout\":2589016,\"tokenActiveTimeout\":-1,\"tokenName\":\"Token\",\"tokenSessionTimeout\":-2,\"tokenTimeout\":2589016,\"tokenValue\":\"151b4e39-ac5d-4644-beaa-cb8829b3a7b8\"}', '2026-01-28 00:18:04', 42814334246315008);
INSERT INTO `mdw_login_log` (`id`, `user_id`, `name`, `account`, `event_type`, `status`, `status_reason`, `auth_type`, `login_channel`, `login_date`, `login_ip`, `ip_location`, `ua`, `browser_name`, `browser_version`, `os`, `device_info`, `app_key`, `app_name`, `app_redirect`, `token_info`, `created_at`, `created_by`) VALUES (50087620844015619, 42814334246315008, '', '', '01', '01', '登录成功', '01', '01', '2026-01-28', '0:0:0:0:0:0:0:1', 'localhost', 'Mozilla/5.0 (Macintosh; Intel Mac OS X 10_15_7) AppleWebKit/537.36 (KHTML, like Gecko) Chrome/143.0.0.0 Safari/537.36 Edg/143.0.0.0', 'MSEdge', '143.0.0.0', 'OSX', NULL, 'web-open', '开发者中心', 'http://localhost:7720/#/auth/login', '{\"isLogin\":true,\"loginDeviceType\":\"PC\",\"loginId\":\"680083598598475780\",\"loginType\":\"login\",\"sessionTimeout\":2589015,\"tokenActiveTimeout\":-1,\"tokenName\":\"Token\",\"tokenSessionTimeout\":-2,\"tokenTimeout\":2589015,\"tokenValue\":\"151b4e39-ac5d-4644-beaa-cb8829b3a7b8\"}', '2026-01-28 00:18:06', 42814334246315008);
INSERT INTO `mdw_login_log` (`id`, `user_id`, `name`, `account`, `event_type`, `status`, `status_reason`, `auth_type`, `login_channel`, `login_date`, `login_ip`, `ip_location`, `ua`, `browser_name`, `browser_version`, `os`, `device_info`, `app_key`, `app_name`, `app_redirect`, `token_info`, `created_at`, `created_by`) VALUES (50087620844015620, 42814334246315008, '', '', '01', '01', '登录成功', '01', '01', '2026-01-28', '0:0:0:0:0:0:0:1', 'localhost', 'Mozilla/5.0 (Macintosh; Intel Mac OS X 10_15_7) AppleWebKit/537.36 (KHTML, like Gecko) Chrome/143.0.0.0 Safari/537.36 Edg/143.0.0.0', 'MSEdge', '143.0.0.0', 'OSX', NULL, 'web-console', '控制台', 'http://localhost:7710/#/auth/login', '{\"isLogin\":true,\"loginDeviceType\":\"PC\",\"loginId\":\"680083598598475780\",\"loginType\":\"login\",\"sessionTimeout\":2588991,\"tokenActiveTimeout\":-1,\"tokenName\":\"Token\",\"tokenSessionTimeout\":-2,\"tokenTimeout\":2588991,\"tokenValue\":\"151b4e39-ac5d-4644-beaa-cb8829b3a7b8\"}', '2026-01-28 00:18:30', 42814334246315008);
INSERT INTO `mdw_login_log` (`id`, `user_id`, `name`, `account`, `event_type`, `status`, `status_reason`, `auth_type`, `login_channel`, `login_date`, `login_ip`, `ip_location`, `ua`, `browser_name`, `browser_version`, `os`, `device_info`, `app_key`, `app_name`, `app_redirect`, `token_info`, `created_at`, `created_by`) VALUES (50087620844015621, 680083598598475780, '赵管理', 'admin', '01', '02', '验证码已过期', '01', '01', '2026-01-28', '0:0:0:0:0:0:0:1', 'localhost', 'Mozilla/5.0 (Macintosh; Intel Mac OS X 10_15_7) AppleWebKit/537.36 (KHTML, like Gecko) Chrome/143.0.0.0 Safari/537.36 Edg/143.0.0.0', 'MSEdge', '143.0.0.0', 'OSX', '{\"browser\":\"Chrome\",\"browserVersion\":\"143.0.0.0\",\"deviceId\":\"PJ3XOpXFpsspRLX97Ll71768036922004\",\"os\":\"Mac OS\",\"osVersion\":\"10.15.7\",\"deviceType\":\"PC\",\"deviceModel\":\"未知\",\"screenWidth\":1800,\"screenHeight\":1169,\"pixelRatio\":2,\"userAgent\":\"Mozilla/5.0 (Macintosh; Intel Mac OS X 10_15_7) AppleWebKit/537.36 (KHTML, like Gecko) Chrome/143.0.0.0 Safari/537.36 Edg/143.0.0.0\"}', NULL, NULL, NULL, NULL, '2026-01-28 00:19:56', 680083598598475780);
INSERT INTO `mdw_login_log` (`id`, `user_id`, `name`, `account`, `event_type`, `status`, `status_reason`, `auth_type`, `login_channel`, `login_date`, `login_ip`, `ip_location`, `ua`, `browser_name`, `browser_version`, `os`, `device_info`, `app_key`, `app_name`, `app_redirect`, `token_info`, `created_at`, `created_by`) VALUES (50087620844015622, 680083598598475780, '赵管理', 'admin', '01', '01', '登录成功', '01', '01', '2026-01-28', '0:0:0:0:0:0:0:1', 'localhost', 'Mozilla/5.0 (Macintosh; Intel Mac OS X 10_15_7) AppleWebKit/537.36 (KHTML, like Gecko) Chrome/143.0.0.0 Safari/537.36 Edg/143.0.0.0', 'MSEdge', '143.0.0.0', 'OSX', '{\"browser\":\"Chrome\",\"browserVersion\":\"143.0.0.0\",\"deviceId\":\"PJ3XOpXFpsspRLX97Ll71768036922004\",\"os\":\"Mac OS\",\"osVersion\":\"10.15.7\",\"deviceType\":\"PC\",\"deviceModel\":\"未知\",\"screenWidth\":1800,\"screenHeight\":1169,\"pixelRatio\":2,\"userAgent\":\"Mozilla/5.0 (Macintosh; Intel Mac OS X 10_15_7) AppleWebKit/537.36 (KHTML, like Gecko) Chrome/143.0.0.0 Safari/537.36 Edg/143.0.0.0\"}', 'web-workbench', '工作台', NULL, '{\"isLogin\":true,\"loginDeviceType\":\"PC\",\"loginId\":\"680083598598475780\",\"loginType\":\"login\",\"sessionTimeout\":2592000,\"tokenActiveTimeout\":-1,\"tokenName\":\"Token\",\"tokenSessionTimeout\":-2,\"tokenTimeout\":2592000,\"tokenValue\":\"daac99d9-cc9d-498f-871c-5abf36097d5a\"}', '2026-01-28 00:19:59', 680083598598475780);
INSERT INTO `mdw_login_log` (`id`, `user_id`, `name`, `account`, `event_type`, `status`, `status_reason`, `auth_type`, `login_channel`, `login_date`, `login_ip`, `ip_location`, `ua`, `browser_name`, `browser_version`, `os`, `device_info`, `app_key`, `app_name`, `app_redirect`, `token_info`, `created_at`, `created_by`) VALUES (50087620844015623, 42814334246315008, '', '', '01', '01', '登录成功', '01', '01', '2026-01-28', '0:0:0:0:0:0:0:1', 'localhost', 'Mozilla/5.0 (Macintosh; Intel Mac OS X 10_15_7) AppleWebKit/537.36 (KHTML, like Gecko) Chrome/143.0.0.0 Safari/537.36 Edg/143.0.0.0', 'MSEdge', '143.0.0.0', 'OSX', NULL, 'web-console', '控制台', 'http://localhost:7710/#/auth/login', '{\"isLogin\":true,\"loginDeviceType\":\"PC\",\"loginId\":\"680083598598475780\",\"loginType\":\"login\",\"sessionTimeout\":2591982,\"tokenActiveTimeout\":-1,\"tokenName\":\"Token\",\"tokenSessionTimeout\":-2,\"tokenTimeout\":2591982,\"tokenValue\":\"daac99d9-cc9d-498f-871c-5abf36097d5a\"}', '2026-01-28 00:20:17', 42814334246315008);
INSERT INTO `mdw_login_log` (`id`, `user_id`, `name`, `account`, `event_type`, `status`, `status_reason`, `auth_type`, `login_channel`, `login_date`, `login_ip`, `ip_location`, `ua`, `browser_name`, `browser_version`, `os`, `device_info`, `app_key`, `app_name`, `app_redirect`, `token_info`, `created_at`, `created_by`) VALUES (50087620844015624, 42814334246315008, '', '', '01', '01', '登录成功', '01', '01', '2026-01-28', '0:0:0:0:0:0:0:1', 'localhost', 'Mozilla/5.0 (Macintosh; Intel Mac OS X 10_15_7) AppleWebKit/537.36 (KHTML, like Gecko) Chrome/143.0.0.0 Safari/537.36 Edg/143.0.0.0', 'MSEdge', '143.0.0.0', 'OSX', NULL, 'web-console', '控制台', 'http://localhost:7710/#/auth/login', '{\"isLogin\":true,\"loginDeviceType\":\"PC\",\"loginId\":\"680083598598475780\",\"loginType\":\"login\",\"sessionTimeout\":2591749,\"tokenActiveTimeout\":-1,\"tokenName\":\"Token\",\"tokenSessionTimeout\":-2,\"tokenTimeout\":2591749,\"tokenValue\":\"daac99d9-cc9d-498f-871c-5abf36097d5a\"}', '2026-01-28 00:24:10', 42814334246315008);
INSERT INTO `mdw_login_log` (`id`, `user_id`, `name`, `account`, `event_type`, `status`, `status_reason`, `auth_type`, `login_channel`, `login_date`, `login_ip`, `ip_location`, `ua`, `browser_name`, `browser_version`, `os`, `device_info`, `app_key`, `app_name`, `app_redirect`, `token_info`, `created_at`, `created_by`) VALUES (50087620844015625, 42814334246315008, '', '', '01', '01', '登录成功', '01', '01', '2026-01-28', '0:0:0:0:0:0:0:1', 'localhost', 'Mozilla/5.0 (Macintosh; Intel Mac OS X 10_15_7) AppleWebKit/537.36 (KHTML, like Gecko) Chrome/143.0.0.0 Safari/537.36 Edg/143.0.0.0', 'MSEdge', '143.0.0.0', 'OSX', NULL, 'web-console', '控制台', 'http://localhost:7710/#/auth/login', '{\"isLogin\":true,\"loginDeviceType\":\"PC\",\"loginId\":\"680083598598475780\",\"loginType\":\"login\",\"sessionTimeout\":2591728,\"tokenActiveTimeout\":-1,\"tokenName\":\"Token\",\"tokenSessionTimeout\":-2,\"tokenTimeout\":2591728,\"tokenValue\":\"daac99d9-cc9d-498f-871c-5abf36097d5a\"}', '2026-01-28 00:24:31', 42814334246315008);
INSERT INTO `mdw_login_log` (`id`, `user_id`, `name`, `account`, `event_type`, `status`, `status_reason`, `auth_type`, `login_channel`, `login_date`, `login_ip`, `ip_location`, `ua`, `browser_name`, `browser_version`, `os`, `device_info`, `app_key`, `app_name`, `app_redirect`, `token_info`, `created_at`, `created_by`) VALUES (50087620844015626, 42814334246315008, '', '', '01', '01', '登录成功', '01', '01', '2026-01-28', '0:0:0:0:0:0:0:1', 'localhost', 'Mozilla/5.0 (Macintosh; Intel Mac OS X 10_15_7) AppleWebKit/537.36 (KHTML, like Gecko) Chrome/143.0.0.0 Safari/537.36 Edg/143.0.0.0', 'MSEdge', '143.0.0.0', 'OSX', NULL, 'web-open', '开发者中心', 'http://localhost:7720/#/auth/login', '{\"isLogin\":true,\"loginDeviceType\":\"PC\",\"loginId\":\"680083598598475780\",\"loginType\":\"login\",\"sessionTimeout\":2590683,\"tokenActiveTimeout\":-1,\"tokenName\":\"Token\",\"tokenSessionTimeout\":-2,\"tokenTimeout\":2590683,\"tokenValue\":\"daac99d9-cc9d-498f-871c-5abf36097d5a\"}', '2026-01-28 00:41:56', 42814334246315008);
COMMIT;

-- ----------------------------
-- Table structure for worker_node
-- ----------------------------
DROP TABLE IF EXISTS `worker_node`;
CREATE TABLE `worker_node` (
  `id` bigint NOT NULL AUTO_INCREMENT COMMENT 'auto;increment id',
  `host_name` varchar(64) CHARACTER SET utf8mb4 COLLATE utf8mb4_general_ci NOT NULL COMMENT '主机名',
  `port` varchar(64) CHARACTER SET utf8mb4 COLLATE utf8mb4_general_ci NOT NULL COMMENT '端口',
  `type` int NOT NULL COMMENT '节点类型:;ACTUAL 或者 CONTAINER',
  `launch_date` date NOT NULL COMMENT '上线日期',
  `modified` timestamp NULL DEFAULT NULL COMMENT '修改时间',
  `created` timestamp NULL DEFAULT NULL COMMENT '创建时间',
  PRIMARY KEY (`id`) USING BTREE
) ENGINE=InnoDB AUTO_INCREMENT=853 DEFAULT CHARSET=utf8mb4 COLLATE=utf8mb4_general_ci COMMENT='DB;WorkerID Assigner for UID Generator';

-- ----------------------------
-- Records of worker_node
-- ----------------------------
BEGIN;
COMMIT;

SET FOREIGN_KEY_CHECKS = 1;
